unit_no,RUL_true,RUL_pred_005,RUL_pred_05,RUL_pred_095
1.0,112.0,90.76124,136.82964,227.4095
2.0,116.0,71.3238,133.04211,191.63533
2.0,115.0,75.19289,132.51733,162.07578
2.0,114.0,84.96961,123.89687,185.69827
2.0,113.0,71.11426,125.84001,180.0501
2.0,112.0,108.72971,131.59856,192.87627
2.0,111.0,79.93748,128.46722,187.70753
2.0,110.0,84.13009,131.39459,175.1329
2.0,109.0,92.098694,137.41797,215.57312
2.0,108.0,83.75282,138.30464,162.2968
2.0,107.0,80.363014,133.2392,170.17502
2.0,106.0,86.547226,122.946304,182.80302
2.0,105.0,80.615555,134.95409,186.69456
2.0,104.0,70.93426,104.47704,179.73318
2.0,103.0,71.3012,123.109856,168.8908
2.0,102.0,59.255123,120.155075,144.35979
2.0,101.0,75.17337,120.84248,186.4524
2.0,100.0,67.6039,107.69539,196.97235
2.0,99.0,74.96497,127.75227,188.97778
2.0,98.0,73.50562,121.50446,184.65005
3.0,164.0,71.54238,105.66648,218.09047
3.0,163.0,63.60989,97.931,185.70132
3.0,162.0,73.16773,118.874176,165.40096
3.0,161.0,62.67965,102.8084,128.7422
3.0,160.0,64.35148,94.934296,180.17148
3.0,159.0,78.27257,92.264565,140.55574
3.0,158.0,69.60147,98.64605,157.80986
3.0,157.0,83.96356,103.55807,161.7185
3.0,156.0,60.456387,117.86712,172.96129
3.0,155.0,64.598915,113.28738,156.19289
3.0,154.0,57.66999,113.336586,166.32747
3.0,153.0,67.48498,110.444626,144.85127
3.0,152.0,71.07528,115.27492,185.97777
3.0,151.0,77.68565,114.93704,202.55025
3.0,150.0,72.65687,124.888374,155.8597
3.0,149.0,84.37731,110.69716,153.58865
3.0,148.0,72.07478,109.67099,193.64572
3.0,147.0,60.759167,108.034706,220.098
3.0,146.0,66.36151,128.28925,174.22488
3.0,145.0,66.0595,124.5418,148.1679
3.0,144.0,60.66202,118.974525,172.98828
3.0,143.0,65.0697,122.600204,153.54881
3.0,142.0,64.89631,114.79896,225.15686
3.0,141.0,69.56172,122.190475,161.71423
3.0,140.0,78.01987,117.037766,163.0687
3.0,139.0,64.856476,115.64291,185.9714
3.0,138.0,64.81662,120.23566,186.41357
3.0,137.0,72.644226,113.41529,177.2591
3.0,136.0,67.31484,100.73536,147.88466
3.0,135.0,67.36679,112.169266,152.81833
3.0,134.0,62.720875,107.4509,173.53378
3.0,133.0,67.141754,119.05682,173.47545
3.0,132.0,74.09189,121.36689,163.54842
3.0,131.0,62.00067,107.08427,183.51779
3.0,130.0,58.580658,111.8769,133.35783
3.0,129.0,62.080093,114.23597,215.58842
3.0,128.0,56.21107,119.84034,161.22012
3.0,127.0,65.61626,120.66896,172.59666
3.0,126.0,65.0588,116.159485,187.79678
3.0,125.0,59.129166,115.088646,196.98155
3.0,124.0,61.69415,118.40821,172.26839
3.0,123.0,87.6844,116.66248,170.37944
3.0,122.0,70.37749,113.6204,164.68398
3.0,121.0,60.269768,112.1419,159.03036
3.0,120.0,61.82621,120.09963,175.12508
3.0,119.0,68.92484,108.9009,156.96783
3.0,118.0,54.09668,108.08367,177.36122
3.0,117.0,67.62315,99.70906,157.98549
3.0,116.0,58.180233,118.03767,179.1449
3.0,115.0,56.68877,111.59255,135.75464
3.0,114.0,63.74697,99.481575,149.51161
3.0,113.0,63.79603,114.377,170.37823
3.0,112.0,64.77398,119.05037,176.79166
3.0,111.0,74.95457,113.90069,143.25966
3.0,110.0,66.85572,119.2356,151.60826
3.0,109.0,59.389267,123.884796,170.76869
3.0,108.0,70.2529,121.95038,170.68027
3.0,107.0,63.663895,106.30284,180.89247
3.0,106.0,56.01539,98.00942,136.25404
3.0,105.0,63.63506,99.91933,120.13999
3.0,104.0,60.301342,109.918236,121.95015
3.0,103.0,60.512787,115.25699,180.31834
3.0,102.0,67.107956,103.90329,173.52614
3.0,101.0,66.33083,112.76267,161.32211
3.0,100.0,59.3257,107.8303,159.12201
3.0,99.0,59.46697,107.830086,163.11299
3.0,98.0,62.82475,110.984764,142.83456
3.0,97.0,58.85027,103.50144,177.66866
3.0,96.0,59.508453,122.40921,177.73169
3.0,95.0,68.67632,109.012505,148.46683
3.0,94.0,94.64423,116.020195,148.56456
3.0,93.0,56.74627,112.09131,160.24979
3.0,92.0,59.15101,100.31965,147.28648
3.0,91.0,63.503742,107.005,145.76924
3.0,90.0,58.619766,107.376526,163.74103
3.0,89.0,47.00444,102.975624,156.83585
3.0,88.0,60.06585,94.90523,118.02623
3.0,87.0,57.080418,108.004395,138.77864
3.0,86.0,56.554752,90.73191,142.1642
3.0,85.0,61.671383,97.043655,138.06824
3.0,84.0,68.026665,113.85426,131.44571
3.0,83.0,56.64816,88.54408,129.57532
3.0,82.0,43.611465,90.467705,108.232956
3.0,81.0,44.575268,80.54041,132.92746
3.0,80.0,36.240654,79.69101,101.62008
3.0,79.0,53.97828,74.039024,96.84915
3.0,78.0,50.092365,70.93624,127.04979
3.0,77.0,43.694847,66.262085,107.66494
3.0,76.0,49.37854,69.956604,114.10986
3.0,75.0,49.47959,82.43106,101.68109
3.0,74.0,45.53387,67.75455,101.31098
3.0,73.0,51.809914,66.32982,86.180305
3.0,72.0,40.072075,69.12938,106.14865
3.0,71.0,42.47806,67.08645,71.08326
3.0,70.0,39.264923,83.87836,104.96461
3.0,69.0,36.45939,71.43373,114.86087
4.0,157.0,75.63139,122.84706,206.15796
4.0,156.0,79.36648,124.27625,253.83939
4.0,155.0,78.535164,123.965355,166.17986
4.0,154.0,74.70031,124.05592,205.84961
4.0,153.0,77.677155,127.20281,188.17883
4.0,152.0,72.05668,123.052666,192.09338
4.0,151.0,84.232376,129.62865,204.84207
4.0,150.0,73.10565,127.002174,182.9462
4.0,149.0,72.1935,115.176285,173.54373
4.0,148.0,74.45578,135.35461,203.83438
4.0,147.0,73.142975,126.12993,191.30199
4.0,146.0,73.91205,130.2899,202.3286
4.0,145.0,67.9486,139.67876,243.84135
4.0,144.0,68.05477,120.517105,187.91034
4.0,143.0,78.82255,123.25272,193.18488
4.0,142.0,73.01686,124.467445,208.13715
4.0,141.0,92.73732,106.256226,163.55878
4.0,140.0,69.32165,113.51034,195.59729
4.0,139.0,64.22389,113.49096,209.24434
4.0,138.0,98.23756,121.76566,170.47993
4.0,137.0,75.36315,124.270584,191.24158
4.0,136.0,75.85258,125.69552,214.38284
4.0,135.0,77.51893,137.91727,197.99301
4.0,134.0,76.64835,114.67564,207.28764
4.0,133.0,79.99189,116.61186,159.85841
4.0,132.0,70.70984,121.4727,209.1746
4.0,131.0,68.066505,115.84394,202.15996
4.0,130.0,68.556885,115.250336,184.00981
4.0,129.0,66.9645,117.69455,168.06248
4.0,128.0,71.07318,116.204384,197.50589
4.0,127.0,68.37437,129.50687,158.2777
4.0,126.0,74.430626,122.57412,174.18954
4.0,125.0,92.52747,122.9694,192.04489
4.0,124.0,71.69592,116.3167,158.18585
4.0,123.0,79.87265,114.23853,201.85852
4.0,122.0,79.59343,110.968025,180.44983
4.0,121.0,84.350746,110.35246,182.50581
4.0,120.0,70.058365,114.46868,185.71269
4.0,119.0,73.50565,111.8896,176.60425
4.0,118.0,70.57061,117.993675,203.80167
4.0,117.0,67.89298,113.40545,159.9077
4.0,116.0,84.704926,104.30429,160.76787
4.0,115.0,61.843533,112.338905,183.28592
4.0,114.0,66.89214,108.436005,157.28665
4.0,113.0,65.34664,105.95415,144.21701
4.0,112.0,58.464905,106.99152,163.09026
4.0,111.0,58.110615,100.369064,124.705
4.0,110.0,56.906013,94.64693,165.57266
4.0,109.0,57.35056,92.14325,159.36688
4.0,108.0,67.620636,109.11332,144.97452
4.0,107.0,69.35243,103.03181,188.30614
4.0,106.0,58.458733,107.28325,170.91322
4.0,105.0,81.58067,108.14842,166.53596
4.0,104.0,66.13414,116.60147,166.68176
4.0,103.0,65.33973,114.16171,184.49792
4.0,102.0,63.99511,118.79645,149.23424
4.0,101.0,58.133053,110.845314,159.02887
4.0,100.0,67.78036,98.163826,126.86319
4.0,99.0,70.96614,110.38059,135.1445
4.0,98.0,67.50596,108.95633,165.28214
4.0,97.0,64.89721,101.3026,155.5643
4.0,96.0,71.04929,99.31074,183.62576
4.0,95.0,64.95669,112.21069,173.58029
4.0,94.0,59.968857,116.96684,157.21214
4.0,93.0,71.4913,118.47491,147.15392
4.0,92.0,63.32084,109.99294,179.05215
4.0,91.0,58.50716,113.936035,124.50698
4.0,90.0,69.32071,105.58495,148.06343
4.0,89.0,71.75304,104.86813,134.55655
4.0,88.0,57.88401,105.03225,144.68462
4.0,87.0,71.4174,98.96153,137.04579
4.0,86.0,50.73852,90.28317,120.45159
4.0,85.0,61.013577,112.029495,123.48064
4.0,84.0,60.31369,104.19979,157.9664
4.0,83.0,60.552494,101.10284,144.84682
4.0,82.0,61.83063,109.707245,125.23553
5.0,158.0,69.64703,105.79688,143.5246
5.0,157.0,76.772285,126.60877,188.19511
5.0,156.0,92.37428,123.991776,181.94594
5.0,155.0,78.03951,128.30634,187.64534
5.0,154.0,78.860565,134.42862,204.42357
5.0,153.0,80.81764,133.54475,178.42017
5.0,152.0,72.7275,135.91058,168.29141
5.0,151.0,74.21719,122.1059,193.8576
5.0,150.0,69.561676,132.41866,218.34488
5.0,149.0,84.26877,138.87947,202.82925
5.0,148.0,71.161026,120.80071,193.36214
5.0,147.0,65.38306,106.95872,163.75781
5.0,146.0,81.38568,97.46401,162.5232
5.0,145.0,69.45389,116.96956,175.22263
5.0,144.0,98.0212,103.95316,190.15457
5.0,143.0,69.66991,100.840256,187.2456
5.0,142.0,67.263664,114.929794,177.51646
5.0,141.0,71.17878,100.56575,187.13809
5.0,140.0,72.004715,111.08209,204.62175
5.0,139.0,52.383057,115.31296,172.98802
5.0,138.0,73.095345,106.69485,183.38402
5.0,137.0,67.26368,109.842445,203.12729
5.0,136.0,74.59246,107.612045,197.92046
5.0,135.0,63.72289,110.136375,173.62369
5.0,134.0,72.49079,121.09977,193.91162
5.0,133.0,72.649734,95.21,175.81616
5.0,132.0,66.16114,118.686104,209.02869
5.0,131.0,80.735344,136.04614,190.0703
5.0,130.0,78.371315,114.42624,203.26024
5.0,129.0,71.69653,116.15114,154.69493
5.0,128.0,70.00478,107.61191,194.85509
5.0,127.0,65.34682,122.07335,228.93224
5.0,126.0,65.49275,114.46619,171.35594
5.0,125.0,72.28276,117.08128,170.31982
5.0,124.0,75.04803,114.37824,181.48857
5.0,123.0,73.673706,125.07068,180.52428
5.0,122.0,68.29046,120.34194,193.90184
5.0,121.0,74.51571,125.66944,193.5198
5.0,120.0,69.92785,112.46263,138.39507
5.0,119.0,68.46252,110.86137,210.09607
5.0,118.0,62.126602,111.429634,163.80276
5.0,117.0,66.18536,118.721596,183.60426
5.0,116.0,61.05731,109.22056,170.36383
5.0,115.0,62.368774,111.59915,187.62483
5.0,114.0,49.391815,92.1729,142.22768
5.0,113.0,65.944534,101.79342,166.08351
5.0,112.0,55.88516,102.08629,169.20993
5.0,111.0,59.815395,110.28304,159.33313
5.0,110.0,71.33057,106.69448,104.927986
5.0,109.0,59.27741,112.7234,161.05986
5.0,108.0,80.52855,111.60289,184.66815
5.0,107.0,58.14632,110.16093,172.46541
5.0,106.0,70.09417,111.77266,195.2429
5.0,105.0,70.45217,114.83057,155.17253
5.0,104.0,71.31328,122.62066,183.69824
5.0,103.0,69.2625,113.48694,155.42073
5.0,102.0,79.28622,120.43888,167.97719
5.0,101.0,64.76212,105.64431,161.12662
5.0,100.0,69.48811,104.0493,183.79976
5.0,99.0,59.940456,111.52669,175.03516
5.0,98.0,67.68595,116.62266,146.33105
5.0,97.0,60.1423,113.316605,154.64697
5.0,96.0,84.91047,120.09531,174.20526
5.0,95.0,50.237732,102.234695,151.51321
5.0,94.0,59.350975,110.27336,194.8459
5.0,93.0,48.325584,91.90583,173.35915
5.0,92.0,52.814953,99.37386,156.78583
5.0,91.0,56.911446,101.08268,178.6919
6.0,167.0,79.89058,132.13849,221.01973
6.0,166.0,76.4044,116.83636,209.8436
6.0,165.0,68.30159,111.99142,204.60313
6.0,164.0,65.78981,110.42234,186.79889
6.0,163.0,71.05501,119.97594,221.6628
6.0,162.0,77.30614,122.88114,231.80067
6.0,161.0,77.332985,125.592125,194.32214
6.0,160.0,75.45765,128.9297,208.06056
6.0,159.0,77.16165,126.7169,201.52318
6.0,158.0,65.22501,125.82203,197.442
6.0,157.0,77.62706,126.99221,164.90059
6.0,156.0,74.740845,124.126274,228.036
6.0,155.0,78.47892,131.17896,165.22011
6.0,154.0,76.36485,119.71987,217.96323
6.0,153.0,72.13623,116.28236,199.22452
6.0,152.0,69.63177,112.84032,183.76701
6.0,151.0,70.52211,105.13046,159.90498
6.0,150.0,71.86155,107.50474,194.9849
6.0,149.0,76.45403,125.2148,213.45178
6.0,148.0,76.27507,125.904976,260.85724
6.0,147.0,77.38945,135.92395,196.25827
6.0,146.0,78.49643,135.86923,193.15332
6.0,145.0,83.98092,124.94562,206.2451
6.0,144.0,78.984566,123.975746,189.02553
6.0,143.0,79.59471,131.15094,199.35736
6.0,142.0,78.90397,124.47676,220.46854
6.0,141.0,73.3846,137.92169,200.23068
6.0,140.0,72.94116,117.146866,204.73376
6.0,139.0,70.44951,134.78728,183.82962
6.0,138.0,69.71853,134.76494,230.10168
6.0,137.0,79.079735,123.58282,229.45236
6.0,136.0,75.88125,125.3322,199.95985
6.0,135.0,65.22954,116.5344,214.9138
6.0,134.0,62.685204,107.78999,196.50906
6.0,133.0,65.546196,110.923546,168.41608
6.0,132.0,64.83485,94.35888,201.17863
6.0,131.0,63.902996,97.00324,173.89479
6.0,130.0,69.97753,118.55716,203.5672
6.0,129.0,70.23432,122.03241,161.57567
6.0,128.0,64.04445,118.939186,176.33763
6.0,127.0,73.93731,118.73726,202.46931
6.0,126.0,82.756645,124.292206,208.27531
6.0,125.0,71.19529,119.10354,158.78175
6.0,124.0,73.85024,137.97285,184.04466
6.0,123.0,67.72206,120.09014,184.99144
6.0,122.0,62.18542,118.35796,211.38992
6.0,121.0,67.82831,119.2278,152.2011
6.0,120.0,104.92915,121.93083,154.05411
6.0,119.0,77.048225,119.86598,188.93253
6.0,118.0,61.81548,118.25107,178.18661
6.0,117.0,66.046455,99.82027,160.48116
6.0,116.0,68.77561,121.2876,173.10655
6.0,115.0,65.876396,111.436676,180.90802
6.0,114.0,72.01421,103.645935,151.06483
6.0,113.0,85.97787,116.0922,195.24687
6.0,112.0,64.0414,122.37852,167.61623
6.0,111.0,62.961174,118.34242,158.48132
6.0,110.0,73.40301,117.58491,177.46555
6.0,109.0,67.09027,117.33345,206.8145
6.0,108.0,78.93956,112.01852,118.941765
6.0,107.0,78.37732,113.2329,199.7511
6.0,106.0,66.051895,124.31406,159.42886
6.0,105.0,70.945496,116.810814,167.58676
6.0,104.0,69.61867,127.82513,157.14848
6.0,103.0,67.069,130.18877,174.67801
6.0,102.0,70.80617,120.18622,170.05588
6.0,101.0,65.60419,110.30009,152.76701
6.0,100.0,58.278397,124.83045,178.12415
6.0,99.0,74.07704,112.62162,177.21269
6.0,98.0,59.282314,125.86841,215.66501
6.0,97.0,71.701515,113.04571,172.26292
6.0,96.0,61.02056,103.691475,184.65907
6.0,95.0,66.856415,92.91578,156.68709
6.0,94.0,73.04732,99.31578,119.011665
6.0,93.0,68.58514,106.94937,176.43729
7.0,220.0,111.18608,152.44414,210.07002
7.0,219.0,112.92956,149.81038,241.62756
7.0,218.0,111.290794,162.69366,217.24255
7.0,217.0,122.80688,157.83197,223.20695
7.0,216.0,111.20082,163.85924,222.50102
7.0,215.0,115.32448,156.55072,223.80666
7.0,214.0,113.34073,138.36223,207.57526
7.0,213.0,107.82633,141.68063,215.83147
7.0,212.0,101.03768,140.20337,217.65295
7.0,211.0,110.76433,153.86899,219.44487
7.0,210.0,105.44,143.74586,203.31842
7.0,209.0,103.09926,145.35066,208.48183
7.0,208.0,102.785866,151.63258,233.15706
7.0,207.0,105.4844,154.39386,216.08888
7.0,206.0,112.01578,136.04166,197.98187
7.0,205.0,106.31628,150.52667,249.95193
7.0,204.0,105.60471,157.16812,195.41405
7.0,203.0,107.47378,152.66808,225.9708
7.0,202.0,104.90835,148.29979,210.83223
7.0,201.0,110.18065,152.30325,203.58743
7.0,200.0,105.14462,148.23466,219.11633
7.0,199.0,108.81026,140.53673,194.206
7.0,198.0,123.76291,147.28001,196.72075
7.0,197.0,109.51387,153.41513,218.55414
7.0,196.0,109.26519,155.87529,199.28537
7.0,195.0,111.709564,160.84448,211.2234
7.0,194.0,107.18792,143.14406,212.44809
7.0,193.0,116.917404,156.81079,240.4241
7.0,192.0,113.99437,156.18866,215.04561
7.0,191.0,114.68072,162.76851,218.92284
7.0,190.0,115.27424,152.9832,211.45894
7.0,189.0,111.93223,155.13524,282.08368
7.0,188.0,111.120895,170.27966,213.43835
7.0,187.0,106.98837,164.62595,209.74301
7.0,186.0,111.41746,157.54329,205.83316
7.0,185.0,110.39785,152.19316,218.38092
7.0,184.0,111.81088,155.28836,209.23987
7.0,183.0,102.84896,145.67886,206.61647
7.0,182.0,108.09847,141.77534,213.14943
7.0,181.0,100.22403,139.58704,236.1103
7.0,180.0,106.95671,146.48615,233.62675
7.0,179.0,95.67154,153.03505,202.69498
7.0,178.0,113.00308,165.99144,233.20807
7.0,177.0,103.81588,155.57616,231.5169
7.0,176.0,101.91426,141.59981,204.29372
7.0,175.0,103.342926,154.74937,203.21097
7.0,174.0,110.28802,149.26892,221.41745
7.0,173.0,94.37336,137.96931,225.45871
7.0,172.0,95.045845,140.92719,209.14073
7.0,171.0,99.11897,135.72063,210.03894
7.0,170.0,97.09376,140.16035,238.07133
7.0,169.0,97.6026,132.74638,200.59369
7.0,168.0,94.88569,134.68393,216.48134
7.0,167.0,103.78709,141.34962,215.0228
7.0,166.0,77.45404,147.93787,200.34438
7.0,165.0,111.72543,127.687,202.90392
7.0,164.0,105.36427,145.77159,244.44493
7.0,163.0,110.15853,122.965996,211.9494
7.0,162.0,101.0041,121.75485,204.32663
7.0,161.0,96.95123,130.2341,201.6399
7.0,160.0,102.26374,130.86967,191.08781
7.0,159.0,98.06526,141.764,214.38576
7.0,158.0,111.41064,134.28781,220.9247
7.0,157.0,107.832214,151.39073,207.65349
7.0,156.0,111.138466,139.13538,191.27013
7.0,155.0,102.07119,145.23943,209.8212
7.0,154.0,113.432655,165.82039,224.79362
7.0,153.0,105.78328,148.66801,207.78445
7.0,152.0,113.583984,143.56293,202.5466
7.0,151.0,102.362114,146.79309,209.19305
7.0,150.0,103.337456,136.95177,206.2112
7.0,149.0,90.930954,130.42273,195.73328
7.0,148.0,92.55622,130.61034,211.30533
7.0,147.0,105.965866,133.57361,206.25522
7.0,146.0,96.61002,140.83012,229.74294
7.0,145.0,100.8125,143.30136,213.93213
7.0,144.0,113.100815,157.16371,216.98476
7.0,143.0,122.20925,139.08493,208.53703
7.0,142.0,94.62666,133.66162,224.42937
7.0,141.0,105.949715,140.42139,199.72997
7.0,140.0,103.7274,135.72954,222.12956
7.0,139.0,90.48381,131.18565,217.70798
7.0,138.0,90.85313,140.41933,208.48631
7.0,137.0,111.84795,131.10701,196.42378
7.0,136.0,95.57721,122.04757,205.8243
7.0,135.0,86.727905,121.93301,256.8688
7.0,134.0,88.191414,126.52761,203.17168
7.0,133.0,90.65411,120.89849,210.28935
7.0,132.0,96.44727,112.94675,235.96947
7.0,131.0,92.89831,120.0006,201.22366
7.0,130.0,77.90536,99.59098,203.5991
7.0,129.0,78.20184,109.607574,217.43094
7.0,128.0,97.69321,120.530754,203.3599
7.0,127.0,93.76035,120.65174,197.58755
7.0,126.0,96.80386,115.81075,203.00494
7.0,125.0,96.4048,126.20381,210.28276
7.0,124.0,87.069756,117.33496,225.24019
7.0,123.0,139.20555,122.373146,202.58705
7.0,122.0,95.07146,131.08345,203.37819
7.0,121.0,94.0806,119.46862,202.78705
7.0,120.0,88.834145,117.60654,199.50835
7.0,119.0,89.84239,114.17968,232.32076
7.0,118.0,81.66821,123.29021,214.02266
7.0,117.0,88.83792,119.69871,192.03758
7.0,116.0,94.56999,128.05518,184.92805
7.0,115.0,95.3846,118.88349,200.25919
7.0,114.0,104.58247,124.5455,199.55165
7.0,113.0,81.51366,102.42966,228.4355
7.0,112.0,84.77092,108.542305,221.41394
7.0,111.0,87.66735,106.83,177.04825
7.0,110.0,91.44676,113.14819,238.96736
7.0,109.0,83.11503,107.85029,199.01123
7.0,108.0,78.77309,104.51761,188.2355
7.0,107.0,81.02468,110.69638,166.20813
7.0,106.0,75.360466,104.0463,205.30965
7.0,105.0,79.74778,98.15614,205.66716
7.0,104.0,72.30334,95.68525,190.04668
7.0,103.0,75.457855,104.15874,167.27664
7.0,102.0,72.14911,93.71411,208.93439
7.0,101.0,86.50412,102.255455,202.3816
7.0,100.0,75.70542,97.67517,194.95564
7.0,99.0,69.2657,104.17597,176.31734
7.0,98.0,80.779205,107.68285,219.56029
7.0,97.0,79.688416,109.88449,244.17303
7.0,96.0,72.44426,105.90173,183.39055
7.0,95.0,72.90427,104.58256,170.34386
7.0,94.0,77.56177,117.11664,213.5495
7.0,93.0,84.42199,106.894485,196.83943
7.0,92.0,78.425186,103.53958,199.20018
7.0,91.0,77.879,95.74881,181.34608
8.0,230.0,82.16486,124.1035,199.42188
8.0,229.0,87.34488,129.43909,183.93756
8.0,228.0,76.72725,113.31168,226.35785
8.0,227.0,86.90104,120.96374,234.87888
8.0,226.0,81.271034,122.4489,204.38063
8.0,225.0,90.96617,138.55315,214.62108
8.0,224.0,75.80187,120.29495,193.22005
8.0,223.0,82.100075,122.49524,206.62775
8.0,222.0,79.683525,120.60893,189.85846
8.0,221.0,83.97881,133.36049,202.9421
8.0,220.0,78.13452,135.52365,211.75107
8.0,219.0,89.687004,133.38422,187.21588
8.0,218.0,82.13256,140.56285,173.53352
8.0,217.0,76.18597,133.08432,187.02106
8.0,216.0,82.988846,134.0277,212.84955
8.0,215.0,90.72641,134.26212,186.5469
8.0,214.0,87.9167,133.7513,208.60646
8.0,213.0,90.889305,114.0806,180.15106
8.0,212.0,79.70652,126.54847,192.92313
8.0,211.0,88.70019,134.04553,184.37398
8.0,210.0,70.12012,117.18691,195.64613
8.0,209.0,89.96513,127.87801,213.60402
8.0,208.0,117.39888,126.48259,191.01634
8.0,207.0,81.51966,130.36516,203.71425
8.0,206.0,76.1278,119.48368,173.72885
8.0,205.0,80.97868,117.71728,187.13426
8.0,204.0,75.82291,110.86906,207.07466
8.0,203.0,78.20878,104.22816,198.736
8.0,202.0,79.97367,122.55883,178.66039
8.0,201.0,85.743454,127.46167,186.33435
8.0,200.0,82.4288,127.01899,195.56644
8.0,199.0,84.7742,132.86365,197.38385
8.0,198.0,85.717606,133.55663,171.33852
8.0,197.0,81.39612,131.08635,217.29614
8.0,196.0,89.70173,140.97807,219.48538
8.0,195.0,73.109604,135.61115,183.19577
8.0,194.0,83.529076,132.59985,209.05052
8.0,193.0,95.156624,128.70798,187.85089
8.0,192.0,81.322495,138.88292,233.69064
8.0,191.0,91.95431,132.49174,198.21996
8.0,190.0,75.35291,130.00673,190.7132
8.0,189.0,100.27834,113.73691,179.19676
8.0,188.0,79.76269,124.34569,224.49954
8.0,187.0,75.04207,137.13324,203.69162
8.0,186.0,76.865456,133.80507,233.19162
8.0,185.0,81.87552,134.54506,190.71024
8.0,184.0,84.37139,115.77798,187.85901
8.0,183.0,86.2004,139.38121,210.44571
8.0,182.0,91.1757,137.34761,199.7163
8.0,181.0,95.94424,131.48955,229.90132
8.0,180.0,88.177284,131.73253,216.29913
8.0,179.0,81.73782,128.45438,199.65147
8.0,178.0,72.83739,140.12671,186.28755
8.0,177.0,68.816284,134.32239,229.54054
8.0,176.0,75.08837,130.59903,192.78462
8.0,175.0,82.00178,129.67871,184.78008
8.0,174.0,74.02235,125.046844,182.64746
8.0,173.0,72.399025,124.770096,207.17662
8.0,172.0,76.05816,127.67995,185.6712
8.0,171.0,83.073074,129.48502,213.60866
8.0,170.0,72.43434,114.68469,175.31601
8.0,169.0,87.84035,118.58477,199.21059
8.0,168.0,78.44685,119.5755,175.17677
8.0,167.0,68.86262,112.20297,187.0109
8.0,166.0,64.20948,123.155594,176.78812
8.0,165.0,61.46897,120.78428,223.35541
8.0,164.0,71.20824,137.70898,223.13855
8.0,163.0,64.76109,123.02443,183.7462
8.0,162.0,73.927345,126.49543,169.85535
8.0,161.0,70.30887,123.75338,235.1226
8.0,160.0,69.452126,112.87316,183.88354
8.0,159.0,65.14198,106.116,199.41537
8.0,158.0,79.50655,117.87296,199.79214
8.0,157.0,80.82134,128.0435,174.32455
8.0,156.0,84.12085,127.62484,195.42043
8.0,155.0,63.45538,113.34236,199.57268
8.0,154.0,80.35168,115.92906,193.83192
8.0,153.0,80.36644,134.78699,171.1613
8.0,152.0,77.86967,133.56017,140.55269
8.0,151.0,70.82086,121.69616,159.65144
8.0,150.0,78.378296,127.99601,170.43175
8.0,149.0,69.665215,128.4001,182.09845
8.0,148.0,75.354034,129.00874,202.25296
8.0,147.0,77.62786,124.698456,180.80504
8.0,146.0,79.43298,123.27556,182.90442
8.0,145.0,75.06458,119.895386,172.62527
8.0,144.0,66.87005,103.84255,197.44327
8.0,143.0,62.058975,98.28069,188.31535
8.0,142.0,76.46146,123.93909,195.10909
8.0,141.0,73.5853,140.27095,200.21263
8.0,140.0,86.97309,127.16857,193.76012
8.0,139.0,80.40985,139.67032,189.89352
8.0,138.0,75.66975,136.88573,204.6737
8.0,137.0,75.067825,134.25148,176.8529
8.0,136.0,112.88215,149.52356,199.08469
8.0,135.0,71.65421,141.52258,178.46814
8.0,134.0,78.06965,131.60913,181.54536
8.0,133.0,85.370674,132.05273,214.54488
8.0,132.0,75.452446,125.229195,208.28577
8.0,131.0,63.49965,124.438805,184.84499
8.0,130.0,74.90766,117.87914,200.66519
8.0,129.0,79.755615,107.1852,155.9556
8.0,128.0,72.6317,125.99142,171.2785
8.0,127.0,69.81185,115.15804,153.97408
8.0,126.0,66.690475,114.16009,198.08722
8.0,125.0,76.07878,126.03452,171.87193
8.0,124.0,69.94937,116.79926,181.63809
8.0,123.0,69.97745,116.564186,184.17764
8.0,122.0,65.27943,121.1288,181.12683
8.0,121.0,72.055664,109.54639,162.33685
8.0,120.0,59.403275,113.61924,179.0039
8.0,119.0,62.15759,104.094055,167.8673
8.0,118.0,67.22622,117.79662,155.33717
8.0,117.0,81.66137,114.73466,162.5435
8.0,116.0,69.88824,112.2868,145.75423
8.0,115.0,57.234478,104.26827,170.69566
8.0,114.0,61.982002,108.08127,156.10657
8.0,113.0,63.862724,110.296364,142.6786
8.0,112.0,73.70218,125.96224,169.2892
8.0,111.0,58.387516,112.557144,160.23611
8.0,110.0,68.79882,116.03124,196.28026
8.0,109.0,72.47343,117.74549,197.324
8.0,108.0,53.449512,101.12741,186.6189
8.0,107.0,65.497925,116.40598,144.44078
8.0,106.0,56.77125,115.40376,188.39345
8.0,105.0,69.49417,116.78987,161.78479
8.0,104.0,59.548203,114.09441,161.3743
8.0,103.0,60.403996,111.5529,148.02621
8.0,102.0,56.597004,119.23336,149.77956
8.0,101.0,60.489094,114.89702,159.09741
8.0,100.0,55.644554,116.8871,167.86049
8.0,99.0,55.613853,105.56623,134.99922
8.0,98.0,52.1959,111.596886,186.66437
8.0,97.0,58.481773,99.22318,143.22726
8.0,96.0,61.593323,119.577126,166.77092
8.0,95.0,64.26895,95.87382,138.52003
9.0,135.0,81.25186,130.25082,183.72952
9.0,134.0,72.75023,135.36063,166.25151
9.0,133.0,91.50716,126.89052,172.84258
9.0,132.0,66.195786,123.57965,184.6575
9.0,131.0,81.02242,111.82397,166.05106
9.0,130.0,59.158936,108.493805,176.75383
9.0,129.0,68.19684,115.58797,141.2155
9.0,128.0,70.23962,114.77709,159.46082
9.0,127.0,86.567184,127.49943,182.57716
9.0,126.0,77.44414,133.6235,173.73149
9.0,125.0,74.897385,123.84552,172.7834
9.0,124.0,82.06704,122.34456,144.49266
9.0,123.0,78.61768,115.116455,174.44022
9.0,122.0,66.17258,121.42751,163.02682
9.0,121.0,73.744835,114.32728,117.28686
9.0,120.0,89.167046,123.28065,180.66183
9.0,119.0,80.953354,111.27361,162.47339
9.0,118.0,73.02967,121.69301,186.31679
9.0,117.0,72.99369,116.70195,224.91316
9.0,116.0,78.07149,122.29632,118.92945
9.0,115.0,67.3523,127.71602,191.41278
9.0,114.0,75.77641,125.23712,176.14777
9.0,113.0,78.348404,127.485085,195.9212
9.0,112.0,64.39304,118.940544,177.61795
9.0,111.0,68.8351,118.005264,189.83351
10.0,257.0,99.51845,132.67755,234.03073
10.0,256.0,102.0556,135.57219,220.08963
10.0,255.0,107.69645,135.16393,224.88039
10.0,254.0,111.90297,136.76492,212.50275
10.0,253.0,114.45955,144.02606,251.95485
10.0,252.0,105.22844,149.7948,209.1118
10.0,251.0,102.72134,133.9802,227.30238
10.0,250.0,100.091324,145.13504,212.73158
10.0,249.0,105.2757,137.1223,199.90486
10.0,248.0,98.49014,130.5502,201.97078
10.0,247.0,109.94544,145.02754,193.48828
10.0,246.0,90.45851,146.20145,203.5441
10.0,245.0,99.85717,142.0403,201.6418
10.0,244.0,105.10952,150.65392,210.49725
10.0,243.0,103.30138,149.39815,198.2793
10.0,242.0,107.18041,155.68439,196.45062
10.0,241.0,111.41861,152.26501,210.86717
10.0,240.0,110.492226,143.39816,232.88414
10.0,239.0,103.04779,141.56664,223.04318
10.0,238.0,109.460075,146.08775,214.05847
10.0,237.0,104.91373,157.75067,207.14989
10.0,236.0,98.217354,152.25371,215.90271
10.0,235.0,95.16864,136.2396,215.02173
10.0,234.0,100.47398,151.08534,203.73137
10.0,233.0,101.58515,134.50555,196.55597
10.0,232.0,101.95821,154.50438,232.15654
10.0,231.0,105.20649,153.40915,203.3514
10.0,230.0,97.81865,136.4375,229.41988
10.0,229.0,92.80808,132.3627,214.45728
10.0,228.0,107.90319,149.33054,214.43304
10.0,227.0,99.14445,146.99855,199.93633
10.0,226.0,116.20809,150.96642,240.3292
10.0,225.0,110.04943,148.67616,201.41388
10.0,224.0,111.241516,150.3236,198.06248
10.0,223.0,115.820595,157.71507,190.975
10.0,222.0,117.96346,150.90788,225.62192
10.0,221.0,112.4457,152.83217,194.18092
10.0,220.0,111.031235,142.2095,203.80463
10.0,219.0,104.91341,136.57343,209.96786
10.0,218.0,108.48481,150.84937,187.16867
10.0,217.0,113.160904,145.64494,202.9448
10.0,216.0,97.60847,154.43826,206.93076
10.0,215.0,106.02606,142.46242,245.57806
10.0,214.0,114.31715,133.38925,220.90125
10.0,213.0,101.97169,145.21487,233.63658
10.0,212.0,113.38845,134.3286,214.56876
10.0,211.0,110.484505,137.64581,230.93063
10.0,210.0,114.8194,146.71576,212.3912
10.0,209.0,107.881165,140.19945,215.2988
10.0,208.0,108.08426,146.83813,277.42905
10.0,207.0,102.34403,141.80766,198.54964
10.0,206.0,107.2744,142.4129,188.67795
10.0,205.0,108.15358,137.41064,242.04216
10.0,204.0,90.89548,139.08835,240.69624
10.0,203.0,98.10702,144.65205,206.88026
10.0,202.0,103.235214,136.54488,227.84793
10.0,201.0,106.20848,132.41824,217.34645
10.0,200.0,98.505264,126.46267,227.04527
10.0,199.0,100.218605,127.72759,208.6606
10.0,198.0,109.7092,130.10762,217.5092
10.0,197.0,101.67493,127.68163,210.99825
10.0,196.0,99.08082,137.64122,211.28653
10.0,195.0,102.79222,147.71622,192.95293
10.0,194.0,102.43058,134.9356,202.83745
10.0,193.0,107.79163,135.3223,204.79779
10.0,192.0,100.626884,147.02606,230.22803
10.0,191.0,94.123405,136.33362,219.13531
10.0,190.0,106.29645,139.90723,202.96353
10.0,189.0,94.68841,113.96817,197.59537
10.0,188.0,87.482475,128.42368,184.59651
10.0,187.0,97.08276,125.91393,213.10283
10.0,186.0,95.3715,132.81651,209.53941
10.0,185.0,105.02105,126.448784,201.35907
10.0,184.0,92.66208,133.0086,208.9054
10.0,183.0,99.83686,133.2387,244.07036
10.0,182.0,95.60569,123.66646,207.00418
10.0,181.0,87.67223,123.11865,223.6322
10.0,180.0,109.39323,117.64687,241.20563
10.0,179.0,116.38245,136.37386,246.54947
10.0,178.0,76.92974,126.831696,211.06804
10.0,177.0,86.85087,129.60231,213.33392
10.0,176.0,95.31599,123.23613,221.11656
10.0,175.0,100.10738,129.37877,229.52005
10.0,174.0,102.60784,136.43385,209.03946
10.0,173.0,105.249,138.04295,174.99622
10.0,172.0,100.58364,147.88449,202.71736
10.0,171.0,99.17048,127.81394,229.62947
10.0,170.0,95.13985,131.34187,217.50981
10.0,169.0,110.651825,121.762856,197.89632
10.0,168.0,89.6739,114.179695,197.34326
10.0,167.0,88.89786,107.994804,227.2763
10.0,166.0,88.71584,126.26849,213.18738
10.0,165.0,87.28245,119.70747,224.50624
10.0,164.0,91.086784,116.830986,209.13066
10.0,163.0,94.91501,140.28267,204.73424
10.0,162.0,126.139946,125.37234,232.64748
10.0,161.0,105.83285,114.40691,206.75502
10.0,160.0,96.65292,116.895164,192.39322
10.0,159.0,94.14553,123.31835,174.03763
10.0,158.0,90.741936,118.89784,219.85555
10.0,157.0,85.178116,124.33942,204.43797
10.0,156.0,85.22576,123.58703,213.05026
10.0,155.0,94.3255,116.10311,244.43942
10.0,154.0,76.42193,111.91409,213.47084
10.0,153.0,115.85234,109.44369,201.12938
10.0,152.0,95.82826,111.35828,214.97173
10.0,151.0,84.617386,120.99924,193.0248
10.0,150.0,87.375725,106.298515,232.71666
10.0,149.0,81.92414,116.77846,219.01463
10.0,148.0,84.12535,105.19846,216.9031
10.0,147.0,73.65515,108.66289,184.68982
10.0,146.0,73.00676,111.14744,197.9216
10.0,145.0,67.29359,109.26614,224.66487
10.0,144.0,83.52446,108.87859,209.30896
10.0,143.0,82.93623,116.31868,211.5119
10.0,142.0,90.93862,121.976006,227.61655
10.0,141.0,84.331215,121.08249,202.28026
10.0,140.0,87.75196,117.00289,231.63605
10.0,139.0,87.897545,108.203636,212.06792
10.0,138.0,84.91401,110.06177,210.92162
10.0,137.0,87.66761,97.63379,194.57686
10.0,136.0,81.89808,114.29364,175.95955
10.0,135.0,86.406395,114.5891,211.57597
10.0,134.0,90.92897,104.726616,198.91777
10.0,133.0,76.10227,109.02627,187.30179
10.0,132.0,80.705124,113.00037,194.12573
10.0,131.0,87.04861,117.39116,217.66035
10.0,130.0,82.83469,112.419266,230.20477
10.0,129.0,80.74888,113.626,225.23297
10.0,128.0,83.24532,114.84242,205.95413
10.0,127.0,64.96674,109.097565,193.62627
10.0,126.0,67.2748,107.20356,200.0645
10.0,125.0,80.60101,94.01154,198.31587
10.0,124.0,72.098946,106.96792,193.80977
10.0,123.0,64.84577,108.36354,191.5661
10.0,122.0,70.713455,97.961945,184.16493
10.0,121.0,72.08527,99.4309,216.70512
10.0,120.0,73.2997,103.46344,200.77245
10.0,119.0,68.19789,91.88351,179.43314
10.0,118.0,62.04048,97.12628,218.13641
10.0,117.0,74.713585,95.41373,171.0926
10.0,116.0,58.58811,94.73581,199.93718
10.0,115.0,79.04259,93.64353,205.2392
10.0,114.0,57.51965,101.28818,178.59981
10.0,113.0,63.154278,87.61114,202.826
10.0,112.0,69.997,93.57119,202.6759
10.0,111.0,60.23073,99.10079,184.25186
10.0,110.0,64.43786,91.77152,173.62444
10.0,109.0,77.13231,102.79371,192.83028
10.0,108.0,73.007355,111.667564,185.00546
10.0,107.0,62.249477,101.10753,184.29695
10.0,106.0,72.997246,110.60859,200.45772
10.0,105.0,68.44838,103.08621,192.68289
10.0,104.0,60.842453,106.28473,163.23553
10.0,103.0,68.51192,98.82334,177.60501
10.0,102.0,59.81785,94.211174,172.18484
10.0,101.0,60.558628,101.55967,181.4479
10.0,100.0,66.22065,96.3163,178.86702
10.0,99.0,48.89619,92.18417,158.66455
10.0,98.0,63.02709,100.19807,176.17133
10.0,97.0,59.21393,96.59562,206.95573
10.0,96.0,67.81683,98.63472,201.7727
11.0,149.0,76.17253,123.69581,164.0582
11.0,148.0,63.168804,127.6642,220.85907
11.0,147.0,56.538475,117.350784,183.62288
11.0,146.0,67.70759,124.37698,195.77634
11.0,145.0,67.98375,135.14294,217.65155
11.0,144.0,74.9453,128.86514,191.65398
11.0,143.0,70.25652,133.7111,171.84389
11.0,142.0,64.448326,127.16989,164.02473
11.0,141.0,57.66956,118.67848,200.88068
11.0,140.0,66.197365,112.51949,161.43138
11.0,139.0,61.295574,113.86894,167.53117
11.0,138.0,71.556915,117.25588,156.27646
11.0,137.0,76.6751,115.77665,170.85275
11.0,136.0,71.46822,110.0778,162.87856
11.0,135.0,67.90669,130.47299,169.60655
11.0,134.0,77.166695,113.96283,174.57297
11.0,133.0,74.44955,131.52394,202.44719
11.0,132.0,73.40158,132.23009,180.85986
11.0,131.0,76.508064,137.7768,149.63657
11.0,130.0,64.77081,117.41833,209.78915
11.0,129.0,65.7574,104.96964,160.70161
11.0,128.0,68.54588,104.34662,166.86903
11.0,127.0,68.50219,118.8312,153.88939
11.0,126.0,60.25435,103.618034,118.58648
11.0,125.0,57.78525,112.23688,168.48538
11.0,124.0,60.70106,111.0056,147.649
11.0,123.0,56.354652,124.09615,157.96848
11.0,122.0,65.96217,101.84908,144.88603
11.0,121.0,61.868027,122.08569,135.67166
11.0,120.0,69.87067,115.75227,151.68924
11.0,119.0,64.419365,105.33041,151.37157
11.0,118.0,51.34407,115.05581,120.78398
11.0,117.0,68.539474,103.0182,110.45054
11.0,116.0,58.077446,94.77991,150.48051
11.0,115.0,67.008804,94.46694,158.07787
11.0,114.0,59.366535,119.024895,167.30875
11.0,113.0,78.168625,124.85231,177.36003
11.0,112.0,74.05419,130.43207,145.07497
11.0,111.0,76.148506,123.24381,165.99208
11.0,110.0,78.112175,118.65834,163.07947
11.0,109.0,66.378876,103.35229,157.42271
11.0,108.0,65.42222,117.23218,138.49794
11.0,107.0,59.50096,129.52895,165.55583
11.0,106.0,58.095596,99.25777,133.63553
11.0,105.0,64.12954,91.88848,141.35403
11.0,104.0,60.836807,102.975365,114.30812
11.0,103.0,63.596504,110.043655,114.02794
11.0,102.0,61.9877,101.45265,133.45535
11.0,101.0,68.59925,97.95618,151.27269
11.0,100.0,62.610065,88.718575,129.98209
11.0,99.0,51.69706,92.72463,101.648674
11.0,98.0,47.4902,94.18048,145.57791
11.0,97.0,51.92007,92.79872,122.211395
12.0,310.0,111.296715,161.28094,228.99388
12.0,309.0,97.13024,154.09921,220.1395
12.0,308.0,105.31974,157.20502,252.91061
12.0,307.0,107.73003,144.42108,224.53229
12.0,306.0,109.02166,167.77298,228.33333
12.0,305.0,120.2419,165.68782,223.80084
12.0,304.0,111.4716,156.56845,198.81328
12.0,303.0,113.39826,178.78998,225.80988
12.0,302.0,117.032074,161.55917,211.89459
12.0,301.0,108.51419,159.7493,224.95248
12.0,300.0,115.95404,159.16423,202.21606
12.0,299.0,121.87828,163.16936,207.27974
12.0,298.0,135.69565,165.30832,213.03673
12.0,297.0,106.99488,166.45259,257.25934
12.0,296.0,106.05562,165.33307,235.03943
12.0,295.0,111.23416,161.89636,217.32013
12.0,294.0,119.03788,167.65675,260.1874
12.0,293.0,112.50714,157.42435,232.50677
12.0,292.0,111.91772,169.91307,194.43274
12.0,291.0,110.44764,166.37674,222.18166
12.0,290.0,103.93561,159.22937,225.89821
12.0,289.0,98.54959,142.70007,226.4004
12.0,288.0,116.92585,141.66933,160.8286
12.0,287.0,105.67967,148.89793,209.55031
12.0,286.0,109.9965,150.98373,188.2768
12.0,285.0,114.5106,157.26556,221.09618
12.0,284.0,113.92339,161.19958,232.95897
12.0,283.0,121.0836,150.08887,257.90063
12.0,282.0,115.66996,164.25864,220.44287
12.0,281.0,117.14611,165.98221,197.19637
12.0,280.0,117.00705,146.44661,225.79747
12.0,279.0,108.20413,149.72118,197.63075
12.0,278.0,112.488495,160.74156,213.57454
12.0,277.0,100.858025,159.36096,219.855
12.0,276.0,109.02456,161.30118,183.73087
12.0,275.0,118.62867,155.86247,233.7807
12.0,274.0,121.98054,160.3529,248.38304
12.0,273.0,107.86997,170.69077,246.57077
12.0,272.0,109.32906,156.94925,242.75533
12.0,271.0,112.88974,155.40224,245.08424
12.0,270.0,110.88728,155.73164,246.11864
12.0,269.0,103.213875,149.69475,230.49992
12.0,268.0,113.89755,154.59074,231.97406
12.0,267.0,97.3534,150.15063,205.99194
12.0,266.0,100.725334,159.21747,204.24573
12.0,265.0,92.32404,147.81332,217.31308
12.0,264.0,111.24674,139.16092,207.26875
12.0,263.0,131.35728,150.69768,227.28009
12.0,262.0,98.96098,135.53154,216.2107
12.0,261.0,96.846214,139.33577,274.39313
12.0,260.0,96.6474,146.46909,259.04172
12.0,259.0,104.256935,149.33205,195.89325
12.0,258.0,109.14664,156.12933,222.59756
12.0,257.0,102.30917,135.5294,189.21094
12.0,256.0,92.327225,142.52975,229.88954
12.0,255.0,102.58975,135.46227,242.84637
12.0,254.0,94.70083,126.89453,228.0803
12.0,253.0,98.05286,144.99774,200.5286
12.0,252.0,106.69649,143.75525,232.82178
12.0,251.0,92.95926,138.93442,233.37012
12.0,250.0,103.297554,144.18066,238.08849
12.0,249.0,91.53857,137.84218,179.25636
12.0,248.0,109.50155,142.68553,223.24368
12.0,247.0,102.74473,136.61456,187.06165
12.0,246.0,109.57809,144.76208,207.66618
12.0,245.0,103.13693,134.76024,195.86385
12.0,244.0,103.17199,139.57082,203.38069
12.0,243.0,99.71668,141.23196,228.95255
12.0,242.0,103.94698,133.96494,216.48448
12.0,241.0,100.683136,141.07228,224.89157
12.0,240.0,88.99794,137.88084,225.63503
12.0,239.0,103.3647,140.37202,215.62296
12.0,238.0,91.4566,140.37607,226.01915
12.0,237.0,105.16696,149.49629,214.53085
12.0,236.0,97.318275,140.48564,205.09715
12.0,235.0,106.32445,145.075,215.23834
12.0,234.0,109.98412,137.50937,208.49834
12.0,233.0,110.82693,148.61145,217.4188
12.0,232.0,106.09584,143.4805,205.44943
12.0,231.0,106.32043,156.30879,216.97733
12.0,230.0,109.27352,149.07472,205.16966
12.0,229.0,103.44613,137.5922,216.47896
12.0,228.0,112.943504,140.94165,202.26303
12.0,227.0,101.88258,140.63992,242.6276
12.0,226.0,92.02958,151.10608,245.30779
12.0,225.0,90.951454,134.78638,214.81862
12.0,224.0,106.601875,142.14552,207.42343
12.0,223.0,102.58323,130.7289,210.30574
12.0,222.0,96.314514,147.50401,210.49097
12.0,221.0,100.47929,142.74371,235.17104
12.0,220.0,99.98142,139.41179,205.64194
12.0,219.0,107.06936,152.52318,254.69005
12.0,218.0,102.41916,136.04826,221.16345
12.0,217.0,99.71958,136.89316,218.55765
12.0,216.0,91.77117,145.67659,251.71436
12.0,215.0,99.628456,138.30984,204.63087
12.0,214.0,105.31423,141.12495,203.35725
12.0,213.0,108.537056,140.25725,207.79234
12.0,212.0,104.07521,138.39478,210.01082
12.0,211.0,93.845055,137.73909,226.63512
12.0,210.0,95.23965,126.499985,198.44643
12.0,209.0,104.77001,145.53166,210.40063
12.0,208.0,107.96984,144.50543,186.54
12.0,207.0,117.33801,134.06544,217.99446
12.0,206.0,106.44118,144.40558,202.28076
12.0,205.0,109.03682,137.787,232.51546
12.0,204.0,88.20511,133.45795,195.20267
12.0,203.0,92.92114,136.0182,221.69098
12.0,202.0,96.588745,130.24745,209.6112
12.0,201.0,102.59703,133.5444,234.49373
12.0,200.0,98.55578,135.45071,216.93994
12.0,199.0,102.46601,127.31487,207.39836
12.0,198.0,98.3437,147.30234,215.09978
12.0,197.0,93.067665,134.54416,202.93272
12.0,196.0,95.91896,127.8192,201.24084
12.0,195.0,95.04149,129.18587,198.87178
12.0,194.0,89.92784,133.99812,212.49132
12.0,193.0,104.25932,127.95598,214.17453
12.0,192.0,93.37484,130.03915,210.35458
12.0,191.0,95.46866,126.63359,225.73412
12.0,190.0,86.179924,118.52089,204.71767
12.0,189.0,88.225075,113.592995,229.62328
12.0,188.0,86.64865,109.9004,224.82475
12.0,187.0,81.15434,115.60782,206.18365
12.0,186.0,85.525185,119.6214,211.40298
12.0,185.0,91.75801,129.68494,222.718
12.0,184.0,85.02356,122.38293,197.35956
12.0,183.0,96.70291,131.51038,203.86276
12.0,182.0,91.48012,112.526505,212.17976
12.0,181.0,93.026924,109.26004,218.47685
12.0,180.0,93.72338,109.645905,236.67511
12.0,179.0,85.66428,118.25035,199.58653
12.0,178.0,84.84245,111.92444,202.36284
12.0,177.0,92.8946,130.24002,221.20465
12.0,176.0,85.48552,114.9733,222.58774
12.0,175.0,98.14432,130.57788,212.55252
12.0,174.0,101.90984,116.85846,184.72253
12.0,173.0,84.51083,119.63726,205.69289
12.0,172.0,79.07056,114.40533,199.04285
12.0,171.0,93.80209,130.53479,207.34293
12.0,170.0,90.99597,121.4651,211.40405
12.0,169.0,83.979034,124.98723,197.62053
12.0,168.0,87.837944,124.65451,225.65288
12.0,167.0,98.92486,125.06602,214.4947
12.0,166.0,95.45559,123.1355,250.74188
12.0,165.0,102.54213,126.23982,198.27066
12.0,164.0,83.09545,121.71616,192.44913
12.0,163.0,91.56253,122.29747,225.12988
12.0,162.0,95.57245,126.5233,194.78857
12.0,161.0,92.119896,119.85792,203.79866
12.0,160.0,86.901955,130.62596,209.93384
12.0,159.0,90.42284,117.40733,240.99924
12.0,158.0,84.565704,105.720215,196.42368
12.0,157.0,65.97561,111.43739,195.82832
12.0,156.0,69.72927,104.844,194.37282
12.0,155.0,77.8091,117.90209,198.23834
12.0,154.0,77.60351,100.70705,169.92073
12.0,153.0,73.233444,113.49881,193.35196
12.0,152.0,75.432816,101.845604,189.46768
12.0,151.0,75.3842,107.16014,193.68906
12.0,150.0,66.0853,104.09865,207.72955
12.0,149.0,76.44586,106.95032,208.55849
12.0,148.0,73.30435,101.70946,171.7326
12.0,147.0,76.61508,100.60699,178.28383
12.0,146.0,65.56392,98.46849,171.68747
12.0,145.0,64.96059,106.59716,202.64604
12.0,144.0,52.123337,95.807,151.46805
12.0,143.0,86.5357,102.34379,173.36633
12.0,142.0,63.982876,94.176735,184.48991
12.0,141.0,75.81149,98.749245,152.2609
12.0,140.0,62.009445,100.67582,181.65733
12.0,139.0,72.02794,103.58,162.39635
12.0,138.0,81.575485,114.62485,171.13884
12.0,137.0,82.06533,109.85281,154.16194
12.0,136.0,75.13923,96.97395,161.876
12.0,135.0,67.54448,97.9071,211.23715
12.0,134.0,67.41888,103.90196,163.22017
12.0,133.0,76.33485,111.386665,176.7861
12.0,132.0,72.972946,101.737175,161.22557
12.0,131.0,68.18044,117.91084,154.2489
12.0,130.0,78.04443,108.9407,191.44002
12.0,129.0,75.93562,121.37951,188.96245
12.0,128.0,72.59107,109.83272,154.33426
12.0,127.0,74.25926,112.470604,181.12038
12.0,126.0,71.276306,97.40213,172.24219
12.0,125.0,66.13528,100.33436,166.7084
12.0,124.0,54.303524,98.61385,179.70409
13.0,259.0,111.89983,157.6459,215.74289
13.0,258.0,125.970276,149.80577,205.39247
13.0,257.0,113.262146,150.19212,216.61299
13.0,256.0,120.62914,154.72295,209.72403
13.0,255.0,114.55838,147.05913,242.98668
13.0,254.0,109.78834,160.86578,223.123
13.0,253.0,132.19235,153.92207,206.26321
13.0,252.0,119.48389,153.3994,205.68152
13.0,251.0,108.76787,159.93054,205.2571
13.0,250.0,105.25935,147.39096,206.41678
13.0,249.0,105.56071,138.6065,214.85437
13.0,248.0,102.42269,147.01062,214.38078
13.0,247.0,96.0978,144.32063,205.14104
13.0,246.0,98.98851,141.84068,204.66736
13.0,245.0,106.54132,146.22609,186.5372
13.0,244.0,101.57321,150.08028,241.69191
13.0,243.0,105.48828,146.7985,209.83804
13.0,242.0,106.0395,139.468,226.47868
13.0,241.0,99.6619,131.43187,210.77641
13.0,240.0,104.47592,140.66331,217.60612
13.0,239.0,110.17646,133.41792,211.25365
13.0,238.0,104.81033,135.86201,210.70767
13.0,237.0,111.22845,138.80582,211.66943
13.0,236.0,106.13278,147.81865,222.63687
13.0,235.0,116.208496,152.28003,231.6099
13.0,234.0,118.44457,155.56117,234.15015
13.0,233.0,114.14262,152.64902,209.24515
13.0,232.0,107.06474,154.38396,221.31555
13.0,231.0,111.73285,146.45609,235.29944
13.0,230.0,103.002045,140.14972,218.74028
13.0,229.0,107.46252,144.68495,224.67825
13.0,228.0,103.60922,136.19254,223.68736
13.0,227.0,105.5411,144.77138,196.3293
13.0,226.0,90.59381,140.16388,195.82083
13.0,225.0,102.06376,126.680984,195.06442
13.0,224.0,88.866585,138.60323,213.19513
13.0,223.0,98.44804,140.06062,196.9541
13.0,222.0,91.60729,142.0873,195.6532
13.0,221.0,95.068115,137.82045,209.19287
13.0,220.0,108.40783,133.26118,205.69246
13.0,219.0,97.09094,131.51935,198.51508
13.0,218.0,105.70076,138.60332,194.77971
13.0,217.0,96.83153,137.83557,203.64899
13.0,216.0,98.465805,142.85112,205.10056
13.0,215.0,88.57379,140.14459,196.81064
13.0,214.0,96.184654,123.30487,202.51309
13.0,213.0,106.33362,135.34935,250.74149
13.0,212.0,104.10134,138.64986,229.97096
13.0,211.0,103.81249,155.21063,199.95099
13.0,210.0,130.40463,148.90395,202.82718
13.0,209.0,109.06109,137.09871,203.2293
13.0,208.0,94.46501,144.85571,222.26944
13.0,207.0,105.4948,136.17921,197.23653
13.0,206.0,92.16582,132.41045,191.38354
13.0,205.0,97.67799,134.81708,193.87889
13.0,204.0,92.87092,127.210106,207.2831
13.0,203.0,97.78628,130.77708,199.77505
13.0,202.0,92.92375,130.52687,231.45453
13.0,201.0,95.923004,119.68904,184.88211
13.0,200.0,98.86388,128.82619,193.77602
13.0,199.0,90.752205,135.04424,216.12566
13.0,198.0,115.67833,142.58258,203.96814
13.0,197.0,100.45674,144.56699,206.92513
13.0,196.0,90.249306,128.32156,214.47176
13.0,195.0,93.279274,129.93768,251.37643
13.0,194.0,101.34575,126.22811,193.4784
13.0,193.0,94.48193,135.42142,205.559
13.0,192.0,101.0183,131.50012,209.87471
13.0,191.0,102.36613,134.68903,225.29465
13.0,190.0,90.11284,141.98851,200.41962
13.0,189.0,99.237045,129.70062,191.76875
13.0,188.0,93.18737,138.28972,187.22415
13.0,187.0,75.44091,110.599266,197.20195
13.0,186.0,85.68415,122.21642,196.66508
13.0,185.0,125.24624,123.567085,191.4017
13.0,184.0,97.122025,118.851585,190.01318
13.0,183.0,105.59298,138.87376,205.36441
13.0,182.0,102.88323,143.90173,225.59566
13.0,181.0,102.809814,149.73161,209.22252
13.0,180.0,100.35236,120.65194,195.86693
13.0,179.0,92.12997,130.15706,225.77328
13.0,178.0,85.97781,127.52987,194.82303
13.0,177.0,91.03557,127.30321,194.07729
13.0,176.0,92.49895,136.75279,199.9599
13.0,175.0,97.5102,134.69943,213.3183
13.0,174.0,92.37025,129.9868,239.67567
13.0,173.0,92.32662,128.55006,209.14932
13.0,172.0,90.89924,125.96877,213.12918
13.0,171.0,83.94683,123.948204,213.58093
13.0,170.0,97.35766,121.8054,239.51268
13.0,169.0,91.6368,117.57873,209.7425
13.0,168.0,93.267105,122.31327,217.44821
13.0,167.0,90.88192,114.05791,209.50172
13.0,166.0,81.72237,103.763885,186.94048
13.0,165.0,75.17597,113.75927,218.36337
13.0,164.0,70.55848,99.89936,173.79828
13.0,163.0,77.76218,108.81909,199.61418
13.0,162.0,84.242424,111.209076,211.78952
13.0,161.0,82.32081,127.44497,223.39139
13.0,160.0,90.35167,121.33565,228.02011
13.0,159.0,87.49326,117.556145,226.1696
13.0,158.0,91.67024,107.18597,220.49509
13.0,157.0,83.35378,115.43259,175.18932
13.0,156.0,73.77457,121.92114,211.90892
13.0,155.0,73.555565,108.13983,210.94908
13.0,154.0,81.18989,107.41488,204.47073
13.0,153.0,78.20489,124.91716,191.19221
13.0,152.0,84.84308,117.977165,205.2745
13.0,151.0,83.81232,114.928,236.77382
13.0,150.0,88.88037,99.27465,222.37735
13.0,149.0,87.920494,107.442924,244.28613
13.0,148.0,89.70154,117.41593,188.75728
13.0,147.0,74.7509,109.52106,203.86778
13.0,146.0,91.91017,113.11886,195.12247
13.0,145.0,80.6945,105.74929,207.93451
13.0,144.0,84.36016,103.92591,202.63191
13.0,143.0,76.11606,110.67229,227.12042
13.0,142.0,70.54656,110.80513,200.88615
13.0,141.0,90.04138,117.23371,215.08038
13.0,140.0,82.18652,118.02606,219.32042
13.0,139.0,77.86249,111.00761,197.41797
13.0,138.0,82.48751,113.21592,207.07253
13.0,137.0,85.537834,112.04665,235.74744
13.0,136.0,65.914055,106.72423,170.52097
13.0,135.0,81.79757,107.20975,222.79716
13.0,134.0,82.23749,108.2365,206.62558
13.0,133.0,86.00754,118.81352,219.56334
13.0,132.0,76.75222,104.94341,215.09485
13.0,131.0,63.01717,111.863625,234.56995
13.0,130.0,80.15796,98.24772,243.45932
13.0,129.0,74.144424,91.547585,195.11922
13.0,128.0,74.21665,99.71842,205.81232
13.0,127.0,72.112465,112.386734,185.16408
13.0,126.0,70.75956,108.50267,215.74867
13.0,125.0,75.8319,104.37647,204.9091
13.0,124.0,74.49858,105.62257,191.23462
13.0,123.0,84.93523,98.006744,215.52623
13.0,122.0,75.15406,112.004135,194.2592
13.0,121.0,78.2424,110.66593,192.09209
13.0,120.0,73.01766,105.76251,194.55165
13.0,119.0,75.4095,119.714264,204.5918
13.0,118.0,87.53042,107.75989,200.8621
13.0,117.0,75.71034,112.74175,221.1213
13.0,116.0,74.08214,99.7457,208.13521
13.0,115.0,64.249855,98.36274,219.78436
13.0,114.0,87.81445,106.09838,235.1333
13.0,113.0,52.449585,100.90395,185.97105
13.0,112.0,80.67316,102.72441,192.77147
13.0,111.0,77.972,109.03911,211.90712
13.0,110.0,69.90072,103.181946,167.46445
13.0,109.0,59.933704,102.10104,199.12537
13.0,108.0,52.728317,97.33165,210.70898
13.0,107.0,61.447002,101.05854,212.3602
13.0,106.0,72.83309,113.991875,233.81038
13.0,105.0,69.70741,113.37594,182.1275
13.0,104.0,64.08824,102.20474,210.74239
13.0,103.0,79.10174,102.33293,181.39798
13.0,102.0,63.160683,100.81201,179.24445
13.0,101.0,63.1096,107.4571,177.88414
13.0,100.0,52.081516,102.932205,193.06172
13.0,99.0,65.1449,103.509445,184.00766
13.0,98.0,67.34543,103.19424,151.40277
13.0,97.0,58.03174,95.090416,168.01869
13.0,96.0,64.062744,103.452034,144.21559
13.0,95.0,63.226837,99.6702,211.39592
14.0,122.0,84.45491,123.147835,210.34033
14.0,121.0,57.16703,112.45819,136.76309
14.0,120.0,60.31127,106.27831,155.7821
14.0,119.0,67.42744,118.332634,176.78395
14.0,118.0,52.27735,106.36252,139.10915
14.0,117.0,65.565125,110.674355,173.90704
14.0,116.0,67.452126,123.2216,152.2423
14.0,115.0,65.635376,113.42186,182.0893
14.0,114.0,73.586754,110.65594,162.73322
14.0,113.0,69.85869,120.78503,122.98478
14.0,112.0,78.27374,115.50211,151.04315
14.0,111.0,59.303482,118.342545,145.11023
14.0,110.0,63.1339,117.937775,115.72175
14.0,109.0,67.30434,121.31156,130.43141
14.0,108.0,54.099243,100.4897,165.49843
14.0,107.0,57.979397,111.22288,176.75359
15.0,128.0,100.34608,153.64926,262.535
15.0,127.0,106.618195,153.04001,195.66922
15.0,126.0,101.23449,137.40039,203.8166
15.0,125.0,108.88168,140.736,232.98938
15.0,124.0,90.533936,153.28122,235.96767
15.0,123.0,104.399826,144.00912,202.99338
15.0,122.0,101.221436,148.86623,214.38997
15.0,121.0,105.513405,150.16415,212.63536
15.0,120.0,98.44132,145.7376,241.35725
15.0,119.0,101.12327,145.81012,248.52586
15.0,118.0,97.65729,138.38924,203.78546
15.0,117.0,93.0805,141.09413,198.76994
15.0,116.0,94.07974,138.76024,207.30019
15.0,115.0,90.64313,129.0234,202.9923
15.0,114.0,98.40799,134.1909,243.22487
15.0,113.0,93.7321,136.06996,208.13039
15.0,112.0,97.65824,131.88885,218.13463
15.0,111.0,97.869225,137.54126,206.88722
15.0,110.0,104.377144,151.02211,238.55064
15.0,109.0,102.44758,145.70583,219.35184
15.0,108.0,104.00664,131.0799,273.41217
15.0,107.0,103.94303,149.15076,264.4725
15.0,106.0,93.63788,141.33127,279.89328
15.0,105.0,94.27874,129.75043,220.69188
15.0,104.0,92.40422,140.99101,176.61812
15.0,103.0,108.19313,135.12357,232.82355
15.0,102.0,124.072105,141.28252,230.19878
15.0,101.0,100.612785,133.24452,237.78722
15.0,100.0,88.55076,133.38094,225.79272
15.0,99.0,100.95916,143.38762,206.5677
15.0,98.0,90.834114,133.16338,239.12721
15.0,97.0,84.495636,127.8159,219.29398
15.0,96.0,79.88705,124.50732,208.27069
15.0,95.0,96.71714,136.8045,257.4643
15.0,94.0,83.98082,132.6879,224.39827
15.0,93.0,100.79429,145.65703,250.6043
15.0,92.0,100.28376,130.08893,223.80455
15.0,91.0,105.175964,128.46481,236.12987
15.0,90.0,114.46137,126.26203,230.76123
15.0,89.0,92.40704,120.09828,255.18448
15.0,88.0,96.85025,117.91814,250.62297
15.0,87.0,93.93026,123.78224,240.14438
15.0,86.0,84.55238,118.5026,220.79796
15.0,85.0,86.88278,101.90432,213.43314
15.0,84.0,80.87125,117.96256,220.3095
15.0,83.0,95.08498,117.84139,256.54636
16.0,166.0,111.13778,179.13194,201.44687
16.0,165.0,96.698944,173.66934,218.80894
16.0,164.0,127.34321,172.04312,259.6071
16.0,163.0,93.363594,161.24527,278.08243
16.0,162.0,99.74266,168.62065,243.4913
16.0,161.0,92.18737,131.07762,228.94225
16.0,160.0,101.02269,137.53755,235.61783
16.0,159.0,104.48476,153.05043,205.58958
16.0,158.0,103.25479,163.62547,235.51012
16.0,157.0,106.73648,157.97652,227.13286
16.0,156.0,110.05368,157.11183,225.1817
16.0,155.0,116.52394,162.06651,241.11224
16.0,154.0,106.48532,154.31827,263.3519
16.0,153.0,105.52085,153.70007,233.59169
16.0,152.0,113.8651,156.10258,244.18266
16.0,151.0,100.5091,145.96272,228.72739
16.0,150.0,105.0866,155.85213,243.68665
16.0,149.0,107.069725,153.46298,212.2203
16.0,148.0,94.61424,169.0694,205.48694
16.0,147.0,105.197815,158.92256,246.71172
16.0,146.0,99.09792,152.28508,272.6047
16.0,145.0,99.2644,141.07979,242.92157
16.0,144.0,100.510574,146.3044,226.26439
16.0,143.0,95.93935,147.11784,233.7836
16.0,142.0,96.14405,156.49815,232.75224
16.0,141.0,114.97846,152.89055,247.89172
16.0,140.0,108.02893,144.24738,246.36188
16.0,139.0,101.088486,160.64641,228.24226
16.0,138.0,129.74966,156.84511,235.39381
16.0,137.0,98.15858,160.1436,264.70517
16.0,136.0,113.65529,149.46635,272.66113
16.0,135.0,110.71881,154.94879,257.31976
16.0,134.0,104.992744,157.92677,216.29094
16.0,133.0,109.253265,137.71011,244.19455
16.0,132.0,96.16151,139.3887,246.91281
16.0,131.0,100.425995,141.29549,234.35931
16.0,130.0,96.08616,133.85892,235.49265
16.0,129.0,103.87243,143.2442,222.35078
16.0,128.0,102.87552,135.46437,279.35312
16.0,127.0,92.70471,147.45665,238.45465
16.0,126.0,101.102234,144.72102,222.53258
16.0,125.0,96.98304,142.98349,270.12167
16.0,124.0,92.39442,143.22504,279.11697
16.0,123.0,95.35258,143.46176,176.77109
16.0,122.0,93.22663,134.3881,198.1502
16.0,121.0,97.46076,152.1151,210.22566
16.0,120.0,107.76614,150.27266,229.34958
16.0,119.0,99.939835,141.29372,210.46864
16.0,118.0,107.783455,147.14659,224.15671
16.0,117.0,107.57795,134.4417,238.1113
16.0,116.0,98.93036,146.94833,221.88136
16.0,115.0,101.048294,136.66214,218.72049
16.0,114.0,107.52045,137.04822,221.22318
16.0,113.0,103.741394,146.36374,230.86957
16.0,112.0,112.02969,137.22589,212.99481
16.0,111.0,99.07724,138.4482,210.84616
16.0,110.0,104.421036,128.91008,245.5782
16.0,109.0,98.51808,137.71278,221.39163
16.0,108.0,106.34591,129.80746,261.49448
16.0,107.0,100.234406,127.44375,221.90773
16.0,106.0,97.69545,137.7686,218.65906
16.0,105.0,94.602394,134.8192,233.04208
16.0,104.0,95.674934,139.82451,220.34416
16.0,103.0,91.37198,140.66742,237.19084
16.0,102.0,81.2807,133.04134,212.14978
16.0,101.0,90.2516,131.30696,230.0931
16.0,100.0,86.97105,123.504196,224.72607
16.0,99.0,98.2717,136.40012,247.29552
16.0,98.0,97.780785,122.75308,216.54382
16.0,97.0,89.10726,120.35213,233.93504
16.0,96.0,86.75218,127.00695,210.6486
16.0,95.0,87.441,124.70994,227.12595
16.0,94.0,93.4282,122.09423,209.75087
16.0,93.0,83.55788,120.410614,209.46188
16.0,92.0,95.25978,132.0875,205.4914
16.0,91.0,81.12918,125.270645,219.46306
16.0,90.0,84.44407,121.421394,203.22752
16.0,89.0,86.509445,115.30544,201.74664
16.0,88.0,90.41351,133.97997,210.47745
16.0,87.0,85.777855,109.921234,255.05005
16.0,86.0,87.31745,114.92479,202.38068
16.0,85.0,88.46875,108.45843,238.46402
16.0,84.0,86.556885,104.94897,222.44684
17.0,184.0,120.66258,148.66434,221.64912
17.0,183.0,113.69129,150.81284,185.5264
17.0,182.0,102.327896,160.55388,153.46913
17.0,181.0,98.974655,144.97144,159.13776
17.0,180.0,100.49047,147.127,162.32689
17.0,179.0,103.61917,151.49727,177.53789
17.0,178.0,113.420944,153.44562,168.05959
17.0,177.0,103.1928,154.47935,200.76039
17.0,176.0,164.05165,158.55826,201.73183
17.0,175.0,123.54859,130.30289,170.05154
17.0,174.0,96.08641,140.24045,140.92336
17.0,173.0,96.298546,132.65773,209.59315
17.0,172.0,101.248924,141.9678,146.69447
17.0,171.0,105.16729,139.69171,172.71686
17.0,170.0,100.65733,145.25047,152.8461
17.0,169.0,106.36653,137.55722,190.64151
17.0,168.0,97.70342,135.31908,206.43178
17.0,167.0,101.26972,142.81065,181.2562
17.0,166.0,102.84906,140.94029,144.77501
17.0,165.0,91.75661,138.38701,186.63016
17.0,164.0,96.20651,147.16072,170.25362
17.0,163.0,107.5484,150.28314,179.73322
17.0,162.0,101.604416,141.00375,185.20184
17.0,161.0,100.61273,156.16693,153.78426
17.0,160.0,103.48264,143.83957,174.19048
17.0,159.0,163.65741,138.17256,169.75089
17.0,158.0,107.28613,147.96854,178.24783
17.0,157.0,112.343376,148.00325,182.99123
17.0,156.0,95.80681,137.29672,170.81354
17.0,155.0,89.52099,138.94302,177.52951
17.0,154.0,93.01207,133.30893,157.60492
17.0,153.0,95.41191,128.89088,124.13984
17.0,152.0,98.033356,140.97491,199.75157
17.0,151.0,103.04702,128.38387,179.41005
17.0,150.0,97.72049,134.59135,163.42317
17.0,149.0,101.7397,136.95824,147.56905
17.0,148.0,103.04211,131.26323,159.05379
17.0,147.0,99.92323,136.82178,146.00562
17.0,146.0,102.62959,141.6754,148.36147
17.0,145.0,104.66863,159.86632,143.40878
17.0,144.0,98.89611,149.50711,143.2002
17.0,143.0,103.182045,144.54028,185.80434
17.0,142.0,89.31558,129.1251,190.08038
17.0,141.0,90.668015,129.58836,136.72922
17.0,140.0,84.943306,125.406265,173.73178
17.0,139.0,84.790184,121.067406,167.35735
17.0,138.0,72.61105,108.50018,167.48967
17.0,137.0,77.57656,115.282104,170.83177
17.0,136.0,87.44634,118.237404,184.90367
17.0,135.0,86.28486,115.9324,165.25821
17.0,134.0,93.86606,116.92435,163.13718
17.0,133.0,111.38386,114.272934,171.79659
17.0,132.0,91.91069,123.31937,139.35307
17.0,131.0,113.37567,124.228516,147.4851
17.0,130.0,93.78198,131.69438,163.3963
17.0,129.0,90.45213,123.84323,165.71896
17.0,128.0,86.75551,126.90114,174.59525
17.0,127.0,87.002594,128.18658,192.81723
17.0,126.0,84.583885,124.023605,170.07315
17.0,125.0,105.21181,145.37732,150.29239
17.0,124.0,99.3776,140.58084,122.30422
17.0,123.0,109.990906,123.73689,134.71909
17.0,122.0,101.40764,125.333244,149.91673
17.0,121.0,97.033104,116.13778,150.10518
17.0,120.0,80.127266,123.36386,183.43384
17.0,119.0,106.78566,126.491196,141.17752
17.0,118.0,99.259415,125.18338,162.84804
17.0,117.0,93.71695,105.93678,171.47711
17.0,116.0,84.28142,126.28744,139.35573
17.0,115.0,98.67076,113.81633,115.29605
17.0,114.0,75.24298,119.58829,135.25246
17.0,113.0,93.50751,110.00393,127.40973
17.0,112.0,65.98407,116.15621,112.87189
17.0,111.0,78.39005,112.82777,136.86324
17.0,110.0,75.13445,100.980804,128.04996
17.0,109.0,87.33515,107.600464,121.181816
17.0,108.0,86.35687,99.60071,125.903564
17.0,107.0,65.189316,89.26045,134.70926
17.0,106.0,72.85229,94.35741,122.839386
17.0,105.0,63.18146,91.89329,131.6857
17.0,104.0,79.05965,92.609245,129.08945
17.0,103.0,77.91206,99.27229,145.3435
17.0,102.0,74.348465,108.426315,136.39813
17.0,101.0,78.4825,108.36146,149.87428
17.0,100.0,123.42237,114.58626,169.84692
17.0,99.0,99.49395,100.679924,110.42163
17.0,98.0,72.79685,85.32182,133.04057
17.0,97.0,80.89184,81.64333,115.33109
17.0,96.0,80.690605,91.51479,104.421
17.0,95.0,85.38722,90.75203,109.03686
17.0,94.0,80.44924,85.08025,132.93861
17.0,93.0,81.65217,89.74516,99.55514
17.0,92.0,72.803215,86.44115,109.88082
17.0,91.0,63.41981,86.66175,101.7732
17.0,90.0,62.046734,79.49078,106.9562
17.0,89.0,61.976913,88.39476,119.41653
17.0,88.0,57.43554,89.96535,104.9944
17.0,87.0,58.553146,88.91055,92.3661
17.0,86.0,64.760506,93.386986,114.69599
17.0,85.0,58.88691,90.341805,100.802444
17.0,84.0,68.68526,82.33991,112.070335
17.0,83.0,59.42711,77.10855,117.160095
17.0,82.0,55.797714,73.53483,126.181046
17.0,81.0,67.44694,77.79116,85.91386
17.0,80.0,81.37662,81.8707,64.53792
17.0,79.0,73.015114,83.121635,112.716354
17.0,78.0,62.20763,75.47266,99.14654
17.0,77.0,53.372456,85.936935,96.67236
17.0,76.0,57.806633,81.35407,95.98319
17.0,75.0,47.63089,63.050243,98.44712
17.0,74.0,52.552574,65.00313,71.809685
17.0,73.0,49.242634,69.56786,111.894196
17.0,72.0,69.39444,60.48566,81.50745
17.0,71.0,61.36104,63.92121,93.77238
17.0,70.0,56.215504,64.63626,102.32261
17.0,69.0,53.06034,78.74944,92.534325
17.0,68.0,62.155434,68.16546,91.59221
17.0,67.0,59.53993,76.16458,132.21114
17.0,66.0,52.465855,76.30681,79.06968
17.0,65.0,54.56285,64.3171,88.4791
17.0,64.0,58.038548,60.93529,71.9194
17.0,63.0,48.667683,64.53633,100.34975
17.0,62.0,51.057114,53.95227,82.10042
17.0,61.0,45.156857,55.5079,67.95669
17.0,60.0,38.53463,56.624134,60.11704
17.0,59.0,49.15116,49.07374,66.35041
17.0,58.0,42.698864,53.499275,70.79212
17.0,57.0,57.944805,55.604446,75.35588
17.0,56.0,43.205154,55.543518,49.46182
17.0,55.0,48.103233,55.609264,76.52982
17.0,54.0,39.45229,54.353508,76.96041
17.0,53.0,48.950714,57.31802,65.33413
17.0,52.0,45.84087,55.87064,55.903267
17.0,51.0,39.58809,47.907467,85.81473
17.0,50.0,65.60285,52.45431,57.53242
18.0,130.0,111.04645,142.47427,181.92271
18.0,129.0,105.783066,133.62856,176.71169
18.0,128.0,94.57621,130.27235,175.03189
18.0,127.0,103.8094,131.7365,186.58372
18.0,126.0,94.38714,130.6658,195.13766
18.0,125.0,98.36444,135.52869,185.95657
18.0,124.0,105.496574,141.36346,194.2762
18.0,123.0,93.69078,144.64648,186.1366
18.0,122.0,102.50059,140.35693,176.85507
18.0,121.0,90.220894,118.74947,202.87311
18.0,120.0,92.10551,126.51995,185.49617
18.0,119.0,92.828835,119.731804,191.21939
18.0,118.0,83.10946,121.20639,185.91609
18.0,117.0,90.25969,126.38809,193.28044
18.0,116.0,90.35843,125.680664,213.75693
18.0,115.0,101.76352,133.12436,197.01512
18.0,114.0,101.84319,130.73773,179.95648
18.0,113.0,87.40724,132.9476,195.38278
18.0,112.0,93.81663,130.34593,202.26595
18.0,111.0,90.4718,137.65732,193.06711
18.0,110.0,88.615585,118.67163,220.33841
18.0,109.0,117.3566,123.147194,189.19716
18.0,108.0,90.3238,132.01045,178.63882
18.0,107.0,85.7342,120.81674,174.1841
18.0,106.0,102.503265,126.369064,210.31062
18.0,105.0,105.232185,139.2483,221.5619
18.0,104.0,105.244095,126.91573,200.42525
18.0,103.0,91.672,137.1686,191.79395
18.0,102.0,95.65025,136.99332,210.99023
18.0,101.0,79.60231,125.41935,188.94753
18.0,100.0,88.68476,127.78331,164.13518
18.0,99.0,84.02093,128.17992,209.69136
18.0,98.0,88.184044,129.48361,209.17929
18.0,97.0,91.80511,113.88195,205.74638
18.0,96.0,79.01645,115.51479,184.73349
18.0,95.0,77.662056,111.59375,213.17484
18.0,94.0,81.079025,117.20057,186.90204
18.0,93.0,86.63101,120.824615,172.70232
18.0,92.0,84.277115,127.07101,209.7228
18.0,91.0,80.76519,118.62921,178.43246
18.0,90.0,93.64494,118.81136,203.76271
18.0,89.0,108.1218,120.36678,226.05754
18.0,88.0,85.867355,126.71785,212.74637
18.0,87.0,94.25734,124.17043,187.27878
18.0,86.0,98.93355,128.02492,194.40437
18.0,85.0,93.60228,117.857285,182.72914
18.0,84.0,90.121864,117.49314,238.35303
18.0,83.0,82.62343,111.99042,233.93199
18.0,82.0,88.4114,117.983315,194.18669
18.0,81.0,80.394135,109.081184,215.086
18.0,80.0,74.24378,102.992294,248.8438
18.0,79.0,75.029655,101.34999,196.81001
18.0,78.0,74.5805,110.81487,199.65349
18.0,77.0,66.81552,99.14115,184.86649
18.0,76.0,63.10962,88.40661,175.80873
18.0,75.0,76.15299,109.3512,229.7218
18.0,74.0,75.88873,107.81073,191.02484
18.0,73.0,72.69202,106.05386,181.94196
18.0,72.0,64.44973,96.789696,193.78625
18.0,71.0,62.797375,105.91682,172.06624
18.0,70.0,77.01637,98.36059,198.02504
18.0,69.0,65.22808,94.490456,184.37022
18.0,68.0,80.579,95.22385,175.66087
18.0,67.0,89.09018,96.50314,229.3712
18.0,66.0,62.085247,87.56166,168.80205
18.0,65.0,61.383415,101.81502,171.88943
18.0,64.0,72.47338,92.50808,171.07031
18.0,63.0,80.186584,93.321075,195.05965
18.0,62.0,68.84302,94.73772,235.61684
18.0,61.0,79.91413,96.15242,233.27705
18.0,60.0,58.356647,101.357315,188.45459
18.0,59.0,82.184975,101.59744,209.09444
18.0,58.0,70.73492,105.027214,247.13597
18.0,57.0,61.219036,102.0831,198.15398
18.0,56.0,63.406452,106.04169,211.5241
18.0,55.0,61.130684,104.91381,217.75244
18.0,54.0,58.03621,102.15444,185.09421
18.0,53.0,65.596245,92.80206,188.36021
18.0,52.0,67.46375,104.54508,208.87296
18.0,51.0,64.841446,111.191635,199.12988
18.0,50.0,66.72011,98.268074,199.27972
18.0,49.0,65.2019,110.971466,227.96947
18.0,48.0,71.97022,95.02828,197.711
18.0,47.0,45.73431,79.43014,161.31483
18.0,46.0,66.23127,90.56919,205.73537
18.0,45.0,49.392258,104.747246,164.10687
18.0,44.0,66.89906,98.92553,156.04237
18.0,43.0,62.420963,95.48661,211.40903
18.0,42.0,60.381596,77.55927,169.66254
18.0,41.0,90.74688,80.0858,129.44698
18.0,40.0,45.33577,82.285286,158.66
18.0,39.0,65.15626,81.65781,158.15216
18.0,38.0,60.00583,77.77219,141.29726
18.0,37.0,40.799984,74.11503,177.66823
18.0,36.0,31.650578,56.15073,169.96353
18.0,35.0,37.393036,53.36911,133.5409
18.0,34.0,28.223347,36.194164,109.61266
18.0,33.0,26.63965,51.61717,120.2724
18.0,32.0,21.665339,49.620163,124.69248
18.0,31.0,32.276123,44.418976,105.81223
18.0,30.0,44.23127,44.401043,106.97255
18.0,29.0,37.56084,51.240025,122.50294
18.0,28.0,36.161095,60.73161,128.69186
19.0,191.0,105.38045,142.7112,240.85796
19.0,190.0,108.14779,145.99736,234.52171
19.0,189.0,106.42872,151.17967,265.2922
19.0,188.0,123.39549,147.82841,246.98541
19.0,187.0,108.49176,155.88086,237.24432
19.0,186.0,117.54886,155.15779,227.32408
19.0,185.0,99.30233,158.61238,251.23727
19.0,184.0,109.721,148.70555,264.21832
19.0,183.0,107.06746,155.00763,237.98259
19.0,182.0,120.536316,152.5355,261.5956
19.0,181.0,109.7162,160.65718,242.70111
19.0,180.0,130.96275,160.20467,238.5898
19.0,179.0,110.78643,152.03984,208.5775
19.0,178.0,105.63513,160.81923,205.97464
19.0,177.0,108.674515,162.08789,214.70465
19.0,176.0,107.84575,158.31921,256.43677
19.0,175.0,107.38368,169.57521,227.631
19.0,174.0,117.48564,162.27841,239.9254
19.0,173.0,106.38024,169.1238,201.05957
19.0,172.0,113.43019,154.01085,261.2964
19.0,171.0,115.72593,160.69917,211.67632
19.0,170.0,110.747734,166.83287,212.31482
19.0,169.0,125.759415,170.66983,236.40508
19.0,168.0,116.04788,162.95312,238.74706
19.0,167.0,111.80553,171.48085,282.134
19.0,166.0,114.55129,158.68236,231.05995
19.0,165.0,111.37507,154.1337,240.0295
19.0,164.0,102.588615,160.68115,206.17688
19.0,163.0,108.099144,167.3173,228.91185
19.0,162.0,97.8589,152.31117,211.7394
19.0,161.0,98.8265,155.89409,228.69987
19.0,160.0,100.84648,150.95128,243.7494
19.0,159.0,105.42189,147.43864,249.57861
19.0,158.0,105.042274,141.36008,230.54149
19.0,157.0,120.57891,145.80002,256.36978
19.0,156.0,96.83488,146.40863,230.69786
19.0,155.0,103.92566,139.0859,226.53255
19.0,154.0,99.58342,139.06152,213.93703
19.0,153.0,112.95905,140.421,223.2535
19.0,152.0,102.780945,136.10625,224.39922
19.0,151.0,102.453575,127.05408,191.30289
19.0,150.0,90.3344,126.736595,218.68703
19.0,149.0,100.609825,143.40587,238.31766
19.0,148.0,96.15935,131.71594,237.9055
19.0,147.0,99.20654,118.084015,218.49394
19.0,146.0,100.845535,131.23329,241.95157
19.0,145.0,96.33456,121.02246,248.04912
19.0,144.0,92.24605,124.83245,210.61311
19.0,143.0,103.07875,117.892044,234.44545
19.0,142.0,97.9852,134.21501,213.89243
19.0,141.0,101.9323,127.455536,233.54547
19.0,140.0,95.94187,140.05199,248.70592
19.0,139.0,110.388565,139.8321,240.30031
19.0,138.0,95.3632,140.91658,195.20808
19.0,137.0,101.95645,130.91397,190.55153
19.0,136.0,93.57178,131.57086,246.25186
19.0,135.0,94.17118,137.11719,265.97482
19.0,134.0,104.60177,139.79416,255.19385
19.0,133.0,106.034195,128.94922,225.2837
19.0,132.0,92.52317,134.21799,215.71715
19.0,131.0,95.65785,145.23312,216.34381
19.0,130.0,93.06985,133.87639,247.00786
19.0,129.0,95.81829,124.02386,211.53777
19.0,128.0,90.52806,132.07014,269.6009
19.0,127.0,90.27395,135.03902,228.07579
19.0,126.0,90.58391,132.12303,196.89655
19.0,125.0,91.457405,123.88716,252.01326
19.0,124.0,96.99761,124.768234,196.38472
19.0,123.0,105.98968,133.40045,247.54243
19.0,122.0,108.83562,126.24181,254.45409
19.0,121.0,91.172485,125.15668,218.37933
19.0,120.0,87.55039,126.49742,229.71416
19.0,119.0,88.820076,117.45292,214.76335
19.0,118.0,98.09427,136.2854,206.02908
19.0,117.0,88.71846,121.98842,217.3437
19.0,116.0,92.23963,132.21005,224.11191
19.0,115.0,87.39248,123.860115,244.31998
19.0,114.0,84.80834,114.03896,245.39084
19.0,113.0,81.88097,108.00054,195.46555
19.0,112.0,78.40778,120.508095,219.98534
19.0,111.0,96.562126,130.30154,238.91063
19.0,110.0,98.04941,112.6143,193.4582
19.0,109.0,78.34559,117.95046,220.50522
19.0,108.0,84.14495,103.78183,229.43619
19.0,107.0,78.39558,111.83449,206.21461
19.0,106.0,94.43968,108.18508,215.87119
19.0,105.0,84.67571,120.23712,208.65593
19.0,104.0,89.72653,109.684616,222.00214
19.0,103.0,86.962524,110.384346,225.47322
19.0,102.0,79.115875,111.39653,220.97398
19.0,101.0,80.68719,122.51067,222.97818
19.0,100.0,91.00832,118.978485,220.39792
19.0,99.0,80.64529,118.23157,230.31189
19.0,98.0,89.60279,136.69748,209.16539
19.0,97.0,90.94455,111.019875,224.48265
19.0,96.0,77.88809,108.15869,229.5181
19.0,95.0,75.90253,114.08737,206.08466
19.0,94.0,73.58038,116.78325,201.28822
19.0,93.0,73.7317,103.691315,223.63176
19.0,92.0,60.215797,94.7331,195.92676
19.0,91.0,66.737144,95.29092,216.74939
19.0,90.0,58.917603,93.546135,200.85753
19.0,89.0,72.08631,102.27126,180.585
19.0,88.0,118.36924,104.34551,229.08368
19.0,87.0,83.99323,105.8823,205.6941
20.0,169.0,75.731094,112.29124,184.14809
20.0,168.0,78.97995,107.01443,174.79414
20.0,167.0,77.09225,110.84239,196.1785
20.0,166.0,79.25185,104.66239,201.23656
20.0,165.0,68.66047,111.55765,234.19879
20.0,164.0,82.687775,122.21065,225.82698
20.0,163.0,85.36406,125.68949,199.6865
20.0,162.0,95.6976,122.15103,208.30823
20.0,161.0,80.796326,116.260376,194.69238
20.0,160.0,83.0753,129.31517,225.04036
20.0,159.0,85.57924,114.64074,194.46284
20.0,158.0,91.95393,127.46452,186.53319
20.0,157.0,82.88387,119.52806,238.86003
20.0,156.0,72.11962,117.68511,241.97748
20.0,155.0,64.60565,114.40959,215.29709
20.0,154.0,89.00199,124.3528,242.36015
20.0,153.0,77.84565,120.09221,241.51552
20.0,152.0,83.01149,117.661736,251.63193
20.0,151.0,72.3199,106.51483,213.44722
20.0,150.0,77.76143,110.2182,224.41934
20.0,149.0,65.842804,111.557495,201.08562
20.0,148.0,73.599075,115.0517,193.186
20.0,147.0,70.42561,120.65001,193.79713
20.0,146.0,80.89181,116.60051,222.98653
20.0,145.0,68.20117,114.6898,194.89734
20.0,144.0,74.08709,109.17924,214.32852
20.0,143.0,69.74087,124.03159,222.61975
20.0,142.0,86.74431,132.60329,201.17996
20.0,141.0,76.64228,124.28746,212.94069
20.0,140.0,80.129295,102.0709,195.47289
20.0,139.0,66.916824,110.168304,183.76476
20.0,138.0,85.023155,106.001816,271.26865
20.0,137.0,73.768425,109.17936,200.39233
20.0,136.0,77.41168,107.91367,208.51619
20.0,135.0,63.12668,93.55847,203.0697
20.0,134.0,69.98395,112.674545,209.90314
20.0,133.0,83.32776,116.17509,219.71873
20.0,132.0,76.77764,114.68359,200.90384
20.0,131.0,62.56568,114.18529,188.91129
20.0,130.0,101.5511,108.83294,222.74297
20.0,129.0,89.46765,116.15561,206.00523
20.0,128.0,85.135445,122.3872,182.7969
20.0,127.0,67.83244,96.373665,223.40344
20.0,126.0,77.69617,104.35296,198.56241
20.0,125.0,68.45889,104.49639,205.30496
20.0,124.0,64.19556,114.4556,167.7476
20.0,123.0,68.35772,112.493576,233.54918
20.0,122.0,71.03772,111.497765,203.37671
20.0,121.0,66.61246,106.76603,206.79256
20.0,120.0,71.716515,111.94684,199.91264
20.0,119.0,57.097614,106.55019,198.22047
20.0,118.0,71.5486,101.95741,178.5223
20.0,117.0,76.12461,112.590965,204.17912
20.0,116.0,68.14304,104.83377,183.19914
20.0,115.0,73.5697,102.87306,201.03606
20.0,114.0,57.498116,105.23541,199.81136
20.0,113.0,79.394424,97.647766,188.18369
20.0,112.0,73.31673,108.61287,197.8245
20.0,111.0,70.860275,97.2872,186.51505
20.0,110.0,73.28534,108.28048,214.20856
20.0,109.0,60.910492,112.56167,156.44795
20.0,108.0,68.04054,105.56979,165.7487
20.0,107.0,64.65605,109.11126,176.71323
20.0,106.0,69.172874,105.85709,184.10643
20.0,105.0,69.78693,101.74783,182.4565
20.0,104.0,66.18466,102.75752,177.21495
20.0,103.0,73.52621,110.21807,176.06186
20.0,102.0,68.87442,105.66694,175.14032
20.0,101.0,63.632828,104.25712,186.80455
20.0,100.0,61.522663,89.70287,193.97795
20.0,99.0,58.07664,106.04208,201.86339
20.0,98.0,65.40059,104.137955,245.26718
20.0,97.0,69.19486,90.70156,206.90599
20.0,96.0,86.00118,105.145386,216.83565
20.0,95.0,70.76043,98.247154,208.14659
20.0,94.0,62.0672,102.889656,187.07526
20.0,93.0,47.564262,88.725716,192.60887
20.0,92.0,65.115486,94.80216,189.04832
20.0,91.0,62.45329,94.79143,167.47586
20.0,90.0,62.541935,106.0855,185.97014
20.0,89.0,66.978714,99.320175,201.6573
20.0,88.0,63.026985,102.65214,183.27647
20.0,87.0,59.303196,80.1684,155.52873
20.0,86.0,66.465935,86.21391,168.72327
20.0,85.0,49.140923,99.45058,146.6212
20.0,84.0,73.874374,96.78196,165.21622
20.0,83.0,53.771336,97.81268,106.37694
20.0,82.0,59.633198,98.5385,190.84134
20.0,81.0,61.78679,114.01045,176.89874
20.0,80.0,68.80625,120.56564,177.1548
20.0,79.0,58.4291,113.567856,175.06166
20.0,78.0,64.32135,112.81764,190.72693
20.0,77.0,63.595577,101.35476,218.95717
20.0,76.0,55.740166,101.41121,178.16396
20.0,75.0,58.89077,92.9251,184.77254
20.0,74.0,73.128975,101.69193,148.93852
20.0,73.0,46.01557,81.71637,154.51865
20.0,72.0,46.0158,76.99945,154.42416
20.0,71.0,48.47002,79.64639,145.53766
20.0,70.0,54.41023,76.61216,146.69763
20.0,69.0,44.813713,64.35761,143.60405
20.0,68.0,29.95681,81.00087,153.54457
20.0,67.0,34.657616,74.11351,136.73833
20.0,66.0,47.92925,86.23382,130.87917
20.0,65.0,48.490944,95.700676,128.67622
20.0,64.0,47.48642,68.510475,133.31023
20.0,63.0,54.106213,88.98345,126.95677
20.0,62.0,55.094864,90.114395,169.47595
20.0,61.0,60.730064,80.00973,118.085785
20.0,60.0,46.794327,86.63338,157.61873
20.0,59.0,55.20364,83.337074,109.933105
20.0,58.0,48.259632,80.19578,147.98201
20.0,57.0,51.762398,82.348236,123.47431
20.0,56.0,60.769142,79.93411,138.09581
20.0,55.0,50.631485,82.81162,116.06589
20.0,54.0,48.650215,72.92885,103.63851
20.0,53.0,48.99613,93.67653,116.6623
20.0,52.0,43.696552,62.66724,121.83106
20.0,51.0,33.921204,63.18071,131.36076
20.0,50.0,37.06716,73.33169,110.83297
20.0,49.0,31.544779,73.061775,102.08072
20.0,48.0,39.65892,84.131035,137.09251
20.0,47.0,41.416355,64.6699,118.356186
20.0,46.0,42.64513,66.47833,110.78627
20.0,45.0,38.394867,62.230442,80.11113
20.0,44.0,36.432587,55.47544,65.85149
20.0,43.0,28.172058,41.69807,71.982925
20.0,42.0,31.73775,58.209538,97.41128
20.0,41.0,30.160221,59.79799,68.04469
20.0,40.0,36.529343,58.86469,78.72897
20.0,39.0,39.730183,70.22822,84.62735
20.0,38.0,42.017754,61.802643,78.28411
20.0,37.0,25.5995,62.696075,99.995155
20.0,36.0,31.636688,66.15142,83.367325
20.0,35.0,39.02543,49.761616,93.31918
20.0,34.0,39.44827,61.01937,82.05137
20.0,33.0,34.062828,50.474052,85.01681
20.0,32.0,31.05714,49.9891,78.80922
20.0,31.0,25.476568,32.3644,52.90706
20.0,30.0,19.118683,30.190048,61.401714
20.0,29.0,21.96868,30.49829,40.83367
20.0,28.0,20.143938,28.42727,47.986496
20.0,27.0,21.478138,33.6393,47.12096
20.0,26.0,23.37543,38.756218,40.31151
20.0,25.0,20.146864,40.158775,46.01786
20.0,24.0,19.830233,44.47421,50.5191
20.0,23.0,22.059885,38.294727,52.887043
20.0,22.0,20.529135,44.81415,62.632736
20.0,21.0,14.500172,31.644253,44.16209
20.0,20.0,14.107053,28.043928,32.106373
20.0,19.0,11.1001425,23.512201,37.046356
20.0,18.0,11.947427,21.72064,33.66502
20.0,17.0,15.001267,18.058306,23.32833
20.0,16.0,6.927715,12.351516,23.71786
21.0,174.0,109.81496,162.98038,232.71683
21.0,173.0,113.85118,166.76126,220.77283
21.0,172.0,105.06273,161.33405,226.90482
21.0,171.0,107.91563,159.54814,226.47867
21.0,170.0,103.77699,156.40266,201.78697
21.0,169.0,103.613846,156.47319,245.21149
21.0,168.0,98.628624,164.2778,196.88724
21.0,167.0,114.25783,174.73311,184.23486
21.0,166.0,117.7009,173.17328,213.61021
21.0,165.0,115.12098,183.62535,214.79407
21.0,164.0,110.455086,171.17522,203.8038
21.0,163.0,122.79678,165.3693,230.19228
21.0,162.0,139.60245,167.10762,230.5718
21.0,161.0,136.45905,162.72588,227.6569
21.0,160.0,115.920204,164.69475,204.89294
21.0,159.0,108.36963,153.16008,249.90417
21.0,158.0,114.53296,144.62547,211.2839
21.0,157.0,105.53599,136.03827,238.56268
21.0,156.0,120.75666,151.16808,196.39822
21.0,155.0,108.168434,154.79236,233.43518
21.0,154.0,113.21256,148.66907,268.13837
21.0,153.0,107.93196,159.73753,204.52534
21.0,152.0,121.44305,161.4129,245.07932
21.0,151.0,140.47896,149.95465,229.95952
21.0,150.0,114.248856,150.02121,254.6938
21.0,149.0,101.52863,168.39418,210.26767
21.0,148.0,108.679504,161.39565,246.58682
21.0,147.0,121.277336,166.4982,212.32086
21.0,146.0,113.51368,159.2354,243.56339
21.0,145.0,116.93237,151.81384,265.13043
21.0,144.0,98.99398,146.2951,217.23163
21.0,143.0,105.252495,133.12451,230.5832
21.0,142.0,96.049805,146.15318,229.48456
21.0,141.0,116.1161,144.19029,232.02092
21.0,140.0,111.0691,139.70027,235.34798
21.0,139.0,114.79887,147.90671,218.82878
21.0,138.0,104.22726,166.6148,216.32402
21.0,137.0,103.31204,143.74669,224.31444
21.0,136.0,103.59621,151.3844,264.57654
21.0,135.0,117.60543,144.53885,220.47455
21.0,134.0,107.268456,157.0471,241.12697
21.0,133.0,103.79752,163.46913,239.36362
21.0,132.0,98.02142,165.43246,212.73413
21.0,131.0,114.40309,165.23607,227.57245
21.0,130.0,113.46419,171.37027,258.90143
21.0,129.0,106.23341,163.2905,223.83002
21.0,128.0,122.22253,161.10794,207.81468
21.0,127.0,109.05671,150.27306,244.03902
21.0,126.0,104.63108,159.99489,276.48074
21.0,125.0,115.513016,157.22713,242.08292
21.0,124.0,127.78226,149.92467,273.28308
21.0,123.0,119.664795,166.60988,211.99991
21.0,122.0,105.14358,161.96062,231.9423
21.0,121.0,118.18998,150.72523,220.10704
21.0,120.0,98.08054,149.96211,230.96048
21.0,119.0,106.86796,158.01839,242.36932
21.0,118.0,112.94745,151.00912,202.59935
21.0,117.0,104.92486,151.06952,264.85287
21.0,116.0,105.50648,140.03566,242.24818
21.0,115.0,122.440544,146.03941,173.40941
21.0,114.0,98.82683,147.3801,240.35551
21.0,113.0,97.60092,144.54858,194.0212
21.0,112.0,121.374855,136.07393,224.57127
21.0,111.0,95.691734,138.7146,208.91959
21.0,110.0,99.52223,130.2758,233.72874
21.0,109.0,100.68708,132.8434,229.8932
21.0,108.0,102.22274,133.6571,216.03374
21.0,107.0,96.360435,141.06738,195.19728
21.0,106.0,111.314125,149.26306,249.78104
21.0,105.0,99.987206,154.75488,209.72105
21.0,104.0,97.48225,123.013405,205.14948
21.0,103.0,95.33927,125.0551,212.94261
21.0,102.0,89.606995,125.6271,200.79308
21.0,101.0,88.44641,129.82573,204.38077
21.0,100.0,93.939896,129.55801,230.80798
21.0,99.0,99.54405,147.77534,179.03514
21.0,98.0,105.03178,150.02182,224.48117
21.0,97.0,100.15604,127.52273,172.89456
21.0,96.0,96.24953,134.19478,203.56613
21.0,95.0,103.18171,122.35362,228.67638
21.0,94.0,100.6885,118.17275,201.54517
21.0,93.0,91.38529,126.04545,224.44688
21.0,92.0,91.60427,112.73308,221.59604
21.0,91.0,117.24197,122.90349,209.63954
21.0,90.0,85.68082,114.68525,221.6883
21.0,89.0,86.11667,116.18585,229.42313
21.0,88.0,98.008835,112.16403,232.5341
21.0,87.0,98.59764,122.85992,222.4446
21.0,86.0,97.57809,126.13487,203.8617
21.0,85.0,86.890945,120.5379,211.6822
21.0,84.0,89.70733,118.61646,209.74785
21.0,83.0,88.78672,119.56051,204.33167
21.0,82.0,76.54078,97.764534,177.80537
21.0,81.0,83.95114,107.52513,188.32324
21.0,80.0,81.77277,104.859146,210.8458
21.0,79.0,73.94884,95.15835,149.70285
21.0,78.0,70.34031,96.14944,171.65973
21.0,77.0,82.892105,102.355515,175.08179
21.0,76.0,78.254036,117.96554,136.17026
21.0,75.0,74.5458,104.708435,140.23535
21.0,74.0,73.167114,113.14776,156.56154
21.0,73.0,73.4046,99.61559,149.75943
21.0,72.0,80.79201,92.33922,160.74902
21.0,71.0,85.62182,96.11317,120.81295
21.0,70.0,92.54902,113.05384,139.44592
21.0,69.0,84.780815,97.21016,130.25613
21.0,68.0,83.12794,90.964966,141.86195
21.0,67.0,87.74138,97.71446,102.43626
21.0,66.0,77.370514,103.822105,123.09586
21.0,65.0,111.57876,79.19171,111.86716
21.0,64.0,65.63882,70.85173,127.40822
21.0,63.0,70.28486,77.83216,106.85043
21.0,62.0,74.816376,71.33471,98.632286
21.0,61.0,75.44212,69.22824,132.31104
21.0,60.0,68.93345,76.802864,77.1164
21.0,59.0,71.11282,76.20674,95.076805
21.0,58.0,62.130722,68.98212,94.15566
21.0,57.0,62.69518,71.06225,105.87038
22.0,119.0,95.26908,133.88382,220.54742
22.0,118.0,82.97059,140.68468,177.43356
22.0,117.0,74.00762,136.89781,209.57101
22.0,116.0,70.71994,128.175,222.76158
22.0,115.0,75.12092,117.27778,176.0279
22.0,114.0,92.097115,137.88144,181.41783
22.0,113.0,77.82562,138.11261,184.08023
22.0,112.0,77.15756,127.8471,236.78441
22.0,111.0,78.75524,136.74263,200.7775
23.0,212.0,125.67325,188.66666,237.34908
23.0,211.0,112.22861,187.82124,205.34692
23.0,210.0,109.73486,192.31387,222.43118
23.0,209.0,118.95889,183.59616,229.8349
23.0,208.0,117.35448,192.80286,229.55293
23.0,207.0,120.8654,196.55878,176.83185
23.0,206.0,111.98589,175.45216,227.7892
23.0,205.0,110.55009,179.9695,228.71553
23.0,204.0,112.90693,179.15761,274.04153
23.0,203.0,116.28998,191.95593,225.1918
23.0,202.0,116.537994,185.49763,234.12517
23.0,201.0,121.00055,182.02345,232.47124
23.0,200.0,120.66521,180.09773,252.84285
23.0,199.0,122.034546,181.33055,250.77322
23.0,198.0,127.26972,190.5348,190.30554
23.0,197.0,118.82516,190.50334,222.63611
23.0,196.0,113.711,190.1724,188.942
23.0,195.0,123.89821,188.37022,247.02422
23.0,194.0,124.91438,188.9227,181.3389
23.0,193.0,122.68072,207.286,238.41245
23.0,192.0,124.84184,198.84781,237.69904
23.0,191.0,124.33481,181.69275,258.09637
23.0,190.0,114.53275,182.32991,224.2251
23.0,189.0,118.886665,189.89572,249.04263
23.0,188.0,107.72613,178.66576,189.38312
23.0,187.0,111.57892,171.93813,286.40494
23.0,186.0,115.34744,178.76834,230.11778
23.0,185.0,117.56024,178.42131,292.60837
23.0,184.0,132.78485,186.74791,246.96774
23.0,183.0,111.54652,183.3202,260.72794
23.0,182.0,115.487335,189.41216,214.46756
23.0,181.0,117.36758,174.59015,216.74092
23.0,180.0,119.97916,175.49046,268.0933
23.0,179.0,112.27724,158.15941,203.85522
23.0,178.0,118.78178,176.89607,242.04787
23.0,177.0,116.24809,182.76567,242.93211
23.0,176.0,104.9529,185.78008,191.63716
23.0,175.0,110.565445,181.41873,237.08867
23.0,174.0,128.77701,187.31656,197.7289
23.0,173.0,105.895004,190.77222,229.15556
23.0,172.0,117.41793,181.56747,246.16185
23.0,171.0,112.07058,182.21248,234.06839
23.0,170.0,100.644966,165.05453,234.94597
23.0,169.0,105.43883,172.17632,205.25871
23.0,168.0,105.073814,163.14117,252.77222
23.0,167.0,100.44635,164.57545,220.29594
23.0,166.0,110.76151,161.67805,179.22536
23.0,165.0,114.0943,187.52942,256.76004
23.0,164.0,114.06186,179.41081,225.15427
23.0,163.0,137.9669,173.72392,240.56393
23.0,162.0,101.25043,176.86424,220.41438
23.0,161.0,123.07345,175.78738,215.94025
23.0,160.0,111.531876,167.37505,235.59554
23.0,159.0,105.48199,163.22186,228.10913
23.0,158.0,107.91496,167.06302,225.19722
23.0,157.0,117.459175,166.17587,215.7135
23.0,156.0,112.68152,166.19931,237.86215
23.0,155.0,114.44377,164.25937,231.36842
23.0,154.0,110.10636,164.62733,228.70781
23.0,153.0,112.97912,177.63069,204.78226
23.0,152.0,104.192276,153.79225,195.08908
23.0,151.0,109.12251,157.03906,202.00693
23.0,150.0,112.43545,161.50061,226.83199
23.0,149.0,101.275955,176.44145,258.9407
23.0,148.0,113.87994,165.3915,227.65416
23.0,147.0,113.78515,172.53627,236.22371
23.0,146.0,110.37085,170.77568,222.69044
23.0,145.0,113.57151,171.58627,257.61407
23.0,144.0,102.8468,158.04086,225.31718
23.0,143.0,113.13777,165.8074,237.8585
23.0,142.0,125.17453,164.17061,245.88074
23.0,141.0,102.482445,164.75832,257.97632
23.0,140.0,102.317245,158.47418,166.33824
23.0,139.0,101.39262,168.45633,251.78358
23.0,138.0,111.890945,170.07962,233.08488
23.0,137.0,134.66324,166.63338,219.29901
23.0,136.0,110.98345,149.40251,219.59552
23.0,135.0,91.60559,163.04398,201.79626
23.0,134.0,100.510216,162.57845,270.99335
23.0,133.0,93.9817,156.97536,246.11154
23.0,132.0,106.90519,139.45978,276.1139
23.0,131.0,106.20779,152.09181,253.26056
23.0,130.0,94.628105,153.08131,229.02924
23.0,129.0,97.44463,141.32028,219.82065
23.0,128.0,102.60604,148.06537,245.0383
23.0,127.0,108.040344,155.08337,250.4636
23.0,126.0,106.48419,156.36626,205.60411
23.0,125.0,97.09798,163.50594,256.90927
23.0,124.0,126.29603,157.07141,267.6678
23.0,123.0,110.54054,167.19403,216.06343
23.0,122.0,102.76477,147.05972,259.38046
23.0,121.0,103.832535,154.69795,196.89847
23.0,120.0,110.3267,146.56174,242.48619
23.0,119.0,111.038925,148.27873,221.29852
23.0,118.0,108.92109,150.42273,270.0159
23.0,117.0,94.568985,143.6282,222.7171
23.0,116.0,95.075806,127.460526,233.23947
23.0,115.0,92.413826,138.70464,237.0207
23.0,114.0,95.789764,143.36151,232.73093
23.0,113.0,101.54641,139.71768,220.49666
24.0,175.0,112.39956,160.81184,216.92578
24.0,174.0,117.89339,170.94223,207.3181
24.0,173.0,121.18814,168.36731,192.39034
24.0,172.0,115.66116,166.04863,179.82228
24.0,171.0,109.00575,160.41304,217.21686
24.0,170.0,113.32152,158.62088,184.54984
24.0,169.0,114.51463,160.43587,204.23532
24.0,168.0,119.69197,160.74002,206.38818
24.0,167.0,114.247856,160.90506,188.16876
24.0,166.0,125.70481,169.00117,187.36009
24.0,165.0,121.66606,175.17674,208.60443
24.0,164.0,120.95654,165.58488,233.16577
24.0,163.0,120.32534,164.35904,186.62517
24.0,162.0,125.01767,171.8124,239.3755
24.0,161.0,119.94062,170.79988,231.38826
24.0,160.0,105.724594,163.03886,239.09074
24.0,159.0,118.7,177.2586,197.49088
24.0,158.0,122.2402,179.25845,229.32504
24.0,157.0,120.6083,179.47774,205.37839
24.0,156.0,111.33503,172.85374,225.06871
24.0,155.0,107.43167,163.59033,205.43698
24.0,154.0,108.86625,152.2394,185.61945
24.0,153.0,110.41596,166.11789,195.87003
24.0,152.0,111.59608,162.978,203.83249
24.0,151.0,109.68704,156.74132,171.09608
24.0,150.0,136.16641,157.01233,205.08011
24.0,149.0,120.01106,155.9682,226.11058
24.0,148.0,116.909645,166.06068,196.37355
24.0,147.0,119.13652,168.26833,167.11478
24.0,146.0,121.83786,180.55223,194.73346
24.0,145.0,118.628,160.68831,196.24913
24.0,144.0,114.44829,166.0487,220.53215
24.0,143.0,118.69787,158.53653,173.48308
24.0,142.0,112.52676,153.41241,169.41046
24.0,141.0,112.054474,152.9107,194.04492
24.0,140.0,112.99924,148.07912,198.44797
24.0,139.0,109.552734,153.95448,205.17262
24.0,138.0,121.44729,159.52707,199.91864
24.0,137.0,110.28044,147.82562,217.5488
24.0,136.0,110.11193,152.54799,182.44255
24.0,135.0,111.941666,148.14882,196.55853
24.0,134.0,104.0042,147.19247,184.19983
24.0,133.0,104.871155,147.17598,220.9039
24.0,132.0,112.49406,162.63084,181.47237
24.0,131.0,117.58076,147.84486,189.61108
24.0,130.0,103.28882,154.84766,188.25034
24.0,129.0,111.08167,156.62851,178.97745
24.0,128.0,111.397156,158.87521,201.30095
24.0,127.0,112.01874,156.41435,188.74696
24.0,126.0,106.428825,156.47977,180.14075
24.0,125.0,91.367516,140.41801,179.13779
24.0,124.0,93.883354,137.57236,161.27315
24.0,123.0,103.083206,135.82007,182.32965
24.0,122.0,102.1793,130.4736,229.72946
24.0,121.0,104.68221,149.43147,192.26332
24.0,120.0,100.56664,150.60545,162.10265
24.0,119.0,113.52432,140.82957,153.09776
24.0,118.0,137.95628,129.48845,172.77667
24.0,117.0,106.535675,158.197,218.68329
24.0,116.0,100.42984,142.31384,188.2608
24.0,115.0,93.49061,137.76532,199.77913
24.0,114.0,113.51083,148.45438,163.80614
24.0,113.0,102.45462,135.93755,169.06647
24.0,112.0,85.51869,135.9668,196.99568
24.0,111.0,108.33564,153.70432,180.8757
24.0,110.0,91.82672,145.83101,162.45775
24.0,109.0,108.315414,150.37163,175.53505
24.0,108.0,104.192276,129.86346,165.56596
24.0,107.0,129.63736,140.32664,149.92862
24.0,106.0,113.531364,137.84898,151.53943
24.0,105.0,94.28304,116.01469,171.84584
24.0,104.0,91.02773,122.85271,144.49706
24.0,103.0,93.16155,129.10197,149.26924
24.0,102.0,95.012405,122.825584,141.41724
24.0,101.0,110.15847,130.30957,150.90906
24.0,100.0,88.19833,127.14442,144.88481
24.0,99.0,98.922165,131.12477,172.83214
24.0,98.0,99.82473,127.62936,167.57578
24.0,97.0,115.17875,136.48718,166.47607
24.0,96.0,105.33843,136.0187,127.38
24.0,95.0,102.76178,118.95129,173.2765
24.0,94.0,114.09739,127.1533,168.5928
24.0,93.0,99.190125,118.85469,102.85037
24.0,92.0,89.628265,122.70881,127.80947
24.0,91.0,84.24117,125.03723,145.18112
24.0,90.0,102.17694,104.561676,138.63435
24.0,89.0,87.50788,115.47824,115.11357
24.0,88.0,120.7006,112.26623,128.1271
24.0,87.0,86.36384,105.04954,140.3331
24.0,86.0,89.952515,115.233284,131.86865
24.0,85.0,87.696075,101.541504,117.6677
24.0,84.0,79.878204,104.52936,116.69603
24.0,83.0,81.49366,103.86361,114.43856
24.0,82.0,68.713615,110.53647,122.50832
24.0,81.0,76.67811,90.807304,114.16379
24.0,80.0,85.274475,111.19755,122.51023
24.0,79.0,82.78859,94.235664,103.45816
24.0,78.0,77.99521,85.02551,99.80576
24.0,77.0,76.05296,89.17085,118.01587
24.0,76.0,80.88737,73.9461,93.90228
24.0,75.0,79.96635,80.81569,101.75829
24.0,74.0,93.43726,70.864395,115.88828
24.0,73.0,59.202164,70.18125,95.17303
24.0,72.0,68.71772,70.81864,93.71666
24.0,71.0,78.67697,75.69953,92.43235
24.0,70.0,64.27022,69.943726,108.94224
24.0,69.0,69.3188,70.23166,99.09186
24.0,68.0,80.51172,76.276245,78.279686
24.0,67.0,64.037636,69.1915,86.391754
24.0,66.0,70.13717,66.54733,104.762505
24.0,65.0,62.087086,66.12457,94.234985
24.0,64.0,62.774864,68.87563,93.041306
24.0,63.0,54.514626,72.9014,89.945244
24.0,62.0,69.1991,58.019123,79.51176
24.0,61.0,63.339527,68.07447,105.40815
24.0,60.0,55.494938,67.764145,76.3322
24.0,59.0,50.706936,59.333447,77.310265
24.0,58.0,74.53535,61.1058,84.09928
24.0,57.0,66.80904,63.83608,76.286575
24.0,56.0,41.90099,53.74501,84.451164
24.0,55.0,60.32436,60.47237,74.80905
24.0,54.0,59.554596,54.02407,83.4974
24.0,53.0,66.13632,48.98576,80.45348
24.0,52.0,44.0739,60.40671,78.92814
24.0,51.0,48.531887,54.665276,84.45538
24.0,50.0,65.211075,53.49118,83.16175
24.0,49.0,68.81048,47.15954,86.942314
24.0,48.0,54.233486,53.54455,86.78461
24.0,47.0,53.011097,47.125015,83.87128
24.0,46.0,47.125168,45.98258,99.98836
24.0,45.0,53.686974,41.82638,83.17396
24.0,44.0,35.714115,42.144516,78.51741
24.0,43.0,36.280464,44.915268,79.8925
24.0,42.0,34.2126,44.792976,72.17322
24.0,41.0,34.61266,44.31389,67.63326
24.0,40.0,34.742935,42.326626,74.149506
24.0,39.0,33.36488,44.783752,67.270584
24.0,38.0,28.658373,36.798103,56.831074
24.0,37.0,31.579584,42.76955,61.289307
24.0,36.0,34.749573,36.739475,42.145958
24.0,35.0,27.978352,38.443,82.6581
24.0,34.0,36.160175,43.814182,65.51553
24.0,33.0,28.392859,35.624924,61.458504
24.0,32.0,25.891188,27.563751,40.69717
24.0,31.0,25.335743,29.624214,64.898994
24.0,30.0,23.08642,28.00476,47.468765
24.0,29.0,24.0691,31.614187,54.759396
24.0,28.0,26.482876,34.22677,53.20083
24.0,27.0,21.363842,31.534441,39.100754
24.0,26.0,21.608727,29.343008,56.149277
24.0,25.0,17.841597,32.392963,51.46545
24.0,24.0,15.052048,29.633564,39.688763
24.0,23.0,20.95765,24.726606,41.303665
24.0,22.0,18.68039,25.190086,64.92816
24.0,21.0,15.90436,23.702038,37.332535
24.0,20.0,12.982153,22.06489,54.549114
25.0,162.0,86.04774,145.83875,238.50493
25.0,161.0,93.14783,141.25214,235.24844
25.0,160.0,84.912636,135.51852,213.08115
25.0,159.0,100.74646,146.12355,236.29816
25.0,158.0,85.78657,148.0385,224.34912
25.0,157.0,91.16949,146.78531,204.19305
25.0,156.0,85.53709,141.28653,222.80061
25.0,155.0,99.02741,152.66628,211.24896
25.0,154.0,95.95397,154.9912,243.05617
25.0,153.0,103.6191,141.40898,227.5974
25.0,152.0,90.56553,135.40608,210.6804
25.0,151.0,88.86881,130.96623,219.77368
25.0,150.0,104.972275,128.98326,235.24055
25.0,149.0,88.86202,133.68073,237.71727
25.0,148.0,101.13831,138.40385,225.95178
25.0,147.0,87.56865,130.07166,246.88698
25.0,146.0,94.84222,132.21738,192.94302
25.0,145.0,95.67792,133.16692,219.82202
26.0,164.0,134.83722,138.82382,203.37656
26.0,163.0,113.99686,137.84682,223.47185
26.0,162.0,91.81231,133.48305,217.39804
26.0,161.0,106.776596,132.91777,208.59995
26.0,160.0,80.98669,115.93304,193.302
26.0,159.0,90.83231,119.12314,183.49796
26.0,158.0,82.651665,116.24528,225.40364
26.0,157.0,95.39797,120.28182,235.41432
26.0,156.0,101.12363,124.913345,216.74725
26.0,155.0,97.69216,125.252945,176.56015
26.0,154.0,109.07204,127.952515,255.61716
26.0,153.0,95.50599,114.54388,220.37947
26.0,152.0,89.658394,137.61125,206.83878
26.0,151.0,113.117744,134.42186,208.88585
26.0,150.0,107.29281,139.75589,197.33711
26.0,149.0,80.68397,123.99807,193.91513
26.0,148.0,88.01445,128.54613,225.8266
26.0,147.0,91.41825,126.82357,229.63432
26.0,146.0,110.571335,130.28188,213.00345
26.0,145.0,125.81938,130.11269,189.61919
26.0,144.0,74.54906,107.14695,201.36343
26.0,143.0,89.75583,120.82606,205.89062
26.0,142.0,100.01507,121.941154,193.56798
26.0,141.0,103.456635,129.99753,253.83806
26.0,140.0,109.457146,127.364944,195.97974
26.0,139.0,102.0858,118.173454,188.44275
26.0,138.0,113.26499,136.23386,204.96893
26.0,137.0,96.74861,127.02558,217.8745
26.0,136.0,83.24793,119.797325,183.74643
26.0,135.0,77.938805,108.034195,202.3303
26.0,134.0,85.23152,110.020195,211.19308
26.0,133.0,92.47168,120.42943,224.9912
26.0,132.0,96.06055,129.35268,190.59384
26.0,131.0,109.19735,126.83553,245.3755
26.0,130.0,101.86983,127.57456,200.74336
26.0,129.0,93.819145,123.38438,180.02954
26.0,128.0,84.956505,115.39756,233.9206
26.0,127.0,96.80404,123.00555,205.55275
26.0,126.0,91.75873,109.46154,172.83308
26.0,125.0,88.64872,122.53339,178.02371
26.0,124.0,104.5455,114.80355,184.24641
26.0,123.0,100.07601,116.16292,169.90532
26.0,122.0,101.20079,129.34885,178.77238
26.0,121.0,94.05806,129.54102,202.0125
26.0,120.0,85.78508,121.02734,211.07983
26.0,119.0,93.47806,107.945,205.80351
27.0,175.0,107.26266,180.91579,225.90782
27.0,174.0,124.71334,194.45053,256.5048
27.0,173.0,137.5088,183.00792,229.30388
27.0,172.0,105.26948,189.88582,227.28984
27.0,171.0,117.03108,177.07602,249.9875
27.0,170.0,115.27774,169.96518,228.60327
27.0,169.0,115.77767,185.12993,212.56235
27.0,168.0,106.93418,174.71638,257.9854
27.0,167.0,102.3185,160.89621,242.50356
27.0,166.0,130.59676,173.99492,214.47177
27.0,165.0,111.07753,154.64317,210.74379
27.0,164.0,104.973694,171.22086,228.53029
27.0,163.0,116.0153,171.0313,203.35236
27.0,162.0,112.966576,179.56192,244.84947
27.0,161.0,125.68015,174.25526,229.8726
27.0,160.0,108.047905,178.57278,223.55377
27.0,159.0,110.67247,180.02563,236.89523
27.0,158.0,130.5228,160.30939,198.08928
27.0,157.0,106.517784,176.44687,257.17575
27.0,156.0,112.822075,180.99777,268.84323
27.0,155.0,111.09927,171.64732,254.0103
27.0,154.0,115.24706,160.57448,204.71042
27.0,153.0,108.4752,166.82951,248.10252
27.0,152.0,105.537605,165.37218,234.29463
27.0,151.0,106.81955,172.61504,203.4286
27.0,150.0,132.75732,161.44106,213.73413
27.0,149.0,118.44978,159.14859,207.29997
27.0,148.0,113.17688,166.38179,207.87688
27.0,147.0,106.61899,173.72705,272.95044
27.0,146.0,110.838524,180.52974,207.02798
27.0,145.0,113.609314,176.73413,214.78639
27.0,144.0,113.90952,169.05263,232.77
27.0,143.0,106.02834,180.93616,220.44867
27.0,142.0,111.7733,183.79237,249.9913
27.0,141.0,108.489105,165.53226,242.75554
27.0,140.0,117.925156,173.54858,252.0262
27.0,139.0,122.10991,173.14308,201.31493
27.0,138.0,116.19003,177.63107,289.7145
27.0,137.0,113.35829,173.08539,247.00076
27.0,136.0,111.46162,150.43967,194.55193
27.0,135.0,101.36972,151.41408,245.34096
27.0,134.0,101.33408,145.73175,227.67102
27.0,133.0,107.088104,155.72966,222.76636
27.0,132.0,99.24888,163.04788,197.86153
27.0,131.0,108.27863,157.88066,236.71986
27.0,130.0,98.0709,143.22891,215.68745
27.0,129.0,100.17764,141.53885,215.67603
27.0,128.0,104.78596,129.06163,211.32811
27.0,127.0,108.452965,145.44368,227.50029
27.0,126.0,96.976456,143.4523,234.89902
27.0,125.0,107.67655,150.48955,228.57884
27.0,124.0,101.380646,142.67473,207.0684
27.0,123.0,102.90198,147.50331,230.3574
27.0,122.0,96.93766,145.08241,244.05591
27.0,121.0,98.95575,165.32942,228.53131
27.0,120.0,98.209206,158.2711,227.94012
27.0,119.0,96.881256,146.46442,221.37973
27.0,118.0,101.62312,142.93826,219.73578
27.0,117.0,109.15465,145.65744,256.71313
27.0,116.0,102.2648,146.24956,241.81633
27.0,115.0,103.21178,148.11626,216.73091
27.0,114.0,96.81673,143.58292,230.46886
27.0,113.0,105.17339,155.41357,241.53189
27.0,112.0,93.403854,147.4806,201.24127
27.0,111.0,98.46779,141.46007,213.58191
27.0,110.0,105.900635,154.57965,223.09444
27.0,109.0,153.52173,147.3683,221.23727
27.0,108.0,99.4413,147.14925,253.12164
27.0,107.0,97.3896,139.70667,225.18275
27.0,106.0,97.156136,131.7811,187.45544
27.0,105.0,78.96247,135.27522,205.75085
27.0,104.0,99.29937,144.68152,244.03867
27.0,103.0,91.771515,145.49525,234.71355
27.0,102.0,96.02193,147.95605,230.19771
27.0,101.0,92.770226,144.86928,209.84344
27.0,100.0,89.751976,138.76111,190.44318
27.0,99.0,88.823204,138.3613,266.3144
27.0,98.0,84.87432,117.751274,221.94316
27.0,97.0,99.39353,137.8748,212.25296
27.0,96.0,85.19959,144.31265,215.26808
27.0,95.0,89.78417,146.0027,173.51968
27.0,94.0,90.18455,138.13863,199.29709
27.0,93.0,96.7771,120.98723,222.69589
27.0,92.0,104.09152,125.29615,240.95781
27.0,91.0,93.26715,125.33784,200.6083
27.0,90.0,98.4331,117.561584,196.9992
27.0,89.0,91.8303,119.06819,172.994
27.0,88.0,99.95316,125.74986,183.39857
27.0,87.0,79.81996,112.95643,222.90999
27.0,86.0,87.575554,128.36826,200.03195
27.0,85.0,80.64952,127.641106,242.8829
27.0,84.0,94.61222,115.92172,215.08504
27.0,83.0,84.37871,122.330826,190.4235
27.0,82.0,88.00982,121.47376,209.53528
27.0,81.0,83.67878,105.65366,175.18474
27.0,80.0,77.24891,116.086266,207.46808
27.0,79.0,77.25753,116.170944,204.2147
27.0,78.0,74.91025,109.78833,207.3301
27.0,77.0,76.12799,98.998856,204.5232
27.0,76.0,82.77729,98.59648,201.74092
27.0,75.0,90.448265,109.373375,175.95059
27.0,74.0,74.4617,109.457146,200.23909
27.0,73.0,82.12242,113.46191,200.67392
27.0,72.0,81.02175,112.46273,225.69658
27.0,71.0,69.44317,113.74773,185.22124
27.0,70.0,68.16095,93.42829,202.53984
27.0,69.0,70.24068,110.191444,197.45155
27.0,68.0,76.80168,117.78525,219.25792
27.0,67.0,69.93772,111.66231,229.95567
27.0,66.0,76.58633,112.96692,208.4465
28.0,224.0,84.91975,142.64864,240.01982
28.0,223.0,76.85407,139.20409,216.29198
28.0,222.0,90.663506,132.06686,204.9271
28.0,221.0,85.20504,132.48338,228.08423
28.0,220.0,82.23685,114.92337,223.41614
28.0,219.0,75.478745,122.69925,206.14984
28.0,218.0,87.93324,131.572,186.64333
28.0,217.0,82.0836,133.34373,215.92804
28.0,216.0,86.513794,130.09373,204.52371
28.0,215.0,83.768074,133.46153,184.5691
28.0,214.0,84.88297,125.95789,192.25537
28.0,213.0,87.44474,131.79684,197.61728
28.0,212.0,84.04352,150.06003,237.80682
28.0,211.0,96.091225,138.93333,227.39223
28.0,210.0,87.279495,136.62958,211.70604
28.0,209.0,95.75311,137.46582,179.4112
28.0,208.0,86.18629,133.63239,201.9128
28.0,207.0,84.5223,137.0014,185.49117
28.0,206.0,94.693695,141.55112,231.92506
28.0,205.0,91.888695,141.1479,189.46933
28.0,204.0,88.99465,148.37016,188.29173
28.0,203.0,79.23981,131.59334,205.10326
28.0,202.0,88.02574,141.14381,177.4835
28.0,201.0,84.302574,124.57377,180.3511
28.0,200.0,87.74072,115.012665,229.24129
28.0,199.0,74.267006,125.263985,172.29028
28.0,198.0,96.92927,130.66373,159.93839
28.0,197.0,82.11358,139.0462,199.33583
28.0,196.0,90.17342,130.78365,221.42711
28.0,195.0,81.550095,130.60088,234.44087
28.0,194.0,83.96603,125.59557,186.8692
28.0,193.0,79.43788,128.75691,192.9919
28.0,192.0,83.23341,126.86511,166.20743
28.0,191.0,80.665665,126.73358,168.79543
28.0,190.0,80.55624,142.83128,188.1831
28.0,189.0,86.92936,133.93875,193.64496
28.0,188.0,88.9159,131.20233,191.33484
28.0,187.0,80.63219,132.38307,182.05905
28.0,186.0,79.81918,120.23055,218.38899
28.0,185.0,82.74538,122.39823,205.74257
28.0,184.0,83.74096,107.656845,189.4527
28.0,183.0,88.54332,114.698395,195.27963
28.0,182.0,85.9578,115.66217,158.72511
28.0,181.0,75.82847,127.94023,211.98868
28.0,180.0,67.33293,120.381325,197.11201
28.0,179.0,78.6928,121.68952,192.9681
28.0,178.0,73.59259,135.96529,174.24315
28.0,177.0,87.34863,130.23927,205.9139
28.0,176.0,85.712814,144.15651,220.09267
28.0,175.0,83.642075,134.05186,227.05809
28.0,174.0,96.13049,136.89035,189.85475
28.0,173.0,90.50118,140.30357,197.61493
28.0,172.0,84.44177,133.28429,216.51196
28.0,171.0,78.26023,129.19658,218.07031
28.0,170.0,73.75582,131.1982,183.7928
28.0,169.0,83.81335,133.64474,201.17465
28.0,168.0,90.35638,139.7001,222.154
28.0,167.0,81.811035,128.01117,183.21834
28.0,166.0,82.760605,124.37002,202.30705
28.0,165.0,83.567665,139.7262,197.98207
28.0,164.0,86.958855,143.20981,177.88702
28.0,163.0,81.792564,136.14638,186.35225
28.0,162.0,102.722664,138.66617,200.4282
28.0,161.0,84.33927,117.716,177.40768
28.0,160.0,85.30971,138.98656,175.05324
28.0,159.0,90.87655,121.809784,183.23972
28.0,158.0,60.577908,118.718925,206.04547
28.0,157.0,84.089195,123.1254,175.88237
28.0,156.0,72.882256,142.81404,162.05672
28.0,155.0,79.80605,149.90173,198.96942
28.0,154.0,78.861595,129.74075,204.22845
28.0,153.0,76.73869,130.75348,166.89531
28.0,152.0,70.1671,126.44392,171.12498
28.0,151.0,86.157074,127.406166,187.96541
28.0,150.0,74.20228,125.42605,182.17987
28.0,149.0,72.718544,135.71507,175.26825
28.0,148.0,79.81875,130.71936,158.75934
28.0,147.0,77.281494,128.78038,211.70084
28.0,146.0,65.40424,124.4956,196.83476
28.0,145.0,75.05504,114.51423,203.62839
28.0,144.0,70.29362,104.393974,168.44179
28.0,143.0,80.41019,117.482124,173.8569
28.0,142.0,75.884705,115.03698,180.16762
28.0,141.0,71.600494,111.29193,192.82681
28.0,140.0,66.88893,122.39046,203.80064
28.0,139.0,78.78344,122.942764,186.84357
28.0,138.0,78.068375,119.33919,169.57367
28.0,137.0,72.00734,122.30994,189.40813
28.0,136.0,75.17459,117.00943,199.26279
28.0,135.0,73.68451,120.466354,184.74486
28.0,134.0,72.76576,121.55266,188.50218
28.0,133.0,90.81756,114.31636,185.18951
28.0,132.0,79.9251,124.438835,170.54005
28.0,131.0,81.897896,134.24757,194.77821
28.0,130.0,79.54154,134.70049,206.3864
28.0,129.0,68.155075,112.41482,156.92894
28.0,128.0,62.02989,108.16891,175.05487
28.0,127.0,65.45789,110.415245,171.24188
28.0,126.0,70.686264,117.37341,197.80432
28.0,125.0,72.81258,116.583595,181.42744
28.0,124.0,63.590725,105.79328,151.21938
28.0,123.0,66.58972,129.9355,194.71056
28.0,122.0,68.94183,115.317474,182.35008
28.0,121.0,70.62683,108.87321,186.04327
28.0,120.0,81.09541,115.15815,212.62805
28.0,119.0,72.0945,124.501656,172.65677
28.0,118.0,70.606224,115.35849,115.552246
28.0,117.0,74.417,116.35927,170.16223
28.0,116.0,71.767075,117.350586,168.72316
28.0,115.0,59.835335,123.06854,168.13773
28.0,114.0,73.28981,118.88892,171.23523
28.0,113.0,73.37743,116.55465,190.61922
28.0,112.0,72.84412,124.98062,157.98134
28.0,111.0,92.23608,111.696396,149.01346
28.0,110.0,70.61642,106.29703,191.3773
28.0,109.0,72.32065,121.334755,156.56693
28.0,108.0,65.85028,106.90976,181.89517
28.0,107.0,84.803894,118.227974,154.05165
28.0,106.0,69.03809,116.86645,215.19763
28.0,105.0,59.829956,109.31172,130.2999
28.0,104.0,61.46578,104.88803,166.69545
28.0,103.0,50.966496,100.24192,145.97847
28.0,102.0,46.558533,100.4214,138.25931
28.0,101.0,69.681114,114.12196,147.06894
28.0,100.0,67.74565,123.472466,180.28738
28.0,99.0,66.2248,112.26053,176.00978
28.0,98.0,66.855095,104.6934,176.26819
28.0,97.0,70.107056,123.29292,181.11818
29.0,230.0,104.449234,137.26654,235.32564
29.0,229.0,102.93425,134.49649,247.06161
29.0,228.0,97.54023,130.68562,239.16196
29.0,227.0,99.20035,137.32513,261.5989
29.0,226.0,116.91463,133.21523,214.86111
29.0,225.0,119.55654,147.83864,253.74078
29.0,224.0,100.02501,142.7905,219.16284
29.0,223.0,88.99715,148.23253,212.83292
29.0,222.0,127.31138,137.83882,202.48682
29.0,221.0,152.30925,160.24518,218.08685
29.0,220.0,91.63794,142.23845,214.19502
29.0,219.0,85.56079,145.39049,211.64255
29.0,218.0,101.97077,136.57297,286.64093
29.0,217.0,97.97964,126.05965,199.29662
29.0,216.0,96.97815,140.2326,227.86777
29.0,215.0,88.97543,143.45467,243.72821
29.0,214.0,150.56874,134.74632,213.8653
29.0,213.0,101.962036,132.91072,240.53319
29.0,212.0,92.559166,133.67882,165.63249
29.0,211.0,95.11078,132.63478,240.62595
29.0,210.0,96.3162,116.99183,233.53195
29.0,209.0,85.55861,125.72745,291.6687
29.0,208.0,93.19056,120.61198,232.34985
29.0,207.0,95.52943,137.21524,203.5208
29.0,206.0,94.98593,124.81772,257.98578
29.0,205.0,112.022285,127.65672,240.70247
29.0,204.0,98.41213,140.08693,262.3176
29.0,203.0,95.40721,139.22119,237.9294
29.0,202.0,97.41443,134.30832,199.71628
29.0,201.0,110.34126,140.07494,237.67714
29.0,200.0,85.775406,138.33708,219.27184
29.0,199.0,91.772354,140.08154,212.8051
29.0,198.0,87.83572,136.8796,233.37204
29.0,197.0,98.42625,140.98892,258.88626
29.0,196.0,101.872215,145.39182,232.40512
29.0,195.0,114.68165,138.33015,211.3233
29.0,194.0,88.5646,140.19789,231.00725
29.0,193.0,101.81151,143.05241,203.5512
29.0,192.0,91.49265,129.83005,223.17906
29.0,191.0,90.446724,123.42766,209.46191
29.0,190.0,105.48155,126.23031,224.51036
29.0,189.0,100.46456,133.50093,214.00334
29.0,188.0,91.99052,123.957016,282.24207
29.0,187.0,94.38684,132.61133,189.33646
29.0,186.0,94.42848,118.433655,231.96376
29.0,185.0,95.0524,139.78429,240.30196
29.0,184.0,94.12774,126.54175,248.04187
29.0,183.0,107.18339,129.75177,241.62895
29.0,182.0,81.557755,122.27617,225.97928
29.0,181.0,77.87898,112.69354,240.20296
29.0,180.0,93.58968,119.26764,245.82477
29.0,179.0,82.8189,121.93713,236.05336
29.0,178.0,91.43094,127.0215,250.62425
29.0,177.0,86.89902,134.29724,232.26259
29.0,176.0,86.789314,125.273415,228.45598
29.0,175.0,89.66871,123.742775,199.18088
29.0,174.0,98.530594,117.66689,233.85011
29.0,173.0,89.62405,120.070244,210.24805
29.0,172.0,82.9759,115.715416,217.4003
29.0,171.0,84.580215,116.80402,210.5718
29.0,170.0,87.86107,122.15363,266.50504
29.0,169.0,94.14775,115.344986,224.7763
29.0,168.0,91.257324,118.40972,251.37439
29.0,167.0,74.79001,124.06063,227.51405
29.0,166.0,115.13419,122.35809,230.15184
29.0,165.0,85.02272,130.66257,253.94113
29.0,164.0,89.06454,128.58638,204.2981
29.0,163.0,89.987946,127.192795,222.35924
29.0,162.0,86.804245,126.53054,184.373
29.0,161.0,99.6439,129.24933,244.21327
29.0,160.0,97.5782,124.93241,213.47235
29.0,159.0,89.195,117.594345,224.99094
29.0,158.0,90.975945,137.56128,223.04507
29.0,157.0,88.122795,124.00251,261.5411
29.0,156.0,98.202385,134.66792,236.00734
29.0,155.0,94.26511,135.51236,258.974
29.0,154.0,91.00662,132.33746,223.23172
29.0,153.0,93.54361,138.31273,261.10287
29.0,152.0,154.0918,131.01779,239.737
29.0,151.0,95.95168,123.80329,302.12204
29.0,150.0,77.861755,123.86379,251.64691
29.0,149.0,87.240974,128.60127,227.156
29.0,148.0,81.54765,127.96219,234.02783
29.0,147.0,94.26227,129.0122,207.03902
29.0,146.0,92.17103,129.5492,256.1646
29.0,145.0,84.68563,111.845,217.43279
29.0,144.0,109.91299,116.298584,231.47647
29.0,143.0,97.78875,113.46185,215.0969
29.0,142.0,81.97675,117.077545,214.6839
29.0,141.0,70.27604,115.23061,212.22244
29.0,140.0,86.07163,114.919174,242.92815
29.0,139.0,97.61609,119.39805,239.3024
29.0,138.0,89.008965,123.56608,232.38838
29.0,137.0,76.65354,122.671135,190.2932
29.0,136.0,79.63105,124.099,215.67468
29.0,135.0,73.38394,119.54088,231.41776
29.0,134.0,100.02444,105.61318,220.56448
29.0,133.0,69.78762,118.77641,280.67273
29.0,132.0,75.52864,113.50114,184.11572
29.0,131.0,74.40646,112.617645,190.87517
29.0,130.0,74.26586,109.920586,205.2361
29.0,129.0,72.17656,112.350716,233.08107
29.0,128.0,78.41088,104.043335,182.1005
29.0,127.0,62.482788,84.491516,185.99794
29.0,126.0,75.7326,112.97464,222.74524
29.0,125.0,87.51475,109.97536,180.72447
29.0,124.0,69.97152,99.79214,172.12524
29.0,123.0,74.25488,87.2164,203.01059
29.0,122.0,69.597664,99.124016,184.52356
29.0,121.0,74.52781,97.248245,197.3691
29.0,120.0,68.87916,89.1315,191.10431
29.0,119.0,70.75189,107.97601,152.37837
29.0,118.0,75.89976,105.088554,182.3679
29.0,117.0,82.1886,102.28659,176.31137
29.0,116.0,70.40156,95.47086,184.1088
29.0,115.0,59.648727,88.790054,184.77803
29.0,114.0,72.90684,89.65099,211.1761
29.0,113.0,63.820076,87.58813,184.65826
29.0,112.0,70.151794,103.7024,191.80951
29.0,111.0,71.85604,91.5408,176.76207
29.0,110.0,65.73243,111.223495,177.9885
29.0,109.0,70.68902,100.59017,186.7612
29.0,108.0,62.80056,95.98462,175.16753
29.0,107.0,58.158485,89.301956,166.78845
29.0,106.0,53.0268,96.4807,189.9147
29.0,105.0,61.486713,94.32696,174.50792
29.0,104.0,65.85644,92.00455,161.97296
29.0,103.0,59.23571,99.67252,155.59251
29.0,102.0,69.1004,95.89926,158.93127
29.0,101.0,74.82653,106.66512,216.68968
29.0,100.0,59.625793,109.54015,215.39001
29.0,99.0,63.48546,96.58608,163.65863
29.0,98.0,63.56642,84.59019,163.45482
29.0,97.0,58.917034,87.689285,136.30792
29.0,96.0,54.134285,90.29739,176.48224
29.0,95.0,65.99563,91.087425,160.75302
29.0,94.0,72.884895,106.47316,154.17662
29.0,93.0,60.74508,100.49273,161.07649
29.0,92.0,71.79168,100.15352,150.49136
29.0,91.0,72.135185,102.07323,144.09021
29.0,90.0,75.24911,108.23359,220.82379
30.0,227.0,67.716606,141.45277,202.33969
30.0,226.0,77.937706,138.03069,177.54657
30.0,225.0,87.24978,140.07477,216.53346
30.0,224.0,73.99012,139.03682,194.58058
30.0,223.0,85.932,137.54607,159.73718
30.0,222.0,73.29972,137.50821,212.94429
30.0,221.0,93.4448,145.75426,208.11162
30.0,220.0,82.12821,139.8654,177.37231
30.0,219.0,81.34147,152.87915,193.10474
30.0,218.0,77.69712,135.07928,186.5562
30.0,217.0,80.05804,134.665,184.0876
30.0,216.0,79.88449,134.10214,181.79071
30.0,215.0,80.585464,135.25565,197.66608
30.0,214.0,89.44959,135.20482,200.1265
30.0,213.0,87.478004,142.20364,191.92969
30.0,212.0,93.972824,130.1177,169.2848
30.0,211.0,76.86889,128.24257,193.0595
30.0,210.0,72.348404,125.98866,169.745
30.0,209.0,77.08724,136.47571,194.70677
30.0,208.0,76.56183,130.95146,185.08167
30.0,207.0,73.77981,134.99799,196.92838
30.0,206.0,70.74176,112.41326,201.41826
30.0,205.0,74.51747,127.6176,157.44864
30.0,204.0,77.88422,132.33081,148.607
30.0,203.0,72.09463,125.14127,167.82971
30.0,202.0,66.55754,140.1695,182.03233
30.0,201.0,85.73039,141.68091,174.79315
30.0,200.0,82.537094,141.4846,140.61217
30.0,199.0,79.65997,140.5992,176.08563
30.0,198.0,84.54482,152.04169,224.37599
30.0,197.0,70.831024,131.47995,171.17018
30.0,196.0,60.771004,125.34163,166.84871
30.0,195.0,64.71417,125.068756,192.49129
30.0,194.0,60.89097,123.69018,169.02129
30.0,193.0,67.30022,123.24023,185.1544
30.0,192.0,70.42846,134.86559,200.35971
30.0,191.0,78.22092,131.0143,173.79076
30.0,190.0,67.22063,139.92468,175.6807
30.0,189.0,65.7498,130.3579,188.29634
30.0,188.0,70.98553,121.77243,187.69447
30.0,187.0,69.9996,140.02406,182.43967
30.0,186.0,78.14713,126.2995,163.75024
30.0,185.0,76.44601,144.64272,217.50874
30.0,184.0,81.34344,137.7693,162.21962
30.0,183.0,78.22448,149.6969,199.45755
30.0,182.0,79.7411,132.40224,165.64714
30.0,181.0,69.17459,133.08737,195.39189
30.0,180.0,79.54903,138.317,195.20088
30.0,179.0,66.11977,134.77531,174.63254
30.0,178.0,88.851944,143.01103,184.94087
30.0,177.0,79.421616,142.77371,165.79144
30.0,176.0,65.672386,120.13191,177.05283
30.0,175.0,72.382614,114.53645,189.00302
30.0,174.0,108.75632,117.527794,186.60237
30.0,173.0,72.18199,126.46525,147.65433
30.0,172.0,85.127754,127.61879,167.54187
30.0,171.0,69.46394,127.66158,157.90234
30.0,170.0,81.20643,116.390755,144.57907
30.0,169.0,83.38516,124.86947,139.64638
30.0,168.0,84.113976,139.09639,213.7132
30.0,167.0,73.94443,143.5817,216.03723
30.0,166.0,70.557144,131.77249,210.69589
30.0,165.0,76.224045,126.190346,154.76138
30.0,164.0,71.11746,128.04051,163.62497
30.0,163.0,78.23684,123.996445,175.07495
30.0,162.0,76.99047,138.74619,177.13664
30.0,161.0,72.5906,137.88998,182.63474
30.0,160.0,81.770256,126.31183,200.98308
30.0,159.0,76.103966,134.29668,201.76242
30.0,158.0,74.44601,142.15042,142.66895
30.0,157.0,62.317547,134.16214,137.83128
30.0,156.0,60.846462,116.782196,177.50932
30.0,155.0,65.46502,114.175255,176.1766
30.0,154.0,70.10829,133.16415,182.48082
30.0,153.0,68.77002,131.47981,202.69972
30.0,152.0,66.488434,133.74933,180.70209
30.0,151.0,61.80367,114.29505,161.97969
30.0,150.0,74.64776,124.65838,205.82243
30.0,149.0,65.46084,109.36,172.14632
30.0,148.0,73.91145,129.80829,187.49168
30.0,147.0,69.7903,129.79485,191.86566
30.0,146.0,65.03485,112.71162,169.65419
30.0,145.0,60.408897,101.391205,176.31984
30.0,144.0,59.213524,112.53727,137.42891
30.0,143.0,55.203644,114.11056,125.161964
30.0,142.0,60.052486,99.999985,151.27057
30.0,141.0,69.66857,108.61639,177.05948
30.0,140.0,67.19743,102.68853,172.58812
30.0,139.0,71.18517,102.71955,173.30324
30.0,138.0,59.10663,111.09349,160.78699
30.0,137.0,59.58599,99.27313,146.72975
30.0,136.0,54.90989,99.56045,99.29471
30.0,135.0,58.12785,102.37849,169.28964
30.0,134.0,57.59954,97.3752,133.59204
30.0,133.0,49.35858,93.225655,134.45595
30.0,132.0,65.207344,93.71607,151.15823
30.0,131.0,58.193142,87.44775,151.08612
30.0,130.0,58.37414,97.688614,166.40443
30.0,129.0,53.9279,83.41394,124.14439
30.0,128.0,60.254726,103.189835,136.28087
30.0,127.0,67.54927,100.636826,153.8215
30.0,126.0,55.95948,92.9753,133.95341
30.0,125.0,53.6379,91.65974,142.11874
30.0,124.0,60.87374,104.33854,154.01237
30.0,123.0,63.985798,106.46695,148.87675
30.0,122.0,63.773247,105.595474,135.82066
30.0,121.0,69.13546,99.31547,131.79114
30.0,120.0,64.86862,91.752625,164.35616
30.0,119.0,60.020023,87.09787,149.2811
30.0,118.0,54.595882,110.046295,127.557915
30.0,117.0,60.990772,102.74697,151.44023
30.0,116.0,72.255905,114.75314,190.64363
30.0,115.0,63.042946,111.255806,156.24826
31.0,173.0,86.77737,121.15054,265.23895
31.0,172.0,96.02994,140.2416,156.5645
31.0,171.0,103.872154,129.56393,159.092
31.0,170.0,93.50442,135.81902,207.05951
31.0,169.0,100.93212,134.49309,172.7967
31.0,168.0,98.40221,131.04485,162.08157
31.0,167.0,99.066536,123.50515,187.85237
31.0,166.0,111.09008,131.47833,176.17358
31.0,165.0,100.611244,142.25925,170.46828
31.0,164.0,100.304535,137.81183,175.39786
31.0,163.0,100.786224,138.62457,197.45079
31.0,162.0,90.29633,121.41733,195.95168
31.0,161.0,95.29017,124.96628,178.23312
31.0,160.0,105.735504,129.84329,192.67337
31.0,159.0,87.13543,136.96529,187.23885
31.0,158.0,90.60629,118.15943,185.08269
31.0,157.0,96.23395,139.38072,200.34616
31.0,156.0,95.5214,126.886986,200.86047
31.0,155.0,91.041664,129.64479,195.34254
31.0,154.0,100.08015,134.70454,188.35434
31.0,153.0,117.87409,126.71091,184.65508
31.0,152.0,87.76038,137.56215,198.62158
31.0,151.0,95.18132,126.25321,197.50958
31.0,150.0,90.73743,122.24086,170.08476
31.0,149.0,88.27611,116.45551,191.64177
31.0,148.0,82.94832,109.233215,169.3119
31.0,147.0,78.01647,112.52677,207.56157
31.0,146.0,77.19349,108.55954,205.45699
31.0,145.0,73.82692,111.09896,172.87611
31.0,144.0,98.82112,117.83984,229.68982
31.0,143.0,77.83203,103.267624,188.93887
31.0,142.0,75.64553,102.35257,220.12471
31.0,141.0,75.67912,104.60871,195.14465
31.0,140.0,84.81451,113.52928,185.37755
31.0,139.0,82.84048,108.16237,182.7899
31.0,138.0,75.000694,104.81808,201.80653
31.0,137.0,80.09771,102.787094,160.57117
31.0,136.0,82.1643,102.84907,173.10286
31.0,135.0,82.32786,107.15754,133.84154
31.0,134.0,81.70343,110.826805,195.25331
31.0,133.0,68.51346,98.332344,170.3044
31.0,132.0,79.22299,109.438995,166.06612
31.0,131.0,77.168625,98.78642,135.24628
31.0,130.0,72.13958,94.58176,144.3466
31.0,129.0,64.54075,103.20579,176.60619
31.0,128.0,79.63125,104.54779,190.24332
31.0,127.0,71.56882,103.64726,162.59949
31.0,126.0,82.77889,108.1766,172.98206
31.0,125.0,79.88895,103.098526,185.8046
31.0,124.0,73.86179,108.26595,177.43332
31.0,123.0,80.4002,113.9171,141.51303
31.0,122.0,61.460846,110.10305,196.80602
31.0,121.0,84.08138,125.07039,198.55275
31.0,120.0,87.223,99.99163,161.75021
31.0,119.0,88.762566,118.71719,174.27823
31.0,118.0,79.01673,111.73021,185.9562
31.0,117.0,84.39241,124.13577,169.27539
31.0,116.0,83.09362,109.00732,171.42061
31.0,115.0,85.60053,118.78819,170.19363
31.0,114.0,81.258,98.36,183.79765
31.0,113.0,74.44213,111.570595,160.475
31.0,112.0,75.64285,87.32617,138.96631
31.0,111.0,74.113655,95.08349,185.74706
31.0,110.0,65.785675,89.18464,143.0357
31.0,109.0,59.81486,98.35799,178.8537
31.0,108.0,102.24493,86.554405,159.24759
31.0,107.0,67.297516,89.845695,184.028
31.0,106.0,64.54015,97.742584,175.15115
31.0,105.0,71.579666,96.77714,108.15357
31.0,104.0,76.213066,103.69553,165.13722
31.0,103.0,62.48325,106.34229,151.18549
31.0,102.0,60.49733,102.64529,135.01302
31.0,101.0,63.951355,93.24186,174.1454
31.0,100.0,65.46967,87.12514,166.12975
31.0,99.0,63.281006,87.79855,141.49686
31.0,98.0,68.49523,92.53773,149.1383
31.0,97.0,64.65929,96.13568,141.28958
31.0,96.0,65.17616,89.974075,167.82286
31.0,95.0,64.64268,79.9185,154.02678
31.0,94.0,54.729748,86.8041,135.13158
31.0,93.0,68.9734,96.704384,132.81422
31.0,92.0,93.748474,94.58999,151.30513
31.0,91.0,77.17702,93.13124,153.84253
31.0,90.0,68.90447,104.64964,153.03706
31.0,89.0,62.042267,104.55772,161.17934
31.0,88.0,68.720535,95.18539,172.28445
31.0,87.0,52.733364,90.58536,146.54428
31.0,86.0,59.702652,84.8136,138.73476
31.0,85.0,63.836834,81.91856,124.83929
31.0,84.0,57.35546,93.65124,139.08295
31.0,83.0,63.68526,94.49199,196.08794
31.0,82.0,54.306965,81.19797,143.34964
31.0,81.0,57.119476,78.36783,162.38878
31.0,80.0,91.51625,74.2459,163.13884
31.0,79.0,56.781178,84.81955,136.01678
31.0,78.0,55.55899,92.19136,156.91351
31.0,77.0,52.38419,86.14142,132.64778
31.0,76.0,71.39876,89.00843,136.8937
31.0,75.0,55.248756,77.75458,164.45259
31.0,74.0,66.07634,84.18241,129.64626
31.0,73.0,52.062637,84.89325,104.061584
31.0,72.0,58.092575,83.13085,120.396645
31.0,71.0,50.52547,73.66286,131.94427
31.0,70.0,49.070583,80.86274,145.97554
31.0,69.0,60.42806,77.52281,128.82771
31.0,68.0,56.824165,76.86665,132.46922
31.0,67.0,53.83439,73.98635,108.74134
31.0,66.0,37.798496,64.18433,128.043
31.0,65.0,47.206184,66.01497,124.78572
31.0,64.0,52.36935,77.280624,126.93159
31.0,63.0,45.619614,68.832214,119.717514
31.0,62.0,59.99703,68.85332,133.63234
31.0,61.0,50.21105,64.79156,137.30423
31.0,60.0,40.01129,74.16559,153.77364
31.0,59.0,46.85584,74.29075,141.12512
31.0,58.0,39.500854,77.65529,114.833534
31.0,57.0,53.249844,75.09235,106.11225
31.0,56.0,46.57446,73.752365,104.90247
31.0,55.0,33.4668,53.98559,91.38983
31.0,54.0,39.548412,61.85311,119.638695
31.0,53.0,40.92791,56.8886,94.42723
31.0,52.0,39.785698,71.243515,96.96382
31.0,51.0,38.777485,54.867977,109.721725
31.0,50.0,49.933903,54.83094,106.43361
31.0,49.0,37.54263,36.162987,64.25125
31.0,48.0,45.017063,36.647484,96.4113
31.0,47.0,41.50755,56.86572,81.444756
31.0,46.0,43.41728,45.207226,79.6136
31.0,45.0,42.55799,46.589714,61.06357
31.0,44.0,37.681988,58.574276,67.21248
31.0,43.0,35.17064,53.823376,84.259895
31.0,42.0,26.410404,43.32211,62.102226
31.0,41.0,37.93617,37.319454,49.356407
31.0,40.0,29.502691,28.345392,61.083225
31.0,39.0,26.950706,40.45948,53.60799
31.0,38.0,26.080086,39.502766,67.885895
31.0,37.0,33.006603,35.66826,58.983906
31.0,36.0,34.327393,36.105267,53.439228
31.0,35.0,37.504738,34.75983,61.277164
31.0,34.0,34.665848,41.749214,59.534073
31.0,33.0,28.212955,34.89554,52.473526
31.0,32.0,23.204418,39.41561,42.100002
31.0,31.0,31.386637,41.605495,46.365387
31.0,30.0,31.062515,35.797318,57.767075
31.0,29.0,27.284561,40.03991,53.495045
31.0,28.0,29.44083,48.218643,76.647675
31.0,27.0,22.275236,38.672653,53.209896
31.0,26.0,17.249258,36.039654,66.219986
31.0,25.0,18.787275,27.881836,46.05752
31.0,24.0,8.860338,27.189253,39.171246
31.0,23.0,9.957857,16.396894,30.6731
31.0,22.0,5.471917,17.15228,20.428917
31.0,21.0,10.599102,15.820024,25.802206
31.0,20.0,7.4532213,12.974577,30.309702
31.0,19.0,16.308525,27.566053,32.113297
31.0,18.0,14.737808,17.881493,22.354734
31.0,17.0,9.880728,18.12739,22.053785
31.0,16.0,9.31775,14.638162,21.22327
31.0,15.0,7.968655,14.773184,31.211962
31.0,14.0,11.534671,17.757925,19.140718
31.0,13.0,14.775323,15.099122,22.380404
31.0,12.0,14.3431835,21.344328,22.501753
31.0,11.0,7.2275157,17.2848,21.875973
31.0,10.0,4.53624,9.998586,18.166138
31.0,9.0,4.522052,11.763744,20.361757
31.0,8.0,10.5282,10.457441,23.98618
32.0,162.0,105.51609,163.85542,172.53528
32.0,161.0,104.85238,179.19171,221.82971
32.0,160.0,113.03683,170.90337,213.94017
32.0,159.0,105.47751,163.9632,212.34947
32.0,158.0,107.957985,162.38675,191.14719
32.0,157.0,119.15839,167.02847,197.72783
32.0,156.0,111.493645,172.3136,194.9769
32.0,155.0,116.76164,166.42609,217.65321
32.0,154.0,117.773285,164.95209,177.91322
32.0,153.0,115.155876,173.84117,224.59798
32.0,152.0,122.78018,171.25388,225.45102
32.0,151.0,120.251686,175.19987,216.78035
32.0,150.0,121.95454,168.44023,208.9554
32.0,149.0,140.4418,169.4779,187.31314
32.0,148.0,121.886284,175.0994,207.21808
32.0,147.0,110.58083,174.39801,200.88408
32.0,146.0,113.28292,171.57446,224.95688
32.0,145.0,107.38045,166.78712,190.77037
32.0,144.0,113.02055,172.93037,174.66266
32.0,143.0,106.339935,169.17296,232.9896
32.0,142.0,105.54669,167.46196,222.36813
32.0,141.0,110.6308,171.60208,190.03091
32.0,140.0,116.90874,163.8467,202.6645
32.0,139.0,117.45213,163.57076,213.05556
32.0,138.0,117.83753,176.92747,199.67479
32.0,137.0,119.7256,175.59074,202.95259
32.0,136.0,99.532974,169.92375,204.32167
32.0,135.0,111.83344,174.55058,187.10928
32.0,134.0,115.53227,164.25667,232.88751
32.0,133.0,113.73396,163.61937,182.76169
32.0,132.0,121.64219,164.10695,168.42728
32.0,131.0,113.07278,174.61203,212.40132
32.0,130.0,117.21542,171.06125,231.23889
32.0,129.0,120.282005,156.0804,196.5794
32.0,128.0,116.23769,169.34763,207.31003
32.0,127.0,118.879745,174.7851,202.9104
32.0,126.0,110.02504,158.77444,151.78432
32.0,125.0,116.24984,160.93764,164.93811
32.0,124.0,120.446365,156.18015,198.87196
32.0,123.0,112.98556,149.75755,196.79019
32.0,122.0,104.511314,145.11263,164.09207
32.0,121.0,109.83803,155.98912,194.10698
32.0,120.0,109.63813,157.15236,201.31113
32.0,119.0,110.835175,147.80074,204.57545
32.0,118.0,134.16833,147.56468,154.8766
32.0,117.0,103.387924,153.68802,175.4991
32.0,116.0,104.71917,154.23393,184.00381
32.0,115.0,105.14608,153.15192,186.47598
32.0,114.0,136.58688,150.60085,206.59438
32.0,113.0,95.49827,162.28336,193.05916
32.0,112.0,116.23989,160.1827,187.99536
32.0,111.0,110.583534,143.30638,181.04594
32.0,110.0,106.084305,144.24971,178.9226
32.0,109.0,104.39816,149.55832,162.01768
32.0,108.0,95.527016,147.21637,164.7136
32.0,107.0,110.165375,149.58241,141.44666
32.0,106.0,109.84028,149.50475,171.19368
32.0,105.0,118.435684,158.33107,157.79688
32.0,104.0,105.3838,150.05472,161.82349
32.0,103.0,110.75123,138.61107,209.23196
32.0,102.0,109.54561,151.54045,143.54732
32.0,101.0,111.35311,122.80851,163.28854
32.0,100.0,106.66066,137.07462,175.75401
32.0,99.0,81.41203,123.87359,157.48354
32.0,98.0,86.55602,141.34752,175.4471
32.0,97.0,91.2938,123.4075,177.22263
32.0,96.0,89.866005,128.51616,146.82654
32.0,95.0,93.663414,131.51408,142.80588
32.0,94.0,98.443306,129.48991,134.534
32.0,93.0,88.631775,125.56752,149.07431
32.0,92.0,103.4322,124.216156,115.01047
32.0,91.0,86.53736,127.402534,116.80747
32.0,90.0,78.81155,107.20832,139.262
32.0,89.0,103.206474,115.124115,117.699776
32.0,88.0,76.29554,106.49673,144.9853
32.0,87.0,79.91359,89.184204,110.0117
32.0,86.0,82.17733,96.075516,120.050255
32.0,85.0,75.49382,84.648636,111.32401
32.0,84.0,74.93812,93.18199,120.41903
32.0,83.0,78.634895,84.18858,104.371864
32.0,82.0,79.62534,91.25742,104.54403
32.0,81.0,82.12144,89.27854,123.39734
32.0,80.0,79.08116,94.70386,106.7732
32.0,79.0,77.455986,93.11128,114.75282
32.0,78.0,77.062416,100.18292,114.317764
32.0,77.0,98.5838,100.46427,114.920944
32.0,76.0,76.03227,112.63522,120.67552
32.0,75.0,85.27037,101.400986,134.95317
32.0,74.0,83.6363,98.38319,137.06053
32.0,73.0,84.59213,94.09923,98.097664
32.0,72.0,82.37265,95.028694,100.89238
32.0,71.0,87.21688,93.408775,108.56017
32.0,70.0,84.91374,103.98183,98.161736
32.0,69.0,76.08776,89.31554,100.03393
32.0,68.0,82.37964,81.2787,94.86163
32.0,67.0,68.39924,76.531006,87.02881
32.0,66.0,74.406525,82.38245,90.18729
32.0,65.0,87.78815,78.57683,94.806526
32.0,64.0,64.45534,79.04952,80.803635
32.0,63.0,73.65143,67.29726,85.21115
32.0,62.0,66.73899,73.042755,98.58985
32.0,61.0,68.350105,69.17703,88.103714
32.0,60.0,55.82029,76.172005,79.28677
32.0,59.0,65.22491,66.47596,86.31136
32.0,58.0,59.795033,70.29749,113.81225
32.0,57.0,52.813934,66.0028,79.54591
32.0,56.0,60.370598,61.399662,79.28168
32.0,55.0,42.34658,61.60213,87.40447
32.0,54.0,57.770832,54.11571,87.543625
32.0,53.0,69.01567,58.251034,95.96999
32.0,52.0,59.290222,60.14895,81.60106
32.0,51.0,52.159348,58.685467,90.86068
32.0,50.0,47.206814,62.78101,82.30368
32.0,49.0,37.425896,54.84429,72.048805
32.0,48.0,38.444576,55.408882,104.761406
33.0,125.0,66.98902,107.262436,158.13419
33.0,124.0,49.751266,97.9556,195.36952
33.0,123.0,49.788574,114.0948,159.579
33.0,122.0,60.319782,105.59029,118.00916
33.0,121.0,63.834076,94.772804,140.85495
33.0,120.0,60.89841,106.92504,147.25693
33.0,119.0,60.99783,117.47102,189.77414
33.0,118.0,59.70358,116.90391,160.39597
33.0,117.0,59.313805,94.604935,166.95468
33.0,116.0,55.817978,94.94596,98.27903
33.0,115.0,59.1818,101.12282,116.44125
33.0,114.0,76.59527,102.705956,155.62611
33.0,113.0,59.730915,97.53141,156.73401
33.0,112.0,53.03747,102.25854,135.33618
33.0,111.0,49.070694,88.362915,121.68303
33.0,110.0,51.912716,95.399155,149.90219
33.0,109.0,54.000782,105.52183,157.48604
33.0,108.0,58.56592,121.23964,166.29398
33.0,107.0,58.92818,114.989174,187.2077
33.0,106.0,59.038197,111.25362,131.74689
34.0,179.0,115.09214,169.93846,221.7586
34.0,178.0,119.95015,170.48975,201.83853
34.0,177.0,127.13386,175.3054,224.53114
34.0,176.0,120.5307,165.43646,216.08025
34.0,175.0,116.17841,170.19553,238.93639
34.0,174.0,114.25136,162.25656,219.69797
34.0,173.0,133.70172,170.08968,188.73268
34.0,172.0,118.35865,169.7365,194.5819
34.0,171.0,114.1113,175.01308,215.6684
34.0,170.0,116.179375,169.56763,212.75047
34.0,169.0,113.44514,165.91365,178.57149
34.0,168.0,115.13693,151.65663,199.76656
34.0,167.0,118.305504,166.50613,209.59721
34.0,166.0,109.66733,160.82324,200.87782
34.0,165.0,116.55265,163.84276,223.94412
34.0,164.0,125.72772,167.23433,208.57346
34.0,163.0,123.89687,161.72054,230.35132
34.0,162.0,130.76962,158.86407,201.96835
34.0,161.0,123.18558,150.63184,216.13037
34.0,160.0,118.337395,165.60869,190.26044
34.0,159.0,113.61803,156.08524,224.91206
34.0,158.0,127.18877,155.08592,202.24188
34.0,157.0,141.80841,162.01039,245.19992
34.0,156.0,119.30035,158.98979,200.54901
34.0,155.0,135.40175,155.41695,197.54988
34.0,154.0,112.30235,154.19783,216.30724
34.0,153.0,109.701614,171.0966,180.2965
34.0,152.0,117.26374,166.80699,209.0311
34.0,151.0,116.13425,164.06032,237.04935
34.0,150.0,119.90619,156.89383,219.20975
34.0,149.0,110.44152,151.17062,202.29218
34.0,148.0,143.37386,144.56714,210.1185
34.0,147.0,90.14081,151.34535,220.89336
34.0,146.0,107.47384,161.95232,229.77615
34.0,145.0,105.62373,161.73647,199.76086
34.0,144.0,106.84005,152.9786,209.43803
34.0,143.0,123.2016,155.89098,205.13737
34.0,142.0,118.55697,161.76794,258.95044
34.0,141.0,127.12319,159.27188,203.87051
34.0,140.0,121.484856,166.506,255.25185
34.0,139.0,104.71947,170.4102,224.64378
34.0,138.0,106.38044,156.2771,235.50578
34.0,137.0,98.87843,161.80408,205.88591
34.0,136.0,107.712814,164.3548,220.43095
34.0,135.0,107.93083,163.03549,194.7916
34.0,134.0,111.57,167.66336,212.75203
34.0,133.0,123.10374,165.26295,191.70457
34.0,132.0,106.8899,160.64696,204.45517
34.0,131.0,114.54062,159.86584,191.85373
34.0,130.0,97.97923,151.58961,178.71457
34.0,129.0,111.24976,161.10352,216.79755
34.0,128.0,113.39592,159.04504,188.32956
34.0,127.0,119.59174,155.69946,216.7285
34.0,126.0,103.85275,163.09995,226.61366
34.0,125.0,116.23922,159.39854,192.1547
34.0,124.0,108.51492,158.33229,206.05731
34.0,123.0,149.76022,162.54443,208.3861
34.0,122.0,119.13816,154.06934,194.99965
34.0,121.0,98.09307,160.4369,198.02803
34.0,120.0,102.143425,151.1155,181.91205
34.0,119.0,111.91884,148.69,193.81511
34.0,118.0,99.356735,156.88687,199.44548
34.0,117.0,99.7923,160.48825,203.02715
34.0,116.0,102.78568,146.81976,229.3681
34.0,115.0,85.6876,135.39154,187.34242
34.0,114.0,96.942154,137.15805,184.95424
34.0,113.0,99.46171,136.83582,190.36008
34.0,112.0,103.14866,150.73878,214.88937
34.0,111.0,99.08861,139.26302,199.54181
34.0,110.0,103.25665,141.53824,217.06422
34.0,109.0,111.71471,138.89342,188.76527
34.0,108.0,96.39249,142.88937,212.85931
34.0,107.0,103.53098,132.13211,177.48796
34.0,106.0,91.448425,133.10457,198.81982
34.0,105.0,110.30089,139.56665,210.15756
34.0,104.0,108.73418,119.77682,204.28712
34.0,103.0,100.48849,118.78832,187.9972
34.0,102.0,88.739334,132.45482,205.60521
34.0,101.0,86.08709,123.03718,209.94374
34.0,100.0,81.67019,119.608025,167.38135
34.0,99.0,93.55898,133.30046,183.20131
34.0,98.0,91.16744,124.45478,188.78166
34.0,97.0,87.37686,114.74578,191.42236
34.0,96.0,88.79421,117.65996,207.37614
34.0,95.0,86.55292,114.86558,177.31291
34.0,94.0,89.9115,116.49025,195.90762
34.0,93.0,77.95704,111.10882,221.81796
34.0,92.0,77.098175,99.89385,233.10588
34.0,91.0,88.348404,100.24962,194.16362
34.0,90.0,89.77994,102.52543,185.47125
34.0,89.0,70.43713,98.87442,176.09953
34.0,88.0,77.91802,97.33755,190.99126
34.0,87.0,84.39221,101.70211,183.54486
34.0,86.0,81.98219,101.51013,196.66109
34.0,85.0,85.69466,95.946205,221.52376
34.0,84.0,85.68364,108.58525,228.76787
34.0,83.0,74.3924,105.893936,234.45364
34.0,82.0,79.88708,105.47268,207.48866
34.0,81.0,66.8788,102.76562,176.5076
34.0,80.0,75.109245,100.2425,209.14595
34.0,79.0,73.92469,107.940834,202.50572
34.0,78.0,69.82656,112.123276,169.4721
34.0,77.0,75.70198,103.7817,181.23772
34.0,76.0,72.894745,102.22338,208.45723
34.0,75.0,58.800934,100.14011,206.15608
34.0,74.0,86.056114,89.44537,192.87424
34.0,73.0,63.021736,95.842224,215.93643
34.0,72.0,97.14205,99.57061,218.78644
34.0,71.0,69.372925,99.937546,180.46878
34.0,70.0,71.18535,99.92101,179.29143
34.0,69.0,63.281116,101.12258,174.24496
34.0,68.0,60.406944,106.6901,176.57635
34.0,67.0,59.25125,95.28074,143.71436
34.0,66.0,80.58811,98.53601,174.37396
34.0,65.0,61.884346,106.20296,157.80835
34.0,64.0,60.08249,102.60025,163.44173
34.0,63.0,68.458244,90.24463,188.26102
34.0,62.0,49.056747,86.88084,185.28162
34.0,61.0,57.696323,88.888855,186.16275
34.0,60.0,63.088825,94.39401,164.42525
34.0,59.0,41.99032,68.516205,209.03227
34.0,58.0,62.93729,74.286865,190.23909
34.0,57.0,58.17335,73.16447,167.40709
34.0,56.0,61.97971,88.71041,150.97093
34.0,55.0,49.351486,80.77551,190.90236
34.0,54.0,49.110256,88.76076,169.7084
34.0,53.0,57.412254,77.27452,128.00612
34.0,52.0,45.800304,86.12957,151.05698
34.0,51.0,48.78063,68.13798,129.31487
34.0,50.0,54.80632,70.291985,112.35931
34.0,49.0,50.517387,70.76326,149.5131
34.0,48.0,62.51614,81.5973,162.88718
34.0,47.0,54.425766,71.767746,161.22304
34.0,46.0,54.665478,83.84274,148.68048
34.0,45.0,47.219654,84.41065,174.09729
34.0,44.0,45.814304,78.98566,147.69235
34.0,43.0,41.435757,66.69476,116.41634
34.0,42.0,46.91465,56.964935,143.08224
34.0,41.0,38.29499,61.806637,142.79988
34.0,40.0,41.850418,57.548862,127.13812
34.0,39.0,43.512333,59.776566,117.20486
34.0,38.0,33.384674,41.45165,100.39033
34.0,37.0,20.004166,33.996822,86.011566
34.0,36.0,24.578041,39.276043,76.82401
34.0,35.0,36.512493,62.378815,121.22527
34.0,34.0,44.377316,46.948906,101.94308
34.0,33.0,43.715767,49.4857,95.38508
34.0,32.0,37.102367,46.754093,76.52907
34.0,31.0,33.692684,54.118042,103.930305
34.0,30.0,26.77103,65.31387,82.65851
34.0,29.0,33.291523,72.090034,87.57582
34.0,28.0,48.93862,65.17292,73.17793
34.0,27.0,34.79965,50.102512,79.800316
34.0,26.0,34.489326,48.11571,80.56835
34.0,25.0,21.415258,22.720316,76.55149
34.0,24.0,17.277645,25.990145,47.121407
34.0,23.0,24.578413,28.847248,82.65024
34.0,22.0,15.545714,17.324593,34.789738
34.0,21.0,12.975972,9.975399,42.51627
34.0,20.0,10.211103,15.735493,30.23208
34.0,19.0,12.427468,15.310234,59.932587
34.0,18.0,11.170659,12.0520525,49.57723
34.0,17.0,17.681358,12.755349,29.118557
34.0,16.0,13.833636,15.993195,40.05581
34.0,15.0,15.863557,19.76587,35.45659
34.0,14.0,11.735442,20.222475,31.850697
34.0,13.0,11.17099,13.466173,30.820074
34.0,12.0,13.651925,15.904146,31.19473
34.0,11.0,5.992991,15.749688,19.574991
34.0,10.0,10.273914,8.361877,25.612982
34.0,9.0,5.121721,8.538177,17.913464
34.0,8.0,6.827854,4.7628484,17.271585
34.0,7.0,6.7656617,4.7854476,14.118735
35.0,178.0,65.06542,113.238045,165.62898
35.0,177.0,80.94236,112.47765,218.75455
35.0,176.0,71.35345,119.64262,177.99934
35.0,175.0,68.41891,120.89803,172.48476
35.0,174.0,55.60529,108.64719,168.20523
35.0,173.0,58.553516,101.19368,146.51991
35.0,172.0,89.83396,105.79563,197.5177
35.0,171.0,68.04817,118.58981,181.6244
35.0,170.0,62.197086,110.89187,163.88159
35.0,169.0,61.65782,103.33838,135.30725
35.0,168.0,55.617207,110.62919,146.57086
35.0,167.0,68.73966,114.54938,162.79262
35.0,166.0,57.572758,106.575134,152.46938
35.0,165.0,84.01611,107.25053,154.4173
35.0,164.0,60.97153,100.96713,151.08463
35.0,163.0,65.19397,91.28841,150.3316
35.0,162.0,59.49327,88.98117,140.98076
35.0,161.0,53.983856,107.129616,159.29236
35.0,160.0,72.99514,109.52066,169.34572
35.0,159.0,62.80833,120.57489,195.42567
35.0,158.0,68.08108,104.29018,158.07549
35.0,157.0,62.802902,122.84878,159.743
35.0,156.0,57.129276,110.77443,134.0219
35.0,155.0,62.328053,102.05658,176.31142
35.0,154.0,54.51129,105.432755,199.73521
35.0,153.0,61.54551,106.69495,166.86601
35.0,152.0,52.029522,94.83385,140.84863
35.0,151.0,51.044468,99.279884,156.23753
35.0,150.0,53.27441,96.25411,141.52048
35.0,149.0,63.891582,108.125015,156.94518
35.0,148.0,59.563404,107.126205,186.82259
35.0,147.0,73.809685,121.61095,152.27574
35.0,146.0,66.83993,116.9199,163.9354
35.0,145.0,65.66175,127.64527,150.2274
35.0,144.0,79.56742,120.770424,167.83278
35.0,143.0,63.22001,126.0451,185.4238
35.0,142.0,70.09755,126.57273,235.09335
35.0,141.0,65.647224,125.813416,187.4462
35.0,140.0,72.05268,134.71863,218.64821
35.0,139.0,62.12469,109.44407,169.60416
35.0,138.0,79.6401,110.867966,166.52542
35.0,137.0,65.25454,109.96787,215.84131
35.0,136.0,63.61505,113.87448,196.95314
35.0,135.0,62.918526,119.01776,165.21701
35.0,134.0,74.435936,132.19167,180.69598
35.0,133.0,62.92668,120.81293,177.4775
35.0,132.0,66.5654,119.579445,171.01295
35.0,131.0,69.11648,129.08513,185.59952
35.0,130.0,73.42131,108.38113,211.37042
35.0,129.0,72.335045,117.23717,129.23906
35.0,128.0,67.64615,114.476746,172.36827
35.0,127.0,95.89363,116.714195,110.43767
35.0,126.0,62.189934,118.039276,172.9007
35.0,125.0,62.902397,120.79312,136.28317
35.0,124.0,65.69156,103.86849,159.8277
35.0,123.0,66.19449,109.89392,141.15215
35.0,122.0,53.91853,108.00602,164.80107
35.0,121.0,57.891163,111.76115,140.87247
35.0,120.0,54.217903,102.221985,147.93437
35.0,119.0,63.834892,97.63975,154.47403
35.0,118.0,48.93979,95.09144,112.97691
35.0,117.0,46.17043,95.141335,131.77304
35.0,116.0,73.97764,93.6517,164.23518
35.0,115.0,43.464382,93.35981,170.24435
35.0,114.0,51.577847,98.238884,133.42047
35.0,113.0,64.77493,112.89935,150.09386
35.0,112.0,57.16379,105.563385,170.41014
35.0,111.0,54.600246,100.52138,156.64284
35.0,110.0,58.856293,88.80372,142.62383
35.0,109.0,56.582005,91.35354,159.92963
35.0,108.0,49.106926,81.01386,130.93785
35.0,107.0,50.717144,72.40459,127.04117
35.0,106.0,57.199722,88.5022,137.85475
35.0,105.0,50.403152,89.084526,150.77786
35.0,104.0,53.630894,94.61489,82.91661
35.0,103.0,55.43706,96.13639,112.10398
35.0,102.0,79.26353,102.128876,150.33194
35.0,101.0,54.7428,97.59689,113.40359
35.0,100.0,66.61567,112.49425,159.95753
35.0,99.0,63.92274,113.447784,171.4944
35.0,98.0,63.762188,102.16443,164.78583
35.0,97.0,65.353165,109.70688,159.83757
35.0,96.0,66.41112,122.505325,172.77628
35.0,95.0,56.888905,105.92097,97.38752
35.0,94.0,47.164185,92.56231,142.49838
35.0,93.0,57.747364,102.33661,86.547745
35.0,92.0,53.262814,92.2969,128.80775
35.0,91.0,90.37369,86.07278,139.29794
35.0,90.0,44.851215,91.023186,98.01842
35.0,89.0,52.365524,82.038734,122.87725
35.0,88.0,53.840145,100.794685,131.664
35.0,87.0,55.054897,101.60693,106.47499
35.0,86.0,49.21109,80.31704,117.17646
35.0,85.0,53.77963,76.815315,103.26456
35.0,84.0,49.623447,94.533226,116.344475
35.0,83.0,64.215324,109.92446,152.41127
35.0,82.0,68.05149,101.005486,159.95222
35.0,81.0,60.76541,104.09441,164.82764
35.0,80.0,52.690468,100.507996,148.09207
35.0,79.0,42.153652,86.21954,141.73848
35.0,78.0,58.71239,88.728935,140.8407
35.0,77.0,48.48906,91.81747,124.575615
35.0,76.0,42.249603,78.11291,100.18758
35.0,75.0,41.47449,58.52581,100.74182
35.0,74.0,49.617977,67.19046,125.86031
35.0,73.0,39.061577,53.344112,90.80586
35.0,72.0,35.689987,55.69348,84.06153
35.0,71.0,39.80948,45.9649,110.09182
35.0,70.0,43.486805,79.848595,129.94586
35.0,69.0,44.907238,81.308365,114.993164
35.0,68.0,46.649906,87.07273,115.85186
35.0,67.0,51.97184,87.708466,135.41737
35.0,66.0,50.32139,93.70794,113.9648
35.0,65.0,39.63437,75.139336,99.1114
35.0,64.0,27.593298,68.32317,104.83278
35.0,63.0,38.47117,75.12501,101.799736
35.0,62.0,45.288963,84.20003,94.5527
35.0,61.0,37.184635,62.205894,82.10071
35.0,60.0,33.79397,46.996677,63.6214
35.0,59.0,43.440544,70.18466,105.56304
35.0,58.0,36.828743,77.42109,100.42511
35.0,57.0,26.518906,61.546173,107.21556
35.0,56.0,28.234432,60.473003,70.58148
35.0,55.0,37.88904,44.021065,75.87007
35.0,54.0,36.189625,58.609985,62.980682
35.0,53.0,37.53372,67.59741,107.95608
35.0,52.0,38.901062,77.18456,80.16216
35.0,51.0,30.719072,64.037094,83.198685
35.0,50.0,32.546696,62.934105,81.34439
35.0,49.0,34.337555,51.1782,77.20393
35.0,48.0,30.282587,57.32906,49.67086
35.0,47.0,23.556896,36.499485,52.029278
35.0,46.0,31.588861,54.76849,78.22655
35.0,45.0,27.938354,46.312466,54.22969
35.0,44.0,33.528683,65.937294,86.998535
35.0,43.0,17.09135,49.29493,48.020428
35.0,42.0,33.99908,54.59999,63.4128
35.0,41.0,25.470161,34.073994,75.83246
35.0,40.0,21.587595,43.5991,49.8733
35.0,39.0,21.217367,28.230661,47.057747
35.0,38.0,18.267698,30.750294,57.00848
35.0,37.0,21.88769,37.26201,58.21752
35.0,36.0,21.006697,31.8478,29.03572
35.0,35.0,19.709114,32.930542,24.85865
35.0,34.0,19.70014,37.254734,52.131783
35.0,33.0,24.455921,34.85101,32.312305
35.0,32.0,16.104837,32.630264,24.269157
35.0,31.0,14.986665,22.329853,28.981327
35.0,30.0,18.984133,31.651325,40.174873
35.0,29.0,18.145557,27.489834,27.290808
35.0,28.0,13.179956,28.796677,18.774086
35.0,27.0,15.309864,25.117971,39.886875
35.0,26.0,14.5752,28.688562,29.812126
35.0,25.0,17.286818,22.08359,31.445112
35.0,24.0,13.910619,20.994272,23.35383
35.0,23.0,14.781811,18.572496,34.297066
35.0,22.0,15.859121,25.965763,30.497763
35.0,21.0,9.114945,16.196217,27.310951
35.0,20.0,8.216073,15.316097,22.657318
35.0,19.0,15.964276,14.669606,28.183254
35.0,18.0,13.166505,18.192007,28.946
35.0,17.0,13.971254,21.737696,26.473763
35.0,16.0,13.34755,15.890768,19.407782
35.0,15.0,15.02524,16.206913,22.412313
35.0,14.0,13.870183,17.701288,22.683973
35.0,13.0,9.507012,12.169293,20.531443
35.0,12.0,9.5860405,14.883033,24.58179
35.0,11.0,7.125287,13.775544,19.511396
36.0,114.0,46.32665,94.08868,151.4513
36.0,113.0,55.385098,128.79929,131.30971
36.0,112.0,61.631996,92.49426,147.36783
36.0,111.0,67.81163,96.019066,113.16061
36.0,110.0,52.96752,91.08503,126.7723
36.0,109.0,43.158504,81.43345,116.666954
36.0,108.0,47.95026,95.40961,140.8403
36.0,107.0,54.415375,89.6303,127.53149
36.0,106.0,50.198296,96.38045,163.72136
36.0,105.0,44.580605,102.19831,111.74227
36.0,104.0,45.93016,88.83087,151.82463
36.0,103.0,51.760757,101.41857,112.95444
36.0,102.0,58.308685,104.98244,128.70094
36.0,101.0,52.96714,100.7705,121.0238
36.0,100.0,57.24931,97.01872,146.01012
36.0,99.0,55.175755,86.599785,123.65632
36.0,98.0,67.13232,96.50746,129.10403
36.0,97.0,47.702286,85.97353,127.52477
36.0,96.0,45.491825,85.03893,104.99878
36.0,95.0,50.017017,97.25733,117.311966
36.0,94.0,50.397003,95.35322,117.494156
36.0,93.0,56.08741,107.43722,145.40028
36.0,92.0,50.68218,87.956505,140.58936
36.0,91.0,62.93516,106.69397,115.86057
36.0,90.0,55.388596,105.072784,171.26857
36.0,89.0,56.64683,87.787125,137.90953
36.0,88.0,50.947617,88.60841,145.93517
36.0,87.0,55.464554,104.0682,99.72822
36.0,86.0,59.555576,105.56804,115.70093
36.0,85.0,53.988316,102.4539,121.13535
36.0,84.0,49.38836,94.77136,125.86916
36.0,83.0,62.429337,88.76477,111.573105
36.0,82.0,56.531723,92.00708,149.02223
36.0,81.0,64.167984,99.73301,129.51553
36.0,80.0,54.77059,104.789925,167.05797
36.0,79.0,57.85101,102.98062,153.61761
36.0,78.0,54.535732,96.74748,107.13218
36.0,77.0,49.49692,99.63197,96.49258
36.0,76.0,50.942204,98.55108,135.05669
36.0,75.0,48.542656,89.42735,111.40422
36.0,74.0,46.960823,75.08185,149.04341
36.0,73.0,43.398655,89.14752,104.07713
36.0,72.0,44.38241,86.349625,115.0169
36.0,71.0,54.21627,85.22101,120.76
36.0,70.0,34.244522,90.87459,144.4696
36.0,69.0,44.45521,88.94259,85.96209
36.0,68.0,60.42782,100.83164,144.71645
36.0,67.0,50.76123,96.115776,126.98246
36.0,66.0,40.64187,77.97432,110.89168
36.0,65.0,45.405167,71.549355,120.872444
36.0,64.0,49.0444,84.152664,102.0088
36.0,63.0,37.494072,70.77229,93.18441
36.0,62.0,43.39157,78.50131,127.87037
36.0,61.0,33.119366,70.28893,126.600235
36.0,60.0,40.376343,70.042244,98.593
36.0,59.0,38.116623,60.431057,81.606865
36.0,58.0,40.443306,62.534718,111.01825
36.0,57.0,49.307224,62.047787,100.071785
36.0,56.0,38.869247,63.238075,117.968834
36.0,55.0,33.989994,63.085735,90.3977
36.0,54.0,35.860523,65.05505,102.95236
36.0,53.0,29.599525,41.108746,65.44034
36.0,52.0,37.46036,60.89023,80.454765
36.0,51.0,35.968952,63.211914,83.35745
36.0,50.0,30.665794,59.40601,82.15478
36.0,49.0,39.79117,56.559616,71.21885
36.0,48.0,29.99814,50.97792,88.118065
36.0,47.0,32.164833,57.621025,50.972042
36.0,46.0,33.31502,44.565674,77.308334
36.0,45.0,33.868053,71.90042,83.43496
36.0,44.0,39.131214,56.165367,78.86926
36.0,43.0,36.512135,71.11726,111.08431
36.0,42.0,33.56514,68.338875,91.009575
36.0,41.0,37.210613,59.360565,61.627964
36.0,40.0,29.75755,54.3793,79.74452
36.0,39.0,23.490961,65.40212,87.87669
36.0,38.0,21.242014,62.7153,74.527214
36.0,37.0,29.632755,56.025204,80.03309
36.0,36.0,31.482845,47.856396,79.24928
36.0,35.0,31.265429,53.123466,56.087814
36.0,34.0,22.739325,35.113476,65.92525
36.0,33.0,31.788507,55.871708,62.255188
36.0,32.0,27.614592,51.860092,58.68166
36.0,31.0,32.361954,55.55522,55.79566
36.0,30.0,12.8613615,40.58766,48.955452
36.0,29.0,16.154259,33.576237,60.258762
36.0,28.0,12.331929,30.862684,54.000202
36.0,27.0,18.872082,29.125013,39.085316
36.0,26.0,16.28453,31.260357,34.01135
36.0,25.0,18.498846,33.804165,38.065784
36.0,24.0,24.057438,39.77452,54.46043
36.0,23.0,24.503754,29.156923,39.619846
36.0,22.0,15.470314,28.699993,33.069252
36.0,21.0,14.209843,24.385456,34.042843
36.0,20.0,10.462151,25.999363,31.13758
36.0,19.0,14.381489,23.252707,16.21374
37.0,111.0,108.78686,162.60312,230.2037
37.0,110.0,107.252716,157.25209,221.21977
37.0,109.0,98.42535,152.5201,220.06393
37.0,108.0,103.16528,151.35172,234.58394
37.0,107.0,105.158875,174.33502,214.85684
37.0,106.0,113.751724,157.46031,243.47926
37.0,105.0,107.504105,149.582,243.15523
37.0,104.0,106.16514,134.97429,226.1134
37.0,103.0,94.69916,147.21951,231.02127
37.0,102.0,102.90584,142.41556,256.40314
37.0,101.0,99.23515,133.94078,186.76767
37.0,100.0,92.409676,121.61022,199.69298
37.0,99.0,102.58624,148.7648,209.4158
37.0,98.0,110.52579,138.71799,264.6939
37.0,97.0,111.16405,145.33113,233.41757
37.0,96.0,108.54215,151.11198,193.7654
37.0,95.0,102.243706,145.54446,225.10248
37.0,94.0,111.08717,153.6179,192.72887
37.0,93.0,105.45716,144.27245,220.51263
37.0,92.0,97.80619,134.52954,213.8376
37.0,91.0,101.1774,128.85555,255.14174
37.0,90.0,99.51957,130.15575,266.172
37.0,89.0,103.01148,138.33025,236.12283
37.0,88.0,109.08085,139.28291,207.206
37.0,87.0,93.681526,141.14583,210.63884
37.0,86.0,102.83518,146.49234,204.79628
37.0,85.0,104.40941,135.48953,210.28299
37.0,84.0,104.8314,153.32462,245.05447
37.0,83.0,105.41552,143.13734,257.14133
37.0,82.0,97.65288,154.51013,216.86684
37.0,81.0,85.76323,142.6926,241.75812
37.0,80.0,95.94683,120.60019,229.39922
37.0,79.0,116.177124,131.21988,230.45746
37.0,78.0,97.34462,134.61389,267.3201
37.0,77.0,85.0296,139.06804,238.82117
37.0,76.0,70.03672,116.46221,210.31203
37.0,75.0,105.35676,119.69186,220.6872
37.0,74.0,94.14208,138.0555,217.93713
37.0,73.0,103.29648,135.33911,251.3124
37.0,72.0,87.939545,121.15703,242.98442
37.0,71.0,84.21894,130.79091,225.24997
37.0,70.0,100.61341,125.36841,222.89038
37.0,69.0,82.68372,126.988655,213.3673
37.0,68.0,101.01216,129.33173,256.35898
37.0,67.0,95.2133,131.13635,242.50137
37.0,66.0,93.15179,142.5856,259.16806
37.0,65.0,89.11469,129.92737,204.35355
37.0,64.0,80.55032,138.84839,255.26288
37.0,63.0,82.826355,113.74794,216.60677
37.0,62.0,105.18084,116.61446,226.34785
37.0,61.0,77.58613,124.38076,243.84206
37.0,60.0,88.114685,117.72954,247.511
37.0,59.0,74.08851,121.86076,220.91728
37.0,58.0,78.91031,98.126396,198.13649
37.0,57.0,79.59321,115.596794,226.58022
37.0,56.0,85.12837,101.03579,207.21544
37.0,55.0,73.64975,98.91179,210.30598
37.0,54.0,65.8202,98.5812,228.16531
37.0,53.0,73.61812,115.49373,182.36758
37.0,52.0,74.90102,100.81341,170.9951
37.0,51.0,74.90221,105.22237,161.17934
37.0,50.0,67.21965,91.93615,198.12311
37.0,49.0,71.49554,89.36862,195.42714
37.0,48.0,76.32698,85.21281,188.84717
37.0,47.0,72.8151,95.93671,222.01744
37.0,46.0,79.847336,96.40646,191.04207
37.0,45.0,82.854004,81.6918,183.69557
37.0,44.0,73.08405,90.03315,173.90462
37.0,43.0,74.96208,101.37032,205.12825
37.0,42.0,82.00583,96.95306,190.00475
37.0,41.0,71.56702,93.581055,179.87915
37.0,40.0,66.47538,86.16235,162.14769
37.0,39.0,68.265305,95.578964,153.88672
37.0,38.0,61.85441,102.237946,182.61792
37.0,37.0,60.092705,94.12001,189.13602
37.0,36.0,43.73442,63.997707,130.83096
37.0,35.0,62.86939,81.25685,181.91675
37.0,34.0,68.52662,97.32113,165.19759
37.0,33.0,49.716225,80.91234,132.54723
37.0,32.0,54.23986,73.77568,138.78741
37.0,31.0,38.041634,72.18909,127.20767
37.0,30.0,91.864845,63.000027,124.54507
37.0,29.0,49.682404,61.06604,135.68472
37.0,28.0,34.862644,69.28163,143.43608
37.0,27.0,34.232254,49.197094,135.44122
37.0,26.0,65.65078,69.7874,120.213486
37.0,25.0,50.91691,54.415283,124.92879
37.0,24.0,33.078022,54.444202,118.17184
37.0,23.0,44.942772,47.729984,101.43421
37.0,22.0,40.507915,41.11423,106.7028
37.0,21.0,37.41107,53.831036,103.61843
38.0,144.0,63.887463,104.817276,112.6479
38.0,143.0,64.403725,109.964516,142.86798
38.0,142.0,56.130234,108.34912,158.11543
38.0,141.0,61.501957,108.1829,123.38151
38.0,140.0,55.564106,89.41279,129.4766
38.0,139.0,56.82894,101.017136,144.96672
38.0,138.0,64.34281,103.296486,155.74825
38.0,137.0,97.10917,116.70298,145.33499
38.0,136.0,64.056816,111.22839,145.88951
38.0,135.0,55.21998,107.02666,99.532364
38.0,134.0,55.827934,107.53611,139.75221
38.0,133.0,53.198032,109.6861,150.78333
38.0,132.0,73.6972,105.640175,150.79079
38.0,131.0,62.436527,98.94763,182.22864
38.0,130.0,66.121376,119.44036,155.13116
38.0,129.0,55.538998,104.4682,112.46002
38.0,128.0,64.78145,95.458885,111.69644
38.0,127.0,64.581436,107.055916,152.82838
38.0,126.0,58.48139,95.287445,126.30593
38.0,125.0,49.879307,96.49415,153.68529
38.0,124.0,51.052177,96.3366,161.28384
38.0,123.0,62.79938,111.0165,140.0421
38.0,122.0,69.20064,106.71985,167.10977
38.0,121.0,64.2104,107.812744,177.9727
38.0,120.0,49.084797,88.51212,157.70042
38.0,119.0,52.1853,95.46397,129.30551
38.0,118.0,56.252014,84.47608,111.94278
38.0,117.0,56.44899,99.96145,133.30017
38.0,116.0,52.65459,91.806816,118.54382
38.0,115.0,49.03562,80.972885,151.5524
38.0,114.0,64.95115,97.92675,116.350914
38.0,113.0,63.642975,102.134605,119.5311
38.0,112.0,51.24722,107.0211,113.98057
38.0,111.0,57.393337,100.84851,124.92833
38.0,110.0,52.3657,102.43707,127.92482
38.0,109.0,50.189175,93.678116,131.95338
38.0,108.0,51.936092,99.85054,113.29212
38.0,107.0,61.041107,95.24861,149.18782
38.0,106.0,53.44183,111.718,129.46986
38.0,105.0,60.562096,105.48651,158.24489
38.0,104.0,62.395107,107.04729,153.56636
38.0,103.0,61.891754,96.12165,121.17084
38.0,102.0,55.141064,103.97901,135.06795
38.0,101.0,59.163536,107.11781,158.50522
38.0,100.0,57.069065,106.48426,143.64494
38.0,99.0,60.57023,92.608536,138.80586
38.0,98.0,56.1541,100.82752,92.925354
38.0,97.0,51.56336,108.206116,132.9303
38.0,96.0,56.922928,102.979744,161.39465
38.0,95.0,56.010803,102.13123,142.72937
38.0,94.0,51.36632,94.026794,141.04701
38.0,93.0,53.757385,90.99287,126.41727
38.0,92.0,58.899693,100.79796,122.504776
38.0,91.0,49.20867,100.36741,164.95976
38.0,90.0,54.23049,104.99223,126.8433
38.0,89.0,54.858593,107.285904,143.84135
38.0,88.0,66.95471,108.70154,119.05774
38.0,87.0,50.677303,105.53167,147.71016
38.0,86.0,51.721443,104.2878,128.2944
38.0,85.0,53.78988,96.20976,128.89363
38.0,84.0,52.618298,96.38797,116.83813
38.0,83.0,57.379406,97.95779,119.49539
38.0,82.0,49.373646,86.64822,108.17213
38.0,81.0,53.924526,87.5021,127.38856
38.0,80.0,51.3278,94.04184,100.50922
38.0,79.0,53.28322,88.813705,126.81392
38.0,78.0,54.99032,92.41854,133.01889
38.0,77.0,55.887768,85.88038,131.16138
38.0,76.0,50.663406,91.79286,96.66914
38.0,75.0,47.660545,96.14205,120.575455
38.0,74.0,55.34559,83.43756,134.68251
38.0,73.0,44.973083,74.7169,125.20492
38.0,72.0,41.919277,94.51339,147.01352
38.0,71.0,50.38318,74.08679,114.08535
38.0,70.0,47.227383,87.64155,105.412125
38.0,69.0,48.10727,75.642075,115.37373
38.0,68.0,85.45576,80.21825,138.29797
38.0,67.0,49.12861,83.554924,110.40142
38.0,66.0,55.297188,82.168,101.81224
38.0,65.0,49.050236,89.02776,102.005135
38.0,64.0,54.422882,88.612076,100.22992
38.0,63.0,51.098442,74.51316,100.75582
38.0,62.0,38.139507,74.785065,98.693855
38.0,61.0,40.304947,76.30098,68.28365
38.0,60.0,44.78049,63.787315,110.037636
38.0,59.0,46.55246,76.80094,87.96478
38.0,58.0,43.80013,72.81259,79.489006
38.0,57.0,47.124603,78.45313,86.59853
38.0,56.0,50.940598,78.260124,101.747795
38.0,55.0,51.19295,60.032173,57.00863
38.0,54.0,49.06201,64.07373,111.69181
38.0,53.0,36.74977,54.676807,90.71858
38.0,52.0,49.49417,63.50287,101.134186
38.0,51.0,37.934418,56.578136,63.274254
38.0,50.0,38.981953,56.860126,49.36239
39.0,148.0,105.38219,142.98361,209.69261
39.0,147.0,109.16878,144.95976,234.2826
39.0,146.0,97.492645,126.71617,205.25009
39.0,145.0,107.22123,136.61221,223.40363
39.0,144.0,113.60086,134.0835,212.49281
39.0,143.0,103.944016,137.70229,219.29626
39.0,142.0,99.895874,136.71078,204.14914
40.0,130.0,66.92486,115.88158,158.81807
40.0,129.0,60.26114,103.58275,159.81857
40.0,128.0,72.02154,116.99049,146.65419
40.0,127.0,67.70457,118.11685,170.1253
40.0,126.0,62.862354,104.265076,169.3547
40.0,125.0,66.5816,109.83637,165.02016
40.0,124.0,53.435154,104.063034,153.58983
40.0,123.0,53.30213,111.31069,175.06999
40.0,122.0,71.60195,105.7525,147.67813
40.0,121.0,55.43698,105.16719,196.88945
40.0,120.0,53.107346,93.65867,126.28619
40.0,119.0,69.89806,108.43934,151.12193
40.0,118.0,62.979733,106.16721,131.05586
40.0,117.0,65.46662,98.96915,171.40045
40.0,116.0,59.30583,105.31793,193.89832
40.0,115.0,62.204693,117.0139,136.332
40.0,114.0,63.141125,111.15722,172.81117
40.0,113.0,56.31457,108.17577,173.72733
40.0,112.0,59.66129,114.8386,212.24551
40.0,111.0,62.124405,103.47332,184.09088
40.0,110.0,62.152332,106.79829,150.5146
40.0,109.0,64.162994,110.4467,155.60847
40.0,108.0,67.30403,122.37808,144.00534
40.0,107.0,55.35885,100.07053,161.04935
40.0,106.0,51.845074,98.71881,163.5109
40.0,105.0,68.96467,88.58725,120.71622
40.0,104.0,56.539368,107.15757,147.30505
40.0,103.0,51.49573,92.04631,128.44077
40.0,102.0,61.98446,83.59805,150.35857
40.0,101.0,51.565247,85.89381,112.615135
40.0,100.0,54.794678,97.08936,114.37345
40.0,99.0,44.016262,81.884254,104.47366
40.0,98.0,55.079613,94.651794,140.76215
40.0,97.0,64.02297,99.68524,138.34435
40.0,96.0,49.832844,95.128395,132.43452
40.0,95.0,35.776325,83.65278,120.38741
40.0,94.0,42.147526,88.774475,128.30196
40.0,93.0,45.428402,87.5253,109.557976
40.0,92.0,48.71074,100.12924,130.46605
40.0,91.0,39.149757,84.63626,113.466415
40.0,90.0,49.587673,72.79433,124.17821
40.0,89.0,46.75675,77.355804,119.108376
40.0,88.0,47.64451,89.884895,94.98991
40.0,87.0,55.64501,81.85242,138.69475
40.0,86.0,56.887863,89.86903,115.651855
40.0,85.0,53.9841,81.49099,112.78403
40.0,84.0,56.998104,78.98087,115.50241
40.0,83.0,45.78486,76.18658,151.0791
40.0,82.0,48.61663,76.32732,120.74187
40.0,81.0,47.20075,90.09676,111.25703
40.0,80.0,57.375957,96.79759,116.018265
40.0,79.0,52.487633,105.75517,122.489784
40.0,78.0,50.07707,96.56158,139.31294
40.0,77.0,65.02225,110.25674,160.44539
40.0,76.0,55.194885,98.801445,135.61739
40.0,75.0,51.81189,85.30855,127.39181
40.0,74.0,47.622456,97.23372,127.23168
40.0,73.0,50.936142,79.20836,128.956
40.0,72.0,47.214333,81.42906,114.80578
40.0,71.0,48.087902,87.89568,123.40711
40.0,70.0,44.12249,82.53172,110.41289
40.0,69.0,54.15322,85.15071,141.09673
40.0,68.0,45.39901,71.71398,119.31807
40.0,67.0,47.13584,72.72302,93.638824
40.0,66.0,56.901707,91.7323,142.06209
40.0,65.0,43.43898,81.56014,101.28818
40.0,64.0,51.462048,82.86092,106.7239
40.0,63.0,45.117725,73.59634,115.43171
40.0,62.0,43.39017,81.59945,84.0721
40.0,61.0,48.954174,74.57095,84.61994
40.0,60.0,51.601402,78.262276,83.23436
40.0,59.0,44.119263,68.75806,71.69164
40.0,58.0,41.741936,65.01771,72.209625
40.0,57.0,44.04538,72.466194,78.51577
40.0,56.0,37.49746,49.800198,109.814926
40.0,55.0,29.71525,55.834473,87.585304
40.0,54.0,28.737476,67.0602,59.123005
40.0,53.0,37.286495,58.635822,60.111244
40.0,52.0,37.2854,40.44694,57.00344
40.0,51.0,35.765965,45.36367,72.38931
40.0,50.0,45.40312,67.83372,98.123955
40.0,49.0,33.390293,59.604946,91.07636
40.0,48.0,37.516556,68.96517,129.44774
40.0,47.0,35.34426,82.193756,122.92811
40.0,46.0,37.534992,77.4382,109.50615
40.0,45.0,38.0347,63.39236,101.30097
40.0,44.0,35.180134,53.567528,83.58481
40.0,43.0,25.687447,45.326015,83.84886
40.0,42.0,38.22463,53.988377,71.59493
40.0,41.0,31.032602,45.766537,69.17677
40.0,40.0,23.562714,50.530785,52.66905
40.0,39.0,21.531435,38.504303,48.874397
40.0,38.0,28.74208,46.088554,40.942505
40.0,37.0,34.8919,48.37919,43.231052
40.0,36.0,25.07408,52.52316,53.23348
40.0,35.0,24.880787,40.42346,71.74709
40.0,34.0,24.200806,39.372177,57.900597
40.0,33.0,27.834839,38.068016,54.911774
40.0,32.0,28.94762,34.32238,44.572
40.0,31.0,28.558857,42.837383,36.72453
40.0,30.0,22.684742,37.831013,61.662914
40.0,29.0,21.78288,37.739517,41.210377
40.0,28.0,27.83436,32.97003,37.755524
41.0,110.0,106.55721,178.52039,233.82787
41.0,109.0,109.10415,171.59258,198.2862
41.0,108.0,114.52939,162.96568,203.93721
41.0,107.0,106.41336,171.57576,234.57697
41.0,106.0,97.940704,169.79626,237.4449
41.0,105.0,100.9349,167.60222,224.08759
41.0,104.0,107.024376,168.67912,287.97186
41.0,103.0,118.17674,174.3964,245.72359
41.0,102.0,104.452194,176.85577,244.53442
41.0,101.0,116.16011,174.64198,238.2316
41.0,100.0,113.59131,162.71132,269.91196
41.0,99.0,107.52157,172.449,244.74683
41.0,98.0,112.3134,169.23187,234.32297
41.0,97.0,102.05216,158.32738,207.9909
41.0,96.0,97.36357,149.37892,223.30305
41.0,95.0,93.81794,158.29042,243.10832
41.0,94.0,101.5521,156.71634,237.37143
41.0,93.0,102.398766,160.43143,214.29578
41.0,92.0,110.56044,155.04405,214.46152
41.0,91.0,100.90653,162.84526,222.67116
41.0,90.0,105.625046,155.58278,229.28458
41.0,89.0,107.32734,152.58131,212.53871
41.0,88.0,116.279205,163.30449,254.65309
41.0,87.0,100.149826,147.179,246.62163
41.0,86.0,116.96936,148.98604,240.09941
41.0,85.0,103.993904,149.33615,238.74966
41.0,84.0,106.41881,156.08525,238.39194
41.0,83.0,119.44221,160.71031,200.63574
41.0,82.0,140.72717,171.19112,231.8303
41.0,81.0,107.76913,146.1686,220.71419
41.0,80.0,110.490616,169.5629,187.63815
41.0,79.0,105.42792,152.81238,222.59682
41.0,78.0,112.774155,129.74672,207.40718
41.0,77.0,104.22066,131.8015,240.01146
41.0,76.0,101.80984,144.13437,224.10341
41.0,75.0,124.81452,140.85875,241.36302
41.0,74.0,106.49746,150.0651,241.62611
41.0,73.0,94.61538,143.95717,169.17213
41.0,72.0,121.46202,154.78233,210.98987
41.0,71.0,116.909256,159.70238,216.48459
41.0,70.0,101.85986,160.4537,218.17975
41.0,69.0,109.51498,162.71777,207.42163
41.0,68.0,100.5462,143.14291,258.11063
41.0,67.0,100.870445,149.09566,232.63959
41.0,66.0,99.04043,142.37958,202.64381
41.0,65.0,100.69975,141.43329,208.68878
41.0,64.0,134.96237,142.03062,216.92075
41.0,63.0,98.66042,128.92729,226.69765
41.0,62.0,93.35541,122.399734,212.34978
41.0,61.0,89.86995,138.74171,239.11417
41.0,60.0,90.311066,128.51678,211.8743
41.0,59.0,96.06478,120.51824,213.12862
41.0,58.0,84.83425,124.29784,237.61958
41.0,57.0,106.24148,116.067215,187.48654
41.0,56.0,80.15819,119.41319,197.87032
41.0,55.0,79.41191,99.46757,173.60072
41.0,54.0,80.48126,113.21858,224.21861
41.0,53.0,75.03094,107.853386,198.40652
41.0,52.0,74.93255,106.53691,205.93604
41.0,51.0,72.055,114.82648,241.87738
41.0,50.0,72.19868,108.58587,213.72424
41.0,49.0,91.68716,111.13161,199.67068
41.0,48.0,79.131645,104.2853,189.11438
41.0,47.0,85.25608,119.18387,195.67815
41.0,46.0,80.48891,126.57875,187.82509
41.0,45.0,85.40593,113.97451,198.97652
41.0,44.0,84.00114,121.63583,204.53432
41.0,43.0,78.19469,111.096466,210.0377
41.0,42.0,128.89748,101.89226,185.95735
41.0,41.0,87.05534,93.79612,206.30365
41.0,40.0,63.935455,98.97003,238.23856
41.0,39.0,72.877174,100.59402,226.31029
41.0,38.0,69.69466,82.53599,145.76814
41.0,37.0,95.86779,97.457535,223.36162
41.0,36.0,64.94718,93.99047,190.44809
41.0,35.0,61.79501,106.488174,180.53354
41.0,34.0,51.78934,72.93891,184.93468
41.0,33.0,73.85008,93.78432,165.41614
41.0,32.0,77.092224,78.033226,162.17673
41.0,31.0,47.957573,82.59032,153.88014
41.0,30.0,56.320713,75.20983,160.95001
41.0,29.0,55.290672,77.634636,152.27089
41.0,28.0,41.39464,58.690327,145.57988
41.0,27.0,67.349976,60.553864,154.33002
41.0,26.0,71.675835,57.969357,142.03018
41.0,25.0,46.91708,54.22222,108.125336
41.0,24.0,52.334084,66.19064,103.796486
41.0,23.0,45.221992,46.266182,106.20267
41.0,22.0,45.289288,71.56174,73.893196
41.0,21.0,72.83228,50.156033,68.570694
41.0,20.0,37.176945,33.95879,124.16312
41.0,19.0,46.574093,26.301334,110.797226
41.0,18.0,37.646564,23.426376,70.36469
42.0,135.0,110.97113,187.18376,200.73195
42.0,134.0,114.86603,179.0706,254.21461
42.0,133.0,133.69286,179.82358,231.45592
42.0,132.0,118.03015,177.61969,290.68375
42.0,131.0,116.74255,182.28253,217.17987
42.0,130.0,112.416725,186.77347,296.77078
42.0,129.0,115.86268,184.2763,239.49535
42.0,128.0,115.65812,176.42493,271.5997
42.0,127.0,114.4476,179.64268,231.06268
42.0,126.0,122.63753,178.80968,214.87202
42.0,125.0,112.72867,178.2655,219.312
42.0,124.0,106.38054,169.77162,246.49115
42.0,123.0,107.72604,181.53911,228.24615
42.0,122.0,111.89973,178.63042,211.19687
42.0,121.0,136.37268,183.39963,256.02036
42.0,120.0,108.97995,178.59338,242.87788
42.0,119.0,111.665306,171.56284,240.8922
42.0,118.0,107.74466,175.15623,240.24821
42.0,117.0,112.64797,180.54886,184.18846
42.0,116.0,108.82163,181.17052,257.77444
42.0,115.0,111.40578,178.66841,243.35678
42.0,114.0,104.800095,184.93352,233.96304
42.0,113.0,111.3572,160.87775,225.56546
42.0,112.0,117.70478,164.44363,193.05334
42.0,111.0,114.5758,173.83862,218.61638
42.0,110.0,110.30308,176.10013,230.11316
42.0,109.0,104.035835,158.57298,191.64497
42.0,108.0,125.79112,158.94543,201.73221
42.0,107.0,112.18991,163.9323,197.59206
42.0,106.0,106.2124,167.70274,258.37485
42.0,105.0,103.41829,146.77684,249.06691
42.0,104.0,107.34751,153.63628,234.39313
42.0,103.0,107.02206,161.63217,222.26288
42.0,102.0,103.696045,153.22362,172.3827
42.0,101.0,122.00015,160.75293,203.90437
42.0,100.0,104.70712,166.39668,205.6424
42.0,99.0,94.96995,163.21089,249.95944
42.0,98.0,105.05286,162.64168,224.94873
42.0,97.0,114.14635,164.58821,218.17412
42.0,96.0,101.9116,162.68976,208.25786
42.0,95.0,103.4933,154.17429,213.707
42.0,94.0,122.53902,165.97182,214.7975
42.0,93.0,123.05007,166.44461,203.87279
42.0,92.0,116.749954,165.06586,219.12453
42.0,91.0,105.1747,156.72044,212.5254
42.0,90.0,98.127014,162.01799,216.55103
42.0,89.0,104.65789,157.93706,229.28915
42.0,88.0,108.68261,151.83725,200.24004
42.0,87.0,95.468185,149.77858,207.79976
42.0,86.0,105.51474,135.49017,238.85179
42.0,85.0,91.44354,128.8514,231.74055
42.0,84.0,97.19003,126.419395,199.73885
42.0,83.0,91.42256,127.54122,244.55002
42.0,82.0,96.60543,133.99525,191.70795
42.0,81.0,105.92648,136.99925,206.76181
42.0,80.0,94.03546,137.1922,252.53452
42.0,79.0,119.79053,135.90807,222.91818
42.0,78.0,103.3847,154.24687,211.28044
42.0,77.0,98.06242,150.12337,213.04593
42.0,76.0,111.9878,151.31042,219.34851
42.0,75.0,94.52317,133.79997,213.75061
42.0,74.0,115.299484,139.14154,232.79852
42.0,73.0,94.440865,133.77478,221.53407
42.0,72.0,104.66276,132.48697,224.06557
42.0,71.0,88.61381,122.77919,209.42624
42.0,70.0,92.44787,132.1251,182.99889
42.0,69.0,90.367195,114.84711,233.52362
42.0,68.0,89.34098,119.98754,239.9778
42.0,67.0,82.98466,124.74357,207.0918
42.0,66.0,91.10955,104.76311,213.33806
42.0,65.0,116.00599,119.43682,174.74048
42.0,64.0,77.26875,117.9911,230.01357
42.0,63.0,77.76385,118.69384,189.21391
42.0,62.0,75.624115,123.16614,183.19202
42.0,61.0,83.3008,111.95903,211.95576
42.0,60.0,105.74648,131.25253,213.10165
42.0,59.0,100.04089,130.7046,196.38275
42.0,58.0,89.08669,99.86003,224.70155
42.0,57.0,86.468124,116.21405,195.38354
42.0,56.0,96.11619,106.409935,218.61589
42.0,55.0,75.42237,122.50909,201.70213
42.0,54.0,92.80046,119.224846,210.75009
42.0,53.0,80.43125,112.51686,201.84703
42.0,52.0,80.875275,111.009094,173.95592
42.0,51.0,81.82318,98.82992,187.65945
42.0,50.0,53.893684,102.994385,173.76224
42.0,49.0,68.70745,106.26106,168.50824
42.0,48.0,65.71128,79.44684,164.97368
42.0,47.0,92.585304,91.102486,193.51718
42.0,46.0,70.176674,94.02228,194.23163
42.0,45.0,81.69759,107.45941,194.40718
42.0,44.0,81.91397,112.600845,196.01799
42.0,43.0,67.41093,92.2689,156.89667
42.0,42.0,59.87761,81.64593,146.14038
42.0,41.0,58.689865,74.80171,162.06432
42.0,40.0,54.712,90.21506,160.78778
42.0,39.0,88.79858,91.34765,129.75409
42.0,38.0,57.076336,95.401634,161.588
42.0,37.0,52.04684,83.7428,142.90854
42.0,36.0,62.855087,85.03124,152.77072
42.0,35.0,49.167442,66.080864,140.42685
42.0,34.0,51.320366,81.48882,161.1018
42.0,33.0,54.132637,80.26621,165.62721
42.0,32.0,46.693184,72.216606,124.24926
42.0,31.0,46.223972,80.385574,136.46152
42.0,30.0,39.81096,55.00896,119.01891
42.0,29.0,38.986538,59.42327,118.00296
42.0,28.0,85.109955,68.643906,115.33629
42.0,27.0,41.20521,48.495605,100.602036
42.0,26.0,50.429306,33.535534,112.808136
42.0,25.0,42.94205,55.979763,98.52991
42.0,24.0,44.448357,50.65464,86.42741
42.0,23.0,33.622673,45.678608,91.020035
42.0,22.0,35.577507,31.014996,95.380196
42.0,21.0,28.306911,25.885555,87.04822
42.0,20.0,75.97428,29.440578,65.844315
42.0,19.0,32.353703,22.495642,59.622044
42.0,18.0,23.647852,55.643826,71.08762
42.0,17.0,14.55588,32.943295,67.04315
42.0,16.0,27.112793,30.803486,43.843437
42.0,15.0,26.954588,18.711588,69.809944
42.0,14.0,22.99827,15.135423,28.201435
42.0,13.0,13.140196,16.36167,27.05003
42.0,12.0,14.347531,18.699417,32.292892
42.0,11.0,16.731117,15.733527,38.645184
42.0,10.0,13.658359,18.109686,41.340588
43.0,200.0,87.88363,129.79857,241.3985
43.0,199.0,86.37126,139.54517,171.50148
43.0,198.0,81.0212,136.65933,235.66992
43.0,197.0,97.947075,134.0029,233.91751
43.0,196.0,88.48952,133.48373,195.64731
43.0,195.0,83.21528,131.05687,207.57365
43.0,194.0,97.08559,138.97711,259.12393
43.0,193.0,88.0062,145.17316,237.50722
43.0,192.0,85.72029,143.13069,231.78271
43.0,191.0,88.08865,131.24548,221.01942
43.0,190.0,80.542114,135.13803,182.08412
43.0,189.0,78.242645,130.29811,185.56778
43.0,188.0,102.77709,138.52899,237.2589
43.0,187.0,94.01009,140.48767,233.92058
43.0,186.0,95.81037,132.59146,202.76082
43.0,185.0,95.13698,133.23549,187.80743
43.0,184.0,74.310356,139.3624,198.36897
43.0,183.0,92.94732,135.9379,177.4398
43.0,182.0,99.15311,135.35011,199.81866
43.0,181.0,90.88631,142.91803,232.78346
43.0,180.0,84.8992,146.11179,214.56091
43.0,179.0,80.586876,132.17699,198.61119
43.0,178.0,81.88047,132.09244,221.9076
43.0,177.0,87.2149,116.62471,210.1924
43.0,176.0,89.887566,138.64363,231.8016
43.0,175.0,86.99845,133.3214,217.38496
43.0,174.0,80.24838,143.65366,228.9812
43.0,173.0,110.35402,117.78913,182.16954
43.0,172.0,81.59753,144.62018,265.15872
43.0,171.0,84.68238,135.98639,195.40663
43.0,170.0,89.01536,127.01628,231.44812
43.0,169.0,95.19829,146.36418,231.86604
43.0,168.0,83.54697,152.60919,211.91368
43.0,167.0,82.72426,136.26236,206.9161
43.0,166.0,86.60867,133.30127,229.30093
43.0,165.0,83.98234,113.3063,223.9913
43.0,164.0,87.48599,116.45908,214.4858
43.0,163.0,83.92774,125.27398,199.36305
43.0,162.0,81.3216,126.16914,204.79749
43.0,161.0,76.81947,114.23804,195.03154
43.0,160.0,93.82745,129.51486,228.5516
43.0,159.0,85.691895,127.43941,197.87305
43.0,158.0,89.795105,136.61696,228.8025
43.0,157.0,113.0092,110.3305,206.67244
43.0,156.0,71.68455,123.534485,216.52283
43.0,155.0,76.18273,116.43925,194.51624
43.0,154.0,85.76392,117.24345,251.34879
43.0,153.0,83.84397,125.12089,222.86703
43.0,152.0,90.53805,128.45952,245.23584
43.0,151.0,101.04942,139.47041,234.93991
43.0,150.0,86.48116,132.7398,194.87341
43.0,149.0,88.85898,134.57991,275.20065
43.0,148.0,113.837715,152.30994,202.49019
43.0,147.0,94.33934,146.07355,177.26767
43.0,146.0,90.27712,140.5477,208.49489
43.0,145.0,89.88776,135.34343,230.40257
43.0,144.0,97.23447,136.49896,218.61777
43.0,143.0,99.83143,133.70195,187.99292
43.0,142.0,83.63272,139.47606,247.60396
43.0,141.0,93.197525,139.9725,245.00275
43.0,140.0,98.750275,124.80087,209.93817
43.0,139.0,86.29013,139.32059,209.00049
43.0,138.0,77.47886,124.77451,227.0022
43.0,137.0,80.054504,126.468704,173.08276
43.0,136.0,84.31969,122.079025,189.99196
43.0,135.0,73.56378,130.65414,218.6865
43.0,134.0,75.723114,119.00312,194.94058
43.0,133.0,82.76372,133.36063,219.21507
43.0,132.0,88.18533,127.08263,173.41212
43.0,131.0,79.36689,129.03998,215.8516
43.0,130.0,79.80197,137.8112,225.0203
43.0,129.0,73.22959,125.32553,205.19641
43.0,128.0,75.3348,137.53806,248.60916
43.0,127.0,79.964645,142.82907,194.43228
43.0,126.0,79.44148,126.86183,228.79077
43.0,125.0,66.68534,106.793236,177.50737
43.0,124.0,65.65031,108.375374,182.64566
43.0,123.0,68.70301,109.987076,202.29549
43.0,122.0,77.97479,120.84187,181.18523
43.0,121.0,76.05631,126.78494,219.70737
43.0,120.0,71.63166,109.24101,179.79112
43.0,119.0,68.83737,108.140884,174.41243
43.0,118.0,64.27861,121.82439,176.70297
43.0,117.0,91.5529,108.203896,186.22835
43.0,116.0,74.71571,114.35837,173.9533
43.0,115.0,77.97811,126.90099,192.6998
43.0,114.0,81.89209,125.55202,196.82956
43.0,113.0,71.081,113.26873,180.78088
43.0,112.0,74.98946,119.39925,178.05508
43.0,111.0,84.55246,118.119,174.20071
43.0,110.0,81.27671,130.59148,175.69644
43.0,109.0,74.51895,126.04878,172.82358
43.0,108.0,80.4486,113.75391,166.93526
43.0,107.0,76.601265,135.8664,157.94502
43.0,106.0,81.05705,125.926575,198.56407
43.0,105.0,86.51931,127.54869,211.53763
43.0,104.0,82.13026,123.979614,149.07602
43.0,103.0,76.98613,121.45681,175.24904
43.0,102.0,64.99358,123.976524,132.22548
43.0,101.0,71.66777,118.52458,187.62634
43.0,100.0,66.66389,118.71513,143.74818
43.0,99.0,71.64528,124.25714,235.80554
43.0,98.0,70.02619,120.23835,192.33351
43.0,97.0,91.76559,127.34216,189.49522
43.0,96.0,65.468636,132.05681,185.54974
43.0,95.0,108.16319,126.778336,174.37227
43.0,94.0,80.55924,128.52939,188.67297
43.0,93.0,65.72584,126.42194,194.5969
43.0,92.0,78.55643,127.33316,178.0515
43.0,91.0,65.49241,117.31702,183.57462
43.0,90.0,65.02944,118.341866,192.76111
43.0,89.0,55.35182,107.686104,203.821
43.0,88.0,61.904236,121.83802,168.83649
43.0,87.0,76.4949,111.752495,167.11003
43.0,86.0,59.839054,100.38999,156.32715
43.0,85.0,51.503933,101.41164,137.57779
43.0,84.0,60.887108,118.63336,170.49184
43.0,83.0,88.53967,114.15095,146.9741
43.0,82.0,81.46355,103.067245,171.72758
43.0,81.0,68.02428,93.934006,129.38509
43.0,80.0,58.40692,102.71127,161.18004
43.0,79.0,67.610535,91.09716,187.35106
43.0,78.0,70.287,109.54953,159.72821
43.0,77.0,69.556694,109.07267,194.78287
43.0,76.0,58.083897,103.03667,173.63164
43.0,75.0,62.12547,118.98757,171.59538
43.0,74.0,46.709362,106.75789,181.59764
43.0,73.0,56.3711,107.35361,163.38988
43.0,72.0,75.87754,100.17841,155.7851
43.0,71.0,53.85375,107.44798,146.5141
43.0,70.0,60.939255,95.49309,180.45671
43.0,69.0,54.476013,107.1419,156.07997
43.0,68.0,52.95296,95.39265,145.37024
43.0,67.0,64.88415,90.83044,170.46446
43.0,66.0,65.12927,100.72434,157.50534
43.0,65.0,59.600494,103.936356,128.07861
43.0,64.0,59.42174,83.997505,146.57405
43.0,63.0,50.94493,86.88621,148.3694
43.0,62.0,58.443592,90.89786,113.1187
43.0,61.0,55.355003,81.34034,127.57957
43.0,60.0,52.601944,83.68422,110.353424
43.0,59.0,45.216938,81.19732,141.93814
44.0,132.0,81.44299,122.80115,189.78392
44.0,131.0,75.15265,126.668015,188.6715
44.0,130.0,72.92488,120.06741,230.1669
44.0,129.0,69.00285,124.19364,215.41466
44.0,128.0,91.37243,120.88288,220.00607
44.0,127.0,72.72657,131.86107,245.9789
44.0,126.0,80.88831,118.71131,209.39493
44.0,125.0,86.16866,121.24172,211.98569
44.0,124.0,85.849365,135.59975,230.78851
44.0,123.0,77.87026,125.37958,202.91563
44.0,122.0,97.20255,137.05707,197.15804
44.0,121.0,81.654686,131.06421,221.10374
44.0,120.0,84.53836,124.7194,243.95934
44.0,119.0,73.61788,129.29321,240.52402
44.0,118.0,80.565,131.22916,223.39124
44.0,117.0,86.86473,129.1547,197.22203
44.0,116.0,77.5631,117.105934,214.51686
44.0,115.0,85.41974,128.51228,209.70421
44.0,114.0,72.69584,113.250946,255.14319
44.0,113.0,71.4251,113.95803,222.57939
44.0,112.0,95.2034,124.41398,228.14722
44.0,111.0,71.25021,117.99019,179.83623
44.0,110.0,74.92359,118.10119,206.63152
44.0,109.0,71.449745,135.00587,186.37155
45.0,235.0,70.26822,120.32705,153.50449
45.0,234.0,64.79906,113.36509,183.59845
45.0,233.0,57.773884,113.337944,171.73969
45.0,232.0,69.022194,97.06519,199.59163
45.0,231.0,55.40658,101.30308,196.47614
45.0,230.0,65.12207,110.87332,161.1176
45.0,229.0,60.624554,102.28747,197.7649
45.0,228.0,64.82489,110.309326,185.86534
45.0,227.0,71.59465,110.960014,184.6259
45.0,226.0,63.672047,108.02386,206.33649
45.0,225.0,69.2437,104.31262,200.32365
45.0,224.0,65.39625,105.90596,177.4323
45.0,223.0,65.44675,115.08615,158.28877
45.0,222.0,65.1407,104.9376,154.71544
45.0,221.0,70.27332,118.94929,193.09473
45.0,220.0,65.15732,111.626656,166.75475
45.0,219.0,65.79177,95.93713,165.11687
45.0,218.0,59.065598,110.00145,177.41223
45.0,217.0,64.19287,112.45671,164.73946
45.0,216.0,65.72676,114.855255,172.14737
45.0,215.0,63.251152,117.747284,181.5495
45.0,214.0,61.624046,105.31563,163.22699
45.0,213.0,66.66127,109.01966,201.94328
45.0,212.0,54.127377,119.236946,173.19196
45.0,211.0,52.2196,105.35463,168.77245
45.0,210.0,65.39181,94.57683,153.0444
45.0,209.0,53.55026,111.92946,191.78241
45.0,208.0,53.630367,106.51563,165.41048
45.0,207.0,57.04659,104.583885,183.78116
45.0,206.0,48.063717,103.589096,155.3085
45.0,205.0,54.49403,106.676994,181.03099
45.0,204.0,63.380005,99.362015,176.42128
45.0,203.0,63.00397,107.38575,166.55318
45.0,202.0,57.68517,102.66541,156.96591
45.0,201.0,57.372967,101.94691,169.7716
45.0,200.0,61.096333,114.55661,167.69589
45.0,199.0,64.482086,108.00146,129.86586
45.0,198.0,69.64517,102.48441,156.04161
45.0,197.0,60.810486,103.46189,157.25793
45.0,196.0,59.229187,111.05828,193.8001
45.0,195.0,66.69236,119.97615,175.21844
45.0,194.0,65.041794,109.36944,183.95891
45.0,193.0,62.19887,120.7863,156.06274
45.0,192.0,66.22273,123.74529,171.33055
45.0,191.0,60.29475,114.36272,176.08199
45.0,190.0,67.57283,116.20483,198.7778
45.0,189.0,59.171997,109.23388,178.34468
45.0,188.0,63.025192,109.07078,169.59993
45.0,187.0,59.571625,114.32348,183.46365
45.0,186.0,58.984562,113.79352,158.75687
45.0,185.0,68.69805,109.61754,221.19417
45.0,184.0,73.78194,109.04325,162.61623
45.0,183.0,59.524895,108.612854,197.2546
45.0,182.0,61.423534,114.66224,171.30374
45.0,181.0,57.938133,115.56101,188.56
45.0,180.0,65.03927,112.07004,177.02711
45.0,179.0,57.08422,115.70493,185.4251
45.0,178.0,55.45075,120.70602,164.24998
45.0,177.0,64.08663,120.859856,168.78699
45.0,176.0,63.672466,119.85795,181.36653
45.0,175.0,58.791534,111.158134,145.76166
45.0,174.0,49.19979,90.70788,150.73595
45.0,173.0,48.89468,114.270515,139.15878
45.0,172.0,65.43821,93.99313,175.9987
45.0,171.0,53.759365,85.36112,126.83831
45.0,170.0,62.992805,101.89294,134.20404
45.0,169.0,52.887726,103.93475,135.89563
45.0,168.0,51.25388,116.400925,158.17027
45.0,167.0,60.01778,97.84109,138.60663
45.0,166.0,57.37104,102.12044,166.52252
45.0,165.0,54.70004,99.3168,137.08777
45.0,164.0,63.07323,101.12058,145.31688
45.0,163.0,69.723656,107.51514,206.87585
45.0,162.0,55.647827,98.02676,158.92635
45.0,161.0,53.110638,93.63427,142.7113
45.0,160.0,51.822304,90.95827,133.1931
45.0,159.0,48.244476,96.92773,170.9593
45.0,158.0,71.23131,101.46348,157.72566
45.0,157.0,55.79355,99.96422,188.85457
45.0,156.0,57.07033,109.04798,161.03162
45.0,155.0,60.7311,90.554474,150.59248
45.0,154.0,50.806953,86.02368,141.3304
45.0,153.0,53.23597,103.93499,157.42603
45.0,152.0,60.80885,110.94825,127.662476
45.0,151.0,50.329536,101.76008,141.95526
45.0,150.0,64.30525,97.620766,142.30351
45.0,149.0,55.411274,109.843414,144.28333
45.0,148.0,62.06781,101.57522,149.96707
45.0,147.0,57.04241,105.0989,142.8113
45.0,146.0,56.971546,108.029655,146.15215
45.0,145.0,59.755207,106.86336,177.68614
45.0,144.0,54.38652,110.06329,157.64836
45.0,143.0,45.913074,114.81233,111.63372
45.0,142.0,48.23187,105.52046,158.15334
45.0,141.0,47.928642,98.6259,135.87613
45.0,140.0,52.72123,86.8101,181.97005
45.0,139.0,59.40906,97.312096,150.52747
45.0,138.0,54.695824,100.66461,164.50493
45.0,137.0,61.413155,108.60043,149.06621
45.0,136.0,55.541965,98.04013,140.1742
45.0,135.0,39.8056,92.80831,120.796104
45.0,134.0,56.81332,98.54439,159.38045
45.0,133.0,44.831615,96.00029,120.762215
45.0,132.0,54.659885,107.020485,161.88757
45.0,131.0,58.372932,115.13135,155.54584
45.0,130.0,59.988308,110.53371,143.54134
45.0,129.0,52.721054,91.441086,140.29987
45.0,128.0,57.9679,91.93145,158.42091
45.0,127.0,45.97062,94.14849,126.44988
45.0,126.0,54.59995,91.967445,134.01285
45.0,125.0,50.16326,91.56886,124.74663
45.0,124.0,52.260315,90.02441,145.91905
45.0,123.0,51.157673,93.36862,115.13694
45.0,122.0,48.26431,95.98412,126.63527
45.0,121.0,43.597557,87.095,89.94768
45.0,120.0,52.793404,89.22272,150.43475
45.0,119.0,64.259514,88.83186,122.05376
45.0,118.0,58.659634,84.50433,103.924164
45.0,117.0,46.19444,83.90287,113.00863
45.0,116.0,49.052704,85.61578,120.73417
45.0,115.0,45.1464,89.09262,87.7351
45.0,114.0,42.846172,79.85357,96.04746
46.0,162.0,71.36442,111.85759,181.53926
46.0,161.0,95.54668,121.20032,200.37703
46.0,160.0,83.996994,125.409966,179.82144
46.0,159.0,78.22382,108.5475,183.09291
46.0,158.0,73.97458,114.77602,233.31262
46.0,157.0,64.56273,118.62716,220.29031
46.0,156.0,77.46843,107.43538,213.83185
46.0,155.0,54.063377,104.99118,168.32866
46.0,154.0,54.809704,104.814926,205.30472
46.0,153.0,67.63978,105.0857,210.00465
46.0,152.0,70.62218,96.7345,198.3012
46.0,151.0,68.899925,100.8145,167.65717
46.0,150.0,61.635967,103.771225,153.1804
46.0,149.0,77.574615,94.78594,171.62912
46.0,148.0,75.29636,96.74199,207.14594
46.0,147.0,63.543373,100.53782,178.62292
46.0,146.0,70.63666,105.08403,191.14554
46.0,145.0,82.22204,128.84914,151.03311
46.0,144.0,75.70579,121.697014,203.53647
46.0,143.0,70.61606,112.64227,179.48123
46.0,142.0,71.59298,101.61701,168.57962
46.0,141.0,64.99301,104.02776,226.97755
46.0,140.0,61.369976,104.542076,202.96683
46.0,139.0,81.26838,108.315796,175.97383
46.0,138.0,68.55719,116.67072,166.61722
46.0,137.0,57.248104,92.36489,230.22504
46.0,136.0,67.45992,100.29517,163.67819
46.0,135.0,65.08762,102.536835,144.64467
46.0,134.0,69.54711,109.911476,141.49596
46.0,133.0,70.90567,105.3713,139.47435
46.0,132.0,77.156075,125.13729,168.36356
46.0,131.0,70.30794,107.87624,206.24327
46.0,130.0,64.24665,111.28236,222.24138
46.0,129.0,58.903767,114.04342,178.7528
46.0,128.0,68.48574,112.16753,179.95135
46.0,127.0,60.584618,96.832405,147.93121
46.0,126.0,69.09143,106.23155,201.71735
46.0,125.0,75.72078,117.70903,180.29599
46.0,124.0,67.79556,114.05879,163.39574
46.0,123.0,67.996254,111.17612,177.37224
46.0,122.0,62.577553,112.311226,190.34361
46.0,121.0,68.568756,95.256645,191.33316
46.0,120.0,62.910805,98.46814,176.61931
46.0,119.0,50.073772,88.8265,151.39693
46.0,118.0,58.16856,101.29262,143.23584
46.0,117.0,55.10188,93.42109,163.43942
46.0,116.0,57.497692,91.53263,163.71442
46.0,115.0,50.595978,98.52762,182.96988
46.0,114.0,49.396786,79.579895,138.52382
46.0,113.0,57.17092,83.907486,146.44925
46.0,112.0,53.220596,94.602066,146.80756
46.0,111.0,53.9096,108.9037,135.14293
46.0,110.0,50.514217,92.47241,140.06776
46.0,109.0,64.92478,108.55506,167.67584
46.0,108.0,58.8458,113.15299,156.55347
46.0,107.0,69.45137,110.74495,171.57637
46.0,106.0,60.49294,96.74646,186.01054
46.0,105.0,53.236065,104.83624,170.99922
46.0,104.0,62.12651,106.964165,158.95253
46.0,103.0,47.084476,82.70162,135.05211
46.0,102.0,57.081783,85.40625,144.90672
46.0,101.0,53.439667,90.01582,175.63742
46.0,100.0,58.2622,88.17934,143.55405
46.0,99.0,72.15651,67.0468,142.40369
46.0,98.0,59.577984,93.030136,129.48195
46.0,97.0,50.888214,90.18215,136.10898
46.0,96.0,64.37736,95.9214,157.49272
46.0,95.0,86.17059,66.7776,153.8615
46.0,94.0,47.839222,81.97836,138.56816
46.0,93.0,50.165985,91.194405,144.75536
46.0,92.0,44.892982,81.03394,144.90933
46.0,91.0,54.964916,71.28559,122.49191
46.0,90.0,75.145615,79.08053,114.619576
46.0,89.0,46.988556,85.96054,150.6663
46.0,88.0,56.44019,86.06551,152.38422
46.0,87.0,59.508396,78.10382,137.30978
46.0,86.0,58.724876,71.72586,137.81259
46.0,85.0,52.280704,83.82446,101.79636
46.0,84.0,48.04198,76.60337,97.38855
46.0,83.0,58.899757,73.74528,118.56228
46.0,82.0,48.99666,72.497314,121.77404
46.0,81.0,46.875114,70.95832,88.08826
46.0,80.0,45.453133,72.53494,110.782845
46.0,79.0,56.153126,76.86739,106.05631
46.0,78.0,45.876617,61.599537,104.82779
46.0,77.0,50.345615,81.56141,113.40135
46.0,76.0,43.720146,61.464516,125.27592
46.0,75.0,35.96143,63.81634,93.52891
46.0,74.0,52.283066,71.60411,113.64283
46.0,73.0,37.24532,67.68394,93.874176
46.0,72.0,37.938305,71.71889,96.6777
46.0,71.0,47.046585,67.55811,103.793106
46.0,70.0,48.129417,70.629074,71.98399
46.0,69.0,42.72835,64.07152,115.627106
46.0,68.0,44.053062,61.91906,100.60315
46.0,67.0,49.830444,64.476425,88.865425
46.0,66.0,32.909428,59.46692,88.91274
46.0,65.0,41.485462,49.446003,88.42523
46.0,64.0,42.15897,58.907078,83.56433
46.0,63.0,41.95281,53.40153,97.08422
46.0,62.0,38.17542,53.957535,82.51114
46.0,61.0,37.09814,48.18342,68.367
46.0,60.0,34.598988,47.825405,67.11644
46.0,59.0,35.3519,45.39645,101.17023
46.0,58.0,38.567844,44.4612,71.94985
46.0,57.0,45.026558,52.530205,77.13179
46.0,56.0,33.98101,49.963593,81.18402
46.0,55.0,48.74387,48.82298,72.074326
46.0,54.0,36.066933,50.764385,76.758575
46.0,53.0,39.433884,41.51619,55.46336
46.0,52.0,42.06496,55.63627,66.49814
46.0,51.0,36.022682,47.22302,58.773956
46.0,50.0,30.28616,54.934006,63.81387
46.0,49.0,31.938345,53.21883,73.92498
46.0,48.0,43.78938,48.993397,59.34357
46.0,47.0,31.908371,42.679626,75.464714
47.0,177.0,69.198845,128.84158,137.38675
47.0,176.0,69.97201,122.91385,161.53856
47.0,175.0,72.50914,116.64372,140.6936
47.0,174.0,70.57231,123.36425,203.32812
47.0,173.0,63.808613,115.27287,150.30391
47.0,172.0,77.08194,125.498665,172.888
47.0,171.0,82.667,129.58278,158.04997
47.0,170.0,75.56084,108.62713,144.82349
47.0,169.0,63.919975,121.02742,165.20941
47.0,168.0,69.331406,131.92296,140.14444
47.0,167.0,64.419106,129.88664,135.11809
47.0,166.0,71.349396,125.76673,156.7527
47.0,165.0,56.255028,95.555984,130.69208
47.0,164.0,50.59203,100.85508,125.32706
47.0,163.0,58.811897,114.15155,135.04109
47.0,162.0,67.86438,115.49894,108.50488
47.0,161.0,66.39933,105.95531,166.74617
47.0,160.0,61.764664,117.24138,156.81343
47.0,159.0,65.597496,116.04099,174.16351
47.0,158.0,60.113388,117.11995,168.04875
47.0,157.0,73.410324,114.28015,154.79976
47.0,156.0,77.836716,129.1918,156.7843
47.0,155.0,71.032,130.83441,181.60495
47.0,154.0,60.856323,133.40698,197.4525
47.0,153.0,79.03473,126.302315,164.32684
47.0,152.0,97.89197,126.17275,171.25327
47.0,151.0,77.94061,128.6672,157.61452
47.0,150.0,65.81573,123.64278,124.754845
47.0,149.0,65.18643,122.65137,160.4311
47.0,148.0,64.1505,114.90851,163.09288
47.0,147.0,73.10298,105.5835,152.58504
47.0,146.0,74.074425,123.36171,146.94637
47.0,145.0,64.63483,106.905235,99.06185
47.0,144.0,64.72953,97.32029,149.69286
47.0,143.0,57.88451,102.59047,148.24525
47.0,142.0,58.14726,97.29497,118.80524
47.0,141.0,69.19856,99.04231,159.63586
47.0,140.0,56.565487,107.30522,123.7248
47.0,139.0,56.361134,113.07365,164.20427
47.0,138.0,58.71264,109.805534,112.51564
47.0,137.0,61.4561,104.65485,164.31012
47.0,136.0,72.69998,112.371994,154.4788
47.0,135.0,57.49062,100.52179,161.66597
48.0,139.0,89.755905,115.30257,215.04305
48.0,138.0,71.634476,121.81049,244.8297
48.0,137.0,83.50624,119.14291,223.61827
48.0,136.0,84.28789,118.018906,195.20293
48.0,135.0,92.21144,120.23651,221.52774
48.0,134.0,82.49742,120.13042,205.83824
48.0,133.0,82.78638,118.1355,223.12668
48.0,132.0,74.03097,123.97319,208.68372
48.0,131.0,90.29085,128.18518,228.76239
48.0,130.0,90.79919,130.57411,193.65944
48.0,129.0,84.57796,126.18278,231.98734
48.0,128.0,79.74563,127.56907,217.97331
48.0,127.0,86.1776,133.15009,209.905
48.0,126.0,74.41513,128.1141,227.30908
48.0,125.0,103.25599,119.064766,234.01405
48.0,124.0,83.07967,127.27491,243.59062
48.0,123.0,80.01644,124.611176,250.8788
48.0,122.0,82.47141,126.85248,201.58427
48.0,121.0,73.98953,118.47327,272.05777
48.0,120.0,80.21068,114.87734,221.10522
48.0,119.0,70.82358,94.79365,179.7979
48.0,118.0,73.211266,106.49587,202.1792
48.0,117.0,76.148575,125.10962,186.3174
48.0,116.0,73.55088,110.44678,195.37201
48.0,115.0,75.24893,120.53115,206.97208
48.0,114.0,81.492546,134.42009,204.0381
48.0,113.0,77.335594,126.39145,197.54016
48.0,112.0,82.4246,130.95647,217.45508
48.0,111.0,79.81986,120.71128,258.90985
48.0,110.0,83.902916,117.41283,196.5076
48.0,109.0,79.09029,114.90607,243.94078
48.0,108.0,83.7547,118.54477,214.48575
48.0,107.0,69.25215,120.633865,207.82285
48.0,106.0,75.41381,121.8429,179.84662
48.0,105.0,72.074844,113.10658,217.20708
48.0,104.0,67.134476,111.3409,221.27177
48.0,103.0,74.50156,117.69153,188.77597
48.0,102.0,87.84997,130.07124,182.9334
48.0,101.0,77.52994,116.34164,188.11324
48.0,100.0,82.17521,126.87058,212.50267
48.0,99.0,73.10306,123.30857,257.02222
48.0,98.0,67.9725,117.50642,208.64897
48.0,97.0,70.78404,113.11037,183.9156
48.0,96.0,69.55509,108.22147,186.42673
48.0,95.0,60.815937,102.90468,172.15523
48.0,94.0,61.491295,112.810295,155.38152
48.0,93.0,62.816845,115.98938,171.58032
48.0,92.0,77.21033,111.69666,179.20827
49.0,293.0,106.652214,149.94916,194.12802
49.0,292.0,107.47577,146.21252,219.18303
49.0,291.0,107.445854,156.76505,192.89407
49.0,290.0,114.19028,160.16678,212.68971
49.0,289.0,109.24539,146.26712,223.941
49.0,288.0,111.44301,155.85324,225.51106
49.0,287.0,109.64068,146.29762,196.89648
49.0,286.0,109.403175,135.9403,230.40192
49.0,285.0,109.9029,149.04562,185.44893
49.0,284.0,98.72253,156.40598,210.20952
49.0,283.0,100.43048,148.3067,215.63612
49.0,282.0,105.479126,162.9116,220.5767
49.0,281.0,113.74845,151.68834,225.6982
49.0,280.0,115.16716,139.82144,214.7151
49.0,279.0,113.756996,148.60045,222.8005
49.0,278.0,103.66464,144.51506,205.81822
49.0,277.0,108.376144,132.4875,194.97124
49.0,276.0,97.74532,133.08212,216.44177
49.0,275.0,96.898285,138.11287,210.07825
49.0,274.0,105.67591,146.97946,191.50005
49.0,273.0,118.37699,140.06499,199.7697
49.0,272.0,119.946465,148.0633,201.98448
49.0,271.0,107.376015,146.54268,210.21594
49.0,270.0,105.39602,148.47389,221.76938
49.0,269.0,107.779755,142.3358,225.75514
49.0,268.0,110.14089,132.32025,204.32524
49.0,267.0,118.851105,150.78786,219.73416
49.0,266.0,101.703094,158.59639,221.9685
49.0,265.0,101.871185,152.3111,212.79807
49.0,264.0,110.61466,162.4412,200.5407
49.0,263.0,104.59176,153.587,202.0282
49.0,262.0,104.19881,154.80914,199.60786
49.0,261.0,101.849045,153.08597,203.00763
49.0,260.0,108.45517,155.00584,205.71759
49.0,259.0,108.535736,145.52573,189.81967
49.0,258.0,114.73076,147.79358,223.50735
49.0,257.0,113.72355,140.79959,222.95772
49.0,256.0,110.65983,149.73553,210.39795
49.0,255.0,101.13115,149.37941,197.60419
49.0,254.0,99.72954,148.56352,224.31862
49.0,253.0,111.47343,144.51796,235.41566
49.0,252.0,117.71163,146.44308,234.04436
49.0,251.0,111.091896,148.10405,228.33359
49.0,250.0,114.47302,148.21895,210.15138
49.0,249.0,114.09892,151.15616,224.12787
49.0,248.0,126.00745,141.79947,243.04724
49.0,247.0,107.70834,153.09764,205.77238
49.0,246.0,130.53014,152.88278,230.62965
49.0,245.0,116.27108,142.09,203.28795
49.0,244.0,113.04129,145.95868,222.32971
49.0,243.0,110.204605,149.80794,221.82414
49.0,242.0,138.34677,150.58315,241.66473
49.0,241.0,110.58477,135.30641,210.01854
49.0,240.0,115.14529,138.91585,204.2098
49.0,239.0,111.50664,145.87766,217.64034
49.0,238.0,126.03379,151.30869,211.58067
49.0,237.0,105.6017,160.09566,209.45102
49.0,236.0,105.701065,155.19002,214.16486
49.0,235.0,104.64335,139.05923,203.55006
49.0,234.0,107.23465,138.39847,216.29974
49.0,233.0,111.55147,148.61469,202.90392
49.0,232.0,109.34056,160.73618,211.85371
49.0,231.0,105.19174,144.09952,204.46365
49.0,230.0,103.071625,140.94397,198.41057
49.0,229.0,103.6263,148.76488,190.93256
49.0,228.0,103.783165,141.11482,202.34
49.0,227.0,107.21886,142.01639,202.69609
49.0,226.0,109.70831,153.63875,198.23969
49.0,225.0,105.546425,155.20029,181.71475
49.0,224.0,102.109184,132.64197,214.70874
49.0,223.0,101.21789,140.7748,208.38976
49.0,222.0,101.57442,137.48802,202.91092
49.0,221.0,107.394844,143.42795,231.30356
49.0,220.0,102.29719,152.7661,215.112
49.0,219.0,105.608376,138.17065,200.62077
49.0,218.0,104.83293,144.56418,217.74329
49.0,217.0,109.19027,139.46127,190.24704
49.0,216.0,112.94792,146.60065,218.96024
49.0,215.0,113.380844,139.78813,210.85542
49.0,214.0,111.31075,140.33504,204.66829
49.0,213.0,110.92132,152.97751,205.75032
49.0,212.0,104.92011,150.88669,208.13934
49.0,211.0,106.12604,133.92564,204.52655
49.0,210.0,89.9192,125.56189,190.13762
49.0,209.0,104.44425,132.85565,222.78194
49.0,208.0,96.90142,144.42111,209.45978
49.0,207.0,102.85701,138.67157,208.61328
49.0,206.0,115.246956,149.72086,215.14586
49.0,205.0,105.82613,131.43942,211.40927
49.0,204.0,99.53551,114.793945,206.79767
49.0,203.0,117.12749,121.407715,199.7299
49.0,202.0,113.13634,134.90155,218.52493
49.0,201.0,93.38527,129.25981,207.02235
49.0,200.0,96.53923,129.75533,211.03831
49.0,199.0,107.16199,139.75066,217.53122
49.0,198.0,92.45391,133.33467,213.01262
49.0,197.0,102.46716,132.80243,207.3849
49.0,196.0,104.98365,137.92522,209.73828
49.0,195.0,92.29538,147.09769,232.05418
49.0,194.0,85.27597,122.84731,212.78252
49.0,193.0,95.150024,123.05585,210.97105
49.0,192.0,106.3653,135.50351,212.46255
49.0,191.0,103.0488,133.42416,223.33377
49.0,190.0,93.387955,131.43236,208.20709
49.0,189.0,89.243034,126.919556,198.54437
49.0,188.0,96.14582,147.84631,216.7494
49.0,187.0,102.71548,134.67729,222.0343
49.0,186.0,105.96028,132.45775,226.69344
49.0,185.0,116.851974,131.43231,202.70721
49.0,184.0,107.75045,136.63306,220.04984
49.0,183.0,98.023705,134.4616,202.2307
49.0,182.0,130.76447,135.4448,251.97447
49.0,181.0,91.995674,119.59275,195.96094
49.0,180.0,95.74156,123.586464,202.82307
49.0,179.0,89.59695,136.89589,239.69247
49.0,178.0,101.26632,121.84851,219.00108
49.0,177.0,92.0158,120.95696,203.60196
49.0,176.0,96.8913,136.78348,211.79451
49.0,175.0,98.94144,127.14268,228.59006
49.0,174.0,93.45013,134.25015,210.80243
49.0,173.0,89.20535,127.18162,206.09673
49.0,172.0,99.47378,130.93999,225.0911
49.0,171.0,94.98878,132.28648,209.81438
49.0,170.0,91.743904,130.47626,249.12363
49.0,169.0,99.632935,122.714966,201.75317
49.0,168.0,97.452484,118.886955,206.11983
49.0,167.0,89.51457,118.40174,194.92235
49.0,166.0,100.42016,124.576485,226.76826
49.0,165.0,83.28119,118.89879,247.68985
49.0,164.0,77.16592,135.58923,214.70805
49.0,163.0,81.62426,124.37558,216.31308
49.0,162.0,92.727104,120.92015,220.49379
49.0,161.0,104.652504,125.62725,177.67107
49.0,160.0,96.47437,136.08888,191.30394
49.0,159.0,83.61606,115.1456,231.92656
49.0,158.0,70.80932,103.09203,232.17378
49.0,157.0,85.47776,111.31299,204.44719
49.0,156.0,79.32538,101.90878,193.63658
49.0,155.0,78.538,108.919754,215.00423
49.0,154.0,86.26812,102.4819,195.3578
49.0,153.0,77.83466,109.19236,210.85963
49.0,152.0,94.488525,101.435684,208.24736
49.0,151.0,77.0377,110.84753,196.62077
49.0,150.0,74.85562,104.8552,200.32797
49.0,149.0,81.74566,109.21032,200.34885
49.0,148.0,93.31472,119.64926,213.56699
49.0,147.0,82.019394,112.7744,214.26717
49.0,146.0,90.165825,102.81111,192.81825
49.0,145.0,72.19788,121.19033,200.48856
49.0,144.0,108.00972,112.554184,224.19597
49.0,143.0,81.322044,106.54976,223.38148
49.0,142.0,89.478134,108.66026,198.58606
49.0,141.0,71.12376,111.036766,189.11206
49.0,140.0,83.6999,107.22606,208.33272
49.0,139.0,71.48166,108.733925,194.7317
49.0,138.0,75.37289,99.000465,220.78743
49.0,137.0,78.77036,101.156815,186.57121
49.0,136.0,77.220215,102.03974,218.77896
49.0,135.0,87.47457,98.997826,254.45099
49.0,134.0,83.73507,110.7879,214.28613
49.0,133.0,73.53709,106.35571,189.22037
49.0,132.0,82.97065,106.67797,198.81938
49.0,131.0,67.49563,107.06735,214.5909
49.0,130.0,69.08495,106.743744,212.47136
49.0,129.0,70.171585,116.1272,206.52689
49.0,128.0,92.82924,123.725815,215.85439
49.0,127.0,72.849396,118.18892,219.82544
49.0,126.0,73.77028,117.04207,223.90877
49.0,125.0,83.615685,118.95496,195.122
49.0,124.0,75.18211,105.77993,238.33133
49.0,123.0,69.58748,99.4452,194.6627
49.0,122.0,96.65554,113.51354,211.5941
49.0,121.0,71.15914,115.08906,191.51901
49.0,120.0,72.04895,107.54394,189.72446
49.0,119.0,73.01322,110.75557,189.91112
49.0,118.0,65.84041,106.26209,239.42245
49.0,117.0,70.22893,93.82182,204.59196
49.0,116.0,73.04254,98.295815,232.41057
49.0,115.0,74.36879,104.18736,202.6151
49.0,114.0,71.550476,102.54695,180.01358
49.0,113.0,67.92431,105.59489,192.67644
49.0,112.0,67.36742,106.098976,184.30115
49.0,111.0,77.340904,93.404915,207.93147
49.0,110.0,62.878746,103.978905,165.43161
49.0,109.0,64.45572,95.87969,195.10057
49.0,108.0,72.52089,102.50234,169.89883
49.0,107.0,65.58635,96.502785,179.65367
49.0,106.0,57.48404,94.163086,174.80153
49.0,105.0,70.84493,100.3997,171.28517
49.0,104.0,63.78599,97.47401,163.33606
49.0,103.0,59.8962,92.44396,182.27788
49.0,102.0,67.92687,108.59933,189.64778
49.0,101.0,67.62074,112.929306,193.66309
49.0,100.0,63.798145,106.93219,207.06761
49.0,99.0,64.25105,95.93333,204.12294
49.0,98.0,62.60895,101.97059,190.915
49.0,97.0,62.968575,107.78753,202.18484
49.0,96.0,62.383244,102.89475,191.0665
49.0,95.0,67.3968,111.43636,177.82555
49.0,94.0,60.54653,104.653076,213.59874
49.0,93.0,55.09591,102.43809,170.98505
49.0,92.0,64.41042,115.70414,197.66354
49.0,91.0,62.747204,109.322784,151.43362
49.0,90.0,64.15732,107.24929,187.62581
49.0,89.0,59.633324,99.060585,170.21332
49.0,88.0,66.27815,86.57901,202.44203
49.0,87.0,58.81997,102.90701,161.75749
49.0,86.0,49.729095,105.110374,159.29948
49.0,85.0,53.773956,104.95648,196.05838
49.0,84.0,57.495296,95.59812,188.01451
49.0,83.0,50.430588,98.21261,168.29039
49.0,82.0,58.378212,105.1531,186.14743
49.0,81.0,58.02777,106.60826,175.46083
49.0,80.0,66.02994,95.495285,146.8046
49.0,79.0,51.56321,99.07147,147.31372
49.0,78.0,54.38286,100.022575,168.12202
49.0,77.0,57.577892,80.747,159.23364
49.0,76.0,47.783855,88.19256,148.57953
49.0,75.0,48.078773,92.85097,145.95335
49.0,74.0,45.3664,85.00233,120.15787
49.0,73.0,53.832924,71.62429,143.12868
49.0,72.0,56.19366,85.26106,154.1953
49.0,71.0,53.18847,89.59132,144.67293
49.0,70.0,55.391148,97.80447,147.95178
49.0,69.0,65.29171,95.401665,133.69722
49.0,68.0,56.283512,90.25565,141.84076
49.0,67.0,41.39813,82.69272,160.65575
49.0,66.0,53.86982,73.504486,135.1009
49.0,65.0,47.518223,79.05677,127.03658
49.0,64.0,57.848743,81.890564,134.71512
49.0,63.0,45.469234,78.50703,132.15363
49.0,62.0,62.661232,89.276855,135.05983
49.0,61.0,51.88085,90.116554,146.84334
49.0,60.0,53.309925,84.2028,127.42355
49.0,59.0,58.992912,84.57337,146.89276
49.0,58.0,47.60811,81.59018,135.36955
49.0,57.0,44.564537,81.55062,120.353806
49.0,56.0,47.43141,60.28164,100.08183
49.0,55.0,33.26031,53.995304,103.79976
49.0,54.0,40.076088,62.825794,111.77442
49.0,53.0,39.644833,70.799965,80.430145
49.0,52.0,40.28271,52.575424,77.11822
49.0,51.0,47.743813,43.95564,57.91028
49.0,50.0,43.308575,65.85806,74.330666
49.0,49.0,42.475483,57.163063,62.518017
49.0,48.0,35.291595,73.71878,78.91568
49.0,47.0,40.075172,53.595737,94.51656
49.0,46.0,38.25877,53.91519,74.1529
49.0,45.0,36.748974,43.96241,84.28854
49.0,44.0,29.878159,36.863377,86.93869
49.0,43.0,36.20876,49.60743,73.7248
49.0,42.0,24.899977,46.239777,62.924637
49.0,41.0,47.28858,55.683495,69.414665
49.0,40.0,28.161575,43.113995,75.81042
49.0,39.0,39.624535,58.379086,69.168365
49.0,38.0,32.460934,60.289894,71.84199
49.0,37.0,30.432983,45.50872,89.48045
49.0,36.0,26.063707,37.266514,77.34636
49.0,35.0,29.426249,48.054577,74.12353
49.0,34.0,20.712702,24.297144,56.044994
49.0,33.0,25.566442,29.66693,64.54967
49.0,32.0,20.464796,28.394901,57.413765
49.0,31.0,21.934052,27.367125,43.049942
49.0,30.0,19.365156,33.09344,32.353165
49.0,29.0,15.559141,26.000057,33.607067
49.0,28.0,20.78702,25.817423,42.483208
49.0,27.0,11.656304,26.378332,33.43976
49.0,26.0,12.650165,21.906683,34.644573
49.0,25.0,14.78538,17.830463,28.852957
49.0,24.0,15.637987,26.635925,41.555916
49.0,23.0,18.570847,20.973886,34.449497
49.0,22.0,17.740467,21.412565,30.484732
49.0,21.0,18.643902,21.268002,26.7649
50.0,122.0,101.85222,124.64295,215.08197
50.0,121.0,96.58257,125.80235,230.34021
50.0,120.0,92.17695,124.5614,234.57703
50.0,119.0,95.977264,132.49974,208.71783
50.0,118.0,94.16837,129.96036,224.15698
50.0,117.0,87.08919,126.40441,202.90454
50.0,116.0,94.14024,133.95598,227.43623
50.0,115.0,94.382614,135.17271,202.94934
50.0,114.0,98.76893,137.35727,248.98729
50.0,113.0,105.967575,136.1103,220.55072
50.0,112.0,93.68019,128.74222,196.94823
50.0,111.0,99.8525,126.6698,214.68004
50.0,110.0,90.441925,137.64119,221.10095
50.0,109.0,97.05535,128.40971,199.15227
50.0,108.0,107.90026,117.50527,245.93883
50.0,107.0,86.44769,119.6883,218.87486
50.0,106.0,78.44422,112.13729,225.25003
50.0,105.0,73.69179,109.717415,221.14609
50.0,104.0,79.36252,105.534004,195.46461
50.0,103.0,77.367065,113.88031,213.56395
50.0,102.0,67.40065,102.724045,236.92676
50.0,101.0,74.49937,104.51526,203.21196
50.0,100.0,81.13651,122.64072,209.67307
50.0,99.0,89.16712,116.78156,204.50972
50.0,98.0,88.80414,126.65779,202.56067
50.0,97.0,90.81541,106.444626,228.25491
50.0,96.0,95.8293,123.27417,201.93169
50.0,95.0,100.69355,121.853485,206.61118
50.0,94.0,96.55395,110.19564,227.98671
50.0,93.0,84.42437,111.73078,207.0877
50.0,92.0,78.008766,105.22904,214.6847
50.0,91.0,71.13581,101.74035,220.29285
50.0,90.0,81.151344,102.4912,202.31454
50.0,89.0,81.83444,104.39038,215.0222
50.0,88.0,74.237526,111.41634,276.9907
50.0,87.0,79.06039,108.06456,196.52725
50.0,86.0,71.87824,102.49335,210.96971
50.0,85.0,82.375275,104.62743,184.04338
50.0,84.0,78.542816,115.18498,236.32202
50.0,83.0,78.09677,118.65876,194.36382
50.0,82.0,85.57305,100.44874,225.7883
50.0,81.0,108.62849,113.147156,160.28584
50.0,80.0,66.71284,105.50985,204.35757
50.0,79.0,68.76688,101.980064,217.85452
51.0,227.0,94.93967,132.9187,199.97443
51.0,226.0,88.52452,135.3847,202.65535
51.0,225.0,103.73814,117.332,204.91422
51.0,224.0,95.416245,118.784996,224.8411
51.0,223.0,86.32014,130.12628,210.98396
51.0,222.0,79.62842,131.24667,232.17557
51.0,221.0,91.55449,131.47679,213.64436
51.0,220.0,83.692696,132.15479,213.0533
51.0,219.0,91.75466,131.68822,206.80896
51.0,218.0,91.10459,127.928955,233.9669
51.0,217.0,89.98432,143.38376,202.58817
51.0,216.0,87.1758,121.3604,198.60521
51.0,215.0,84.402214,127.16579,202.1991
51.0,214.0,81.12273,129.93263,189.494
51.0,213.0,83.85608,128.92531,195.13791
51.0,212.0,76.50982,123.62069,184.89914
51.0,211.0,77.0025,120.39453,199.06471
51.0,210.0,88.74836,132.2366,209.31578
51.0,209.0,72.8795,122.960434,220.41574
51.0,208.0,78.92432,135.57915,188.08336
51.0,207.0,81.4053,134.963,192.9605
51.0,206.0,79.11865,143.12091,218.60718
51.0,205.0,96.42342,142.7291,193.15898
51.0,204.0,84.58766,129.92404,243.52486
51.0,203.0,80.96197,134.91301,274.6348
51.0,202.0,92.60105,136.72891,176.34108
51.0,201.0,83.35236,141.99557,218.6668
51.0,200.0,85.360794,142.9098,204.56097
51.0,199.0,86.32907,138.53093,231.04399
51.0,198.0,81.625175,132.22328,205.46695
51.0,197.0,86.69647,129.63513,188.15884
51.0,196.0,80.90109,141.15056,191.99678
51.0,195.0,85.76299,135.74866,210.21707
51.0,194.0,85.40318,123.06398,189.92787
51.0,193.0,83.20605,109.5358,227.2779
51.0,192.0,77.089645,131.87154,198.9687
51.0,191.0,76.81671,132.01486,195.76599
51.0,190.0,79.77457,131.3956,219.26628
51.0,189.0,77.49231,117.5628,221.02489
51.0,188.0,87.60127,126.95728,197.30441
51.0,187.0,92.24618,142.86392,218.64015
51.0,186.0,85.08421,132.00293,191.75131
51.0,185.0,82.85344,148.52469,233.81982
51.0,184.0,79.32854,141.31107,204.61754
51.0,183.0,80.71097,127.727715,205.78809
51.0,182.0,85.54666,130.67874,199.38339
51.0,181.0,83.14518,132.28052,186.18538
51.0,180.0,104.92689,129.66364,211.62137
51.0,179.0,93.32995,117.26999,227.48862
51.0,178.0,72.90214,125.52903,196.69484
51.0,177.0,78.850716,120.9784,199.52611
51.0,176.0,80.58567,131.91249,258.68982
51.0,175.0,84.020775,136.81462,213.56688
51.0,174.0,86.97578,147.95541,230.23676
51.0,173.0,78.438126,125.51318,195.79564
51.0,172.0,76.950226,132.37912,206.72523
51.0,171.0,73.46875,136.12918,190.92688
51.0,170.0,94.53496,131.95338,229.88258
51.0,169.0,74.53716,134.65527,197.42488
51.0,168.0,87.32329,123.795296,219.01282
51.0,167.0,87.768036,119.70036,189.7346
51.0,166.0,86.78207,118.50647,190.41402
51.0,165.0,80.82326,116.56432,215.63287
51.0,164.0,78.98491,123.57886,223.30531
51.0,163.0,70.16417,115.59129,180.56668
51.0,162.0,68.51927,120.73753,184.6397
51.0,161.0,73.65374,119.78818,170.86812
51.0,160.0,66.559494,115.65539,193.64983
51.0,159.0,73.392426,112.15555,219.5524
51.0,158.0,78.28679,113.80736,202.38338
51.0,157.0,77.35158,127.036835,206.4214
51.0,156.0,85.45427,126.44446,192.5841
51.0,155.0,84.04513,138.71529,205.79912
51.0,154.0,82.599815,132.0669,199.94276
51.0,153.0,78.03853,129.77246,194.62532
51.0,152.0,77.61127,121.88856,196.8916
51.0,151.0,76.508575,116.676956,204.07497
51.0,150.0,71.84253,125.95446,215.39687
51.0,149.0,79.06858,132.67917,227.80957
51.0,148.0,80.20117,131.26566,209.9574
51.0,147.0,74.72117,134.87816,225.79356
51.0,146.0,75.77942,121.57568,171.85551
51.0,145.0,75.119545,127.83051,203.72012
51.0,144.0,105.056015,135.02405,209.40952
51.0,143.0,80.24847,142.25497,204.00253
51.0,142.0,81.93647,119.86849,251.61249
51.0,141.0,68.56585,120.27859,178.1172
51.0,140.0,79.99485,134.29935,221.49123
51.0,139.0,70.54869,137.51434,206.16628
51.0,138.0,83.48717,127.50676,193.02826
51.0,137.0,71.610725,133.19292,213.90422
51.0,136.0,68.29977,121.53373,238.88902
51.0,135.0,70.47271,113.518456,186.57008
51.0,134.0,73.78575,105.61576,147.61382
51.0,133.0,79.43582,118.72691,127.44704
51.0,132.0,90.02774,115.8868,179.89587
51.0,131.0,76.93331,116.66049,202.46411
51.0,130.0,80.99057,130.36127,190.70738
51.0,129.0,71.69477,122.15173,179.87228
51.0,128.0,74.58043,116.793495,164.48355
51.0,127.0,71.505905,109.55723,157.24919
51.0,126.0,71.358696,113.85501,200.76564
51.0,125.0,67.58903,119.56653,170.62038
51.0,124.0,74.36317,126.29886,168.958
51.0,123.0,76.788574,125.43467,196.10817
51.0,122.0,69.11937,124.70126,206.70087
51.0,121.0,71.56316,112.48746,157.63213
51.0,120.0,81.58893,98.47202,193.96904
51.0,119.0,94.480255,120.085846,173.0175
51.0,118.0,66.50615,111.53564,169.1568
51.0,117.0,118.92379,127.63603,175.55621
51.0,116.0,68.58197,119.374054,188.11383
51.0,115.0,65.01583,124.27011,167.82045
51.0,114.0,68.66481,121.09636,162.25064
52.0,187.0,127.30754,184.57726,182.00389
52.0,186.0,123.81507,188.53369,223.10431
52.0,185.0,150.90833,191.58646,250.78767
52.0,184.0,139.12999,193.84084,282.08673
52.0,183.0,121.1427,188.97424,206.93082
52.0,182.0,121.765854,180.11998,235.898
52.0,181.0,121.81847,200.39168,230.79178
52.0,180.0,126.93605,191.30453,204.38416
52.0,179.0,155.24649,196.21138,220.19806
52.0,178.0,143.32178,205.47931,263.98276
52.0,177.0,122.716324,207.71667,259.99512
52.0,176.0,133.75354,198.86565,234.43086
52.0,175.0,122.68165,199.14929,231.65889
52.0,174.0,124.49451,208.4432,193.94048
52.0,173.0,124.901825,203.9785,242.3564
52.0,172.0,122.37815,202.16032,222.78442
52.0,171.0,123.316864,201.76108,233.09001
52.0,170.0,123.76337,196.9518,250.71907
52.0,169.0,119.273834,196.09688,238.98732
52.0,168.0,113.29267,179.18756,218.96628
52.0,167.0,118.74077,183.43268,220.18016
52.0,166.0,120.301865,188.70038,215.35141
52.0,165.0,117.44896,189.0359,263.28772
52.0,164.0,122.590324,187.3493,246.06769
52.0,163.0,126.53048,195.67519,199.51471
52.0,162.0,121.11792,193.47017,204.08548
52.0,161.0,127.88149,194.1521,223.20152
52.0,160.0,115.16819,186.19414,230.80313
52.0,159.0,110.17693,174.30603,221.20392
52.0,158.0,129.1993,186.21132,206.94086
52.0,157.0,132.93391,186.49855,233.55847
52.0,156.0,117.86811,196.5801,200.45105
52.0,155.0,122.9438,190.0419,232.12105
52.0,154.0,164.84517,190.31952,208.96228
52.0,153.0,117.67023,183.9685,213.79416
52.0,152.0,138.75128,178.28471,212.21269
52.0,151.0,132.12886,177.10359,243.08192
52.0,150.0,149.15776,183.94313,224.9892
52.0,149.0,118.063965,184.78268,186.89691
52.0,148.0,179.98105,186.64925,204.96933
52.0,147.0,116.42608,183.16959,225.31805
52.0,146.0,120.19478,182.33595,234.55423
52.0,145.0,112.07371,184.29652,195.64473
52.0,144.0,161.8357,175.03654,220.17598
52.0,143.0,135.84373,185.70839,225.10641
52.0,142.0,109.934204,163.25136,211.46674
52.0,141.0,112.2564,163.56992,211.7366
52.0,140.0,133.26088,179.84154,259.68228
52.0,139.0,125.63113,185.7275,233.05663
52.0,138.0,151.02684,182.66116,223.98639
52.0,137.0,127.20876,161.1454,232.47266
52.0,136.0,147.66144,161.69824,209.78612
52.0,135.0,116.53363,161.39384,228.03937
52.0,134.0,99.06473,172.09625,223.82138
52.0,133.0,122.030266,181.49907,201.3652
52.0,132.0,113.509514,168.7981,216.7345
52.0,131.0,153.79417,172.31792,237.78427
52.0,130.0,136.53468,166.8059,222.3842
52.0,129.0,108.569756,169.07321,196.56581
52.0,128.0,128.7061,169.75235,240.12611
52.0,127.0,108.7645,165.51932,272.02914
52.0,126.0,120.22561,168.11113,212.32681
52.0,125.0,111.212975,165.07216,254.92662
52.0,124.0,118.47977,153.11382,250.587
52.0,123.0,125.43565,169.55457,211.74728
52.0,122.0,122.27019,166.36867,168.39072
52.0,121.0,128.42975,153.54494,247.30907
52.0,120.0,111.419495,158.76883,182.76022
52.0,119.0,131.9854,161.04333,203.68564
52.0,118.0,117.955894,163.86043,205.64299
52.0,117.0,105.62516,147.60767,248.29941
52.0,116.0,115.308655,156.93604,204.37294
52.0,115.0,115.5628,161.68471,224.57257
52.0,114.0,105.05928,164.92267,244.50703
52.0,113.0,111.616035,171.69019,209.51164
52.0,112.0,104.2962,164.50555,182.50008
52.0,111.0,116.11101,159.71173,190.26352
52.0,110.0,114.42231,152.46924,208.0615
52.0,109.0,114.88169,156.65953,208.23042
52.0,108.0,112.81363,153.17511,202.5181
52.0,107.0,112.650856,157.61292,220.17336
52.0,106.0,96.1351,144.52464,214.3424
52.0,105.0,98.70272,127.6158,192.62308
52.0,104.0,101.43902,120.625626,205.40671
52.0,103.0,100.70499,135.12079,211.77188
52.0,102.0,103.42445,135.50444,226.91196
52.0,101.0,124.23417,138.2639,233.4605
52.0,100.0,93.78291,123.28629,211.30347
52.0,99.0,94.93336,134.5931,192.62206
52.0,98.0,100.237236,129.27667,221.23921
52.0,97.0,108.17486,125.68206,216.79445
52.0,96.0,106.821724,122.72174,209.7469
52.0,95.0,97.53837,118.4077,220.36757
52.0,94.0,103.36528,122.08308,193.46303
52.0,93.0,91.91542,120.8846,203.42216
52.0,92.0,92.32682,126.90458,192.87787
52.0,91.0,156.22993,138.812,210.06111
52.0,90.0,118.37702,138.611,211.19582
52.0,89.0,104.88508,145.49112,210.58041
52.0,88.0,114.44027,134.62344,190.32591
52.0,87.0,104.05866,133.07632,238.28316
52.0,86.0,110.82906,140.15393,209.8797
52.0,85.0,116.14181,143.31384,186.5895
52.0,84.0,100.863846,139.50136,216.87517
52.0,83.0,108.518555,150.08876,205.81104
52.0,82.0,88.79265,126.29778,201.74535
52.0,81.0,87.82677,120.59323,184.08913
52.0,80.0,103.85323,107.90145,191.2812
52.0,79.0,84.23208,118.20734,162.57759
52.0,78.0,79.55766,107.330696,185.72714
52.0,77.0,85.425934,100.40357,202.3007
52.0,76.0,82.664154,108.731766,169.67952
52.0,75.0,86.516655,108.939964,189.37373
52.0,74.0,83.15129,91.76186,156.42273
52.0,73.0,85.261475,97.945335,157.75996
52.0,72.0,83.92354,103.54959,165.69685
52.0,71.0,75.45692,110.066315,182.4273
52.0,70.0,78.747536,105.50149,114.1948
52.0,69.0,59.3757,98.52729,132.4257
52.0,68.0,69.63967,96.370415,134.98296
52.0,67.0,70.748726,99.413445,137.61086
52.0,66.0,74.28459,97.7947,139.89665
52.0,65.0,66.31113,99.102394,150.0825
52.0,64.0,64.94841,88.82308,115.711555
52.0,63.0,70.32515,86.51996,110.85651
52.0,62.0,63.051785,83.54029,81.83371
52.0,61.0,62.646736,87.02188,119.78041
52.0,60.0,62.47264,88.657234,99.8403
52.0,59.0,69.07655,80.297165,90.55054
52.0,58.0,67.777534,73.13026,90.07942
52.0,57.0,66.28556,69.67538,96.38537
52.0,56.0,65.91582,69.49563,88.753494
52.0,55.0,63.826904,68.72182,113.37915
52.0,54.0,65.502785,70.678085,88.538155
52.0,53.0,71.23875,68.32205,90.26026
52.0,52.0,70.18435,65.22881,96.88218
52.0,51.0,55.71767,64.230545,76.003235
52.0,50.0,61.434456,56.069492,88.48817
52.0,49.0,64.88986,67.85064,86.23605
52.0,48.0,51.6388,64.51366,82.55883
52.0,47.0,50.73719,60.541504,99.7256
52.0,46.0,63.473667,49.114586,86.93246
52.0,45.0,47.54446,54.681587,80.12309
52.0,44.0,53.985615,64.98686,81.91121
52.0,43.0,42.04371,51.730698,71.78355
52.0,42.0,51.9499,49.97934,76.67417
52.0,41.0,46.181057,53.584347,75.73214
52.0,40.0,37.776714,50.08386,67.07259
52.0,39.0,43.864056,51.96615,79.75036
52.0,38.0,39.5316,49.56063,91.62165
52.0,37.0,46.15757,46.72513,89.15032
52.0,36.0,37.915783,47.504826,65.98067
52.0,35.0,30.972998,43.883667,55.65712
52.0,34.0,41.729153,43.88895,51.15523
52.0,33.0,31.503826,38.566452,62.325184
52.0,32.0,32.692635,35.261765,49.853638
52.0,31.0,34.212273,34.921513,73.98947
52.0,30.0,26.047318,33.484898,41.8181
52.0,29.0,24.838606,43.70947,63.66529
53.0,159.0,90.697784,127.168495,259.94113
53.0,158.0,110.254234,122.4811,236.30551
53.0,157.0,97.66109,133.42648,243.61134
53.0,156.0,106.793365,161.51573,232.47743
53.0,155.0,108.386024,138.81271,248.52534
53.0,154.0,97.64046,138.92377,255.40723
53.0,153.0,106.081436,144.7476,263.53036
53.0,152.0,99.9225,136.94676,269.37082
53.0,151.0,100.61646,148.21611,268.24936
53.0,150.0,105.41832,142.32817,237.44724
53.0,149.0,99.358536,159.99596,257.52322
53.0,148.0,142.26778,137.80515,256.32294
53.0,147.0,95.599075,154.26218,230.56825
53.0,146.0,115.912315,153.09103,260.30527
53.0,145.0,95.97604,148.78181,272.6519
53.0,144.0,96.739746,148.84714,236.27415
53.0,143.0,91.495735,157.29048,257.69513
53.0,142.0,103.35912,156.87167,233.26039
53.0,141.0,98.49686,145.49321,239.5739
53.0,140.0,104.7691,137.44719,235.72137
53.0,139.0,115.394455,142.19666,235.39445
53.0,138.0,101.97504,139.91362,231.53189
53.0,137.0,92.69772,140.4305,244.05441
53.0,136.0,99.90161,137.15015,252.5012
53.0,135.0,93.813385,111.033676,256.6713
53.0,134.0,77.17166,109.47607,193.1113
53.0,133.0,83.58745,119.7625,224.60844
53.0,132.0,85.889725,122.05545,223.33853
53.0,131.0,90.07674,120.865265,233.27338
53.0,130.0,90.17186,121.56103,224.45912
53.0,129.0,84.45943,117.407486,248.27927
53.0,128.0,87.99982,120.30626,237.7469
53.0,127.0,84.95698,124.53263,228.39557
53.0,126.0,87.15167,121.19349,236.41414
53.0,125.0,89.24306,123.325264,244.06308
53.0,124.0,82.87972,120.97745,221.51181
53.0,123.0,88.29028,119.90139,226.25995
53.0,122.0,86.41256,111.40608,199.35501
53.0,121.0,102.23102,106.74485,195.28554
53.0,120.0,93.015816,111.83727,183.86107
53.0,119.0,78.15899,124.34815,174.24625
53.0,118.0,83.84466,118.70127,212.72153
53.0,117.0,72.10044,113.80612,218.31715
53.0,116.0,76.049614,115.40236,247.1687
53.0,115.0,78.70217,121.37542,252.62585
53.0,114.0,99.8004,116.71592,212.17815
53.0,113.0,76.97649,126.898186,254.69684
53.0,112.0,81.78492,115.19872,202.69809
53.0,111.0,79.650986,114.242485,209.70435
53.0,110.0,91.55488,113.86799,211.22592
53.0,109.0,74.31307,125.53702,258.73166
53.0,108.0,89.21858,117.15116,189.24069
53.0,107.0,90.13392,132.87442,238.77805
53.0,106.0,92.01721,115.87382,238.7377
53.0,105.0,84.75819,128.2435,258.3778
53.0,104.0,84.56105,121.19735,208.07635
53.0,103.0,90.3817,122.87476,214.20987
53.0,102.0,79.85178,121.24104,208.2001
53.0,101.0,84.75063,115.716545,203.4637
53.0,100.0,85.82456,120.13287,187.39958
53.0,99.0,92.94412,102.39234,180.257
53.0,98.0,84.47737,113.49738,223.30562
53.0,97.0,78.8771,121.77695,223.5715
53.0,96.0,80.68218,126.59069,197.41916
53.0,95.0,74.93603,119.23314,227.89137
53.0,94.0,77.586044,111.18817,218.05876
53.0,93.0,74.964714,110.93211,209.38034
53.0,92.0,71.73552,107.15099,198.55792
53.0,91.0,77.074814,99.30147,234.38565
53.0,90.0,92.04024,109.76431,213.81975
53.0,89.0,94.145424,114.826996,240.44603
53.0,88.0,114.92188,115.67939,167.42944
53.0,87.0,89.55849,113.35647,212.21936
53.0,86.0,82.264305,113.86958,226.77481
53.0,85.0,79.74778,110.63115,216.12064
53.0,84.0,76.72658,103.41435,228.97551
53.0,83.0,71.27738,105.22695,215.43695
53.0,82.0,77.29126,98.82949,194.72054
53.0,81.0,77.86124,107.69168,192.30812
53.0,80.0,63.20953,94.76464,203.65997
53.0,79.0,72.20525,103.80106,189.74077
53.0,78.0,68.306526,111.47156,221.56924
53.0,77.0,70.561386,123.578384,199.02663
53.0,76.0,66.423584,105.80944,178.96385
53.0,75.0,57.381588,90.815895,158.13222
53.0,74.0,64.53077,94.3007,154.95422
53.0,73.0,62.542305,94.7455,164.05208
53.0,72.0,61.91254,83.13984,142.20937
53.0,71.0,67.59854,96.33777,171.0768
53.0,70.0,65.37299,85.41715,137.52579
53.0,69.0,57.86093,67.39829,127.19431
53.0,68.0,47.28094,86.97572,172.25099
53.0,67.0,49.398205,93.83102,154.86748
53.0,66.0,61.746117,87.94042,168.46332
53.0,65.0,64.711105,77.80894,139.71483
53.0,64.0,59.88975,88.980415,151.3334
53.0,63.0,59.227238,90.1222,173.00368
53.0,62.0,56.67767,82.014435,146.40886
53.0,61.0,63.315533,68.60801,143.67566
53.0,60.0,60.254017,83.948784,152.33244
53.0,59.0,60.418446,83.01628,151.04463
53.0,58.0,66.3405,87.14213,115.24349
53.0,57.0,61.080437,75.019,135.05586
53.0,56.0,56.229427,75.016945,112.253395
53.0,55.0,68.92777,69.88008,106.80051
53.0,54.0,51.127342,67.39934,110.45244
53.0,53.0,51.86475,70.569565,98.539925
53.0,52.0,48.502037,68.04684,110.16811
53.0,51.0,54.53335,67.31811,96.60964
53.0,50.0,51.82657,64.92891,104.63747
53.0,49.0,47.566277,73.952515,100.446236
53.0,48.0,50.058624,62.619904,86.12525
53.0,47.0,46.779182,63.096943,82.00731
53.0,46.0,50.05075,58.061325,63.094456
53.0,45.0,60.949707,64.27782,74.07288
53.0,44.0,47.50151,55.41305,75.315796
53.0,43.0,39.40348,49.63356,75.94194
53.0,42.0,42.461998,53.79514,53.22614
53.0,41.0,49.191387,47.644737,62.31814
53.0,40.0,49.93227,46.67352,57.57514
53.0,39.0,40.019814,50.237816,53.007507
53.0,38.0,44.897926,44.746304,54.840824
53.0,37.0,40.021004,46.54163,55.335995
53.0,36.0,31.394892,45.289062,54.570885
53.0,35.0,40.28958,45.488026,47.16262
53.0,34.0,44.45468,47.287605,43.208626
53.0,33.0,46.231136,39.806087,60.651134
53.0,32.0,38.42124,36.851414,42.291206
53.0,31.0,35.871128,38.099625,46.470127
53.0,30.0,34.731712,29.924154,52.383617
53.0,29.0,27.312677,36.757,54.95214
53.0,28.0,33.322346,37.39767,52.841984
53.0,27.0,26.167126,33.748917,58.60089
53.0,26.0,31.70665,37.502174,47.056324
54.0,187.0,123.73654,197.75635,229.045
54.0,186.0,127.64252,193.9676,201.31306
54.0,185.0,123.19331,198.90656,220.57535
54.0,184.0,119.52538,200.42091,226.30147
54.0,183.0,127.408165,203.753,220.48488
54.0,182.0,121.00929,189.8091,216.25848
54.0,181.0,138.02437,181.61409,201.57155
54.0,180.0,120.27167,198.92815,209.8502
54.0,179.0,117.75962,182.51868,219.88603
54.0,178.0,130.24196,182.73166,196.72461
54.0,177.0,135.19984,184.12177,226.0356
54.0,176.0,129.83806,185.23276,244.12012
54.0,175.0,124.3866,184.29546,273.97394
54.0,174.0,121.319305,177.54848,217.16573
54.0,173.0,120.817276,197.16643,206.49626
54.0,172.0,125.78462,192.07475,217.2923
54.0,171.0,148.08981,186.36922,191.79079
54.0,170.0,123.227,187.93102,203.89082
54.0,169.0,122.40207,186.16621,217.3508
54.0,168.0,124.029045,185.8812,215.17984
54.0,167.0,130.27336,183.85945,214.03258
54.0,166.0,128.14287,182.93173,250.7709
54.0,165.0,120.894615,168.49988,212.3865
54.0,164.0,118.438995,186.82736,206.28941
54.0,163.0,127.27675,175.28242,219.89076
54.0,162.0,126.7766,177.54153,211.88591
54.0,161.0,113.86735,187.16086,221.52663
54.0,160.0,126.90811,179.14708,218.79689
54.0,159.0,120.99263,179.60098,210.22838
54.0,158.0,122.251625,191.63281,201.13243
54.0,157.0,123.33386,169.97707,209.31648
54.0,156.0,107.0717,172.38765,205.48636
54.0,155.0,117.494835,182.0504,194.4291
54.0,154.0,119.70588,174.48395,225.20566
54.0,153.0,110.98722,169.91335,232.65044
54.0,152.0,102.44439,158.98997,186.00725
54.0,151.0,114.297005,165.43364,198.03926
54.0,150.0,121.458115,166.80232,210.79147
54.0,149.0,117.76227,180.87343,207.62311
54.0,148.0,118.34168,176.65347,205.80656
54.0,147.0,113.8184,179.52095,248.25807
54.0,146.0,117.15815,164.89641,229.3635
54.0,145.0,112.07363,174.78217,217.37581
54.0,144.0,120.91389,170.05576,227.24162
54.0,143.0,121.95456,163.24106,217.17947
54.0,142.0,127.91166,163.42474,209.63623
54.0,141.0,116.74847,170.85004,215.66733
54.0,140.0,105.80031,161.96684,192.02324
54.0,139.0,119.50019,170.23802,190.43237
54.0,138.0,126.55947,171.92366,250.98155
54.0,137.0,113.64628,165.09808,230.96059
54.0,136.0,110.28564,177.5666,203.85551
54.0,135.0,119.039185,186.14896,227.57166
54.0,134.0,122.47131,176.98471,216.6944
54.0,133.0,114.46258,179.22386,228.32898
54.0,132.0,118.059814,173.62903,211.533
54.0,131.0,118.150505,171.89696,216.67924
54.0,130.0,128.17278,164.00056,235.27586
54.0,129.0,115.67571,172.21664,215.48425
54.0,128.0,114.128006,163.74927,237.18211
54.0,127.0,117.72937,153.72882,235.82709
54.0,126.0,121.06041,162.48914,217.70482
54.0,125.0,126.81765,153.15169,222.08652
54.0,124.0,110.90074,157.05684,227.28145
54.0,123.0,138.04723,149.98442,200.86522
54.0,122.0,118.19674,158.82536,204.87343
54.0,121.0,118.26136,163.77348,221.58292
54.0,120.0,111.41301,168.48056,217.46857
54.0,119.0,106.31384,155.07904,215.23758
54.0,118.0,111.6234,160.82243,255.93022
54.0,117.0,102.16246,165.89355,196.0631
54.0,116.0,109.650566,150.50491,203.11424
54.0,115.0,106.12573,142.28107,191.97647
54.0,114.0,104.21614,141.40614,176.1328
54.0,113.0,105.7267,138.08214,190.21129
54.0,112.0,112.082886,160.96548,204.47614
54.0,111.0,104.744225,141.18512,199.72574
54.0,110.0,113.45865,145.71375,193.47992
54.0,109.0,104.6717,147.90164,207.93164
54.0,108.0,95.70401,132.08557,152.44888
54.0,107.0,101.46442,128.12329,183.72467
54.0,106.0,100.20185,126.51076,189.82072
54.0,105.0,92.126526,137.95499,205.18852
54.0,104.0,100.61544,130.21129,196.3626
54.0,103.0,102.38899,138.40839,196.0413
54.0,102.0,106.883446,142.71922,209.1225
54.0,101.0,103.244095,142.15573,207.35405
54.0,100.0,95.2327,130.72893,211.02711
54.0,99.0,105.55295,137.34645,204.92332
54.0,98.0,107.483665,132.68817,210.19336
54.0,97.0,103.88502,136.92873,213.04466
55.0,219.0,93.36082,138.63242,260.97156
55.0,218.0,90.51871,145.27428,258.79013
55.0,217.0,119.206154,137.90167,212.93344
55.0,216.0,95.55958,128.50769,282.71228
55.0,215.0,94.258835,139.54987,259.9773
55.0,214.0,96.22805,128.16003,260.15048
55.0,213.0,88.109436,121.4631,215.24463
55.0,212.0,97.933846,133.42131,217.42505
55.0,211.0,89.49283,141.82936,246.76083
55.0,210.0,92.47771,122.89712,245.6303
55.0,209.0,85.512,121.717094,209.86972
55.0,208.0,121.611824,111.42186,203.32626
55.0,207.0,88.45736,120.49164,232.8813
55.0,206.0,92.42427,123.14021,250.72679
55.0,205.0,93.35414,120.698654,252.66885
55.0,204.0,98.757935,130.37349,177.99503
55.0,203.0,88.23483,136.13184,229.31737
55.0,202.0,93.04169,132.24878,209.78839
55.0,201.0,82.97848,137.4523,226.41963
55.0,200.0,84.21178,132.4052,199.04626
55.0,199.0,95.00714,138.07762,239.79637
55.0,198.0,94.218925,126.09412,192.01811
55.0,197.0,85.34208,135.80849,243.05074
55.0,196.0,90.41543,127.22813,205.74481
55.0,195.0,86.30428,118.82421,253.92566
55.0,194.0,92.202034,109.74771,246.36975
55.0,193.0,84.25118,116.24014,198.31789
55.0,192.0,84.53206,119.11304,184.39868
55.0,191.0,77.94109,118.921036,256.24487
55.0,190.0,89.491646,128.20522,210.40974
55.0,189.0,82.57842,123.580536,227.3903
55.0,188.0,115.63292,123.96863,201.3171
55.0,187.0,95.98913,129.75214,241.73705
55.0,186.0,102.81632,120.59535,224.63841
55.0,185.0,84.92027,125.87933,229.36554
55.0,184.0,98.86016,134.81946,228.98035
55.0,183.0,85.19838,128.80325,229.31728
55.0,182.0,93.007164,138.95016,235.87987
55.0,181.0,99.967415,139.51666,266.61514
55.0,180.0,92.008865,119.80627,199.38387
55.0,179.0,82.40801,124.79956,231.16258
55.0,178.0,69.42396,101.32851,216.79462
55.0,177.0,83.81256,97.711296,206.09457
55.0,176.0,74.28926,106.859314,218.97446
55.0,175.0,94.10569,110.77234,222.32681
55.0,174.0,90.57119,124.34068,221.7067
55.0,173.0,87.32355,129.01039,217.83272
55.0,172.0,81.5609,136.01701,200.60428
55.0,171.0,95.22961,136.97737,212.99689
55.0,170.0,95.92757,129.66,233.92108
55.0,169.0,94.546196,136.13948,252.28348
55.0,168.0,95.999245,148.87619,268.7288
55.0,167.0,98.95984,126.38544,225.65134
55.0,166.0,83.0256,132.87373,268.12207
55.0,165.0,90.535904,120.56292,236.09648
55.0,164.0,85.01354,114.20141,227.47871
55.0,163.0,86.3224,121.58508,224.20572
55.0,162.0,79.01913,124.421425,227.97601
55.0,161.0,84.149895,120.63704,219.18909
55.0,160.0,87.203285,124.95863,247.57124
55.0,159.0,85.320335,119.12964,244.11353
55.0,158.0,80.34221,114.04594,232.05844
55.0,157.0,82.77878,123.80892,236.70753
55.0,156.0,91.35135,121.35178,226.92183
55.0,155.0,76.917564,120.80262,200.63594
55.0,154.0,92.19323,129.90486,259.84476
55.0,153.0,96.46234,120.954094,235.60855
55.0,152.0,88.82365,122.99428,231.52084
55.0,151.0,98.02231,116.98,216.84322
55.0,150.0,89.51335,122.59297,238.51483
55.0,149.0,91.71986,129.50638,261.8966
55.0,148.0,93.39011,139.09982,223.96497
55.0,147.0,86.66232,122.11641,284.77866
55.0,146.0,75.19401,115.68443,214.8817
55.0,145.0,73.22751,119.75789,242.50873
55.0,144.0,80.33729,119.963425,234.32272
55.0,143.0,78.89984,114.88426,198.51587
55.0,142.0,87.00972,119.113235,236.56003
55.0,141.0,92.21192,119.19592,258.90427
55.0,140.0,92.81055,134.07425,259.03644
55.0,139.0,89.99574,118.91766,218.46742
55.0,138.0,79.683556,113.40195,205.50569
55.0,137.0,86.06426,117.59222,192.85179
56.0,120.0,64.300705,119.73347,165.05626
56.0,119.0,60.315063,124.52391,181.43211
56.0,118.0,68.845314,116.79017,145.62752
56.0,117.0,77.01427,119.76366,130.59337
56.0,116.0,48.646374,114.97967,186.48183
56.0,115.0,65.04664,107.585594,149.81456
56.0,114.0,64.72491,109.59116,182.96431
56.0,113.0,65.13593,112.8001,160.2696
56.0,112.0,72.79063,112.422,223.23743
56.0,111.0,62.47895,111.1467,150.37106
56.0,110.0,54.675877,100.440346,164.79716
56.0,109.0,62.089634,113.27535,150.58133
56.0,108.0,67.98377,110.71038,148.60767
56.0,107.0,64.451004,105.833694,127.467285
56.0,106.0,63.823296,108.27258,171.2579
56.0,105.0,61.922176,113.26825,160.77625
56.0,104.0,86.74103,118.420006,185.05457
56.0,103.0,64.14082,121.911255,197.3184
56.0,102.0,66.057785,121.82182,194.83766
56.0,101.0,57.945263,113.06261,158.75067
56.0,100.0,61.29702,97.54646,101.13831
56.0,99.0,66.523056,105.78779,148.7804
56.0,98.0,62.10868,93.940994,182.37779
56.0,97.0,65.559525,111.279625,150.26875
56.0,96.0,56.91091,104.86483,141.14258
56.0,95.0,61.904453,99.31506,138.19818
56.0,94.0,62.10664,112.43366,133.45338
56.0,93.0,79.94553,93.116646,127.540855
56.0,92.0,57.30046,102.19898,130.77562
56.0,91.0,68.970055,105.37298,163.01077
56.0,90.0,63.477867,110.83421,124.218895
56.0,89.0,65.00834,113.01664,149.03389
56.0,88.0,71.04014,118.044685,135.92885
56.0,87.0,53.612507,84.045,108.79648
56.0,86.0,56.890266,90.74268,126.268135
56.0,85.0,58.387314,90.30389,110.32043
56.0,84.0,51.036804,90.05882,109.910446
56.0,83.0,55.34895,84.96465,123.62327
56.0,82.0,51.02727,93.08268,123.18808
56.0,81.0,53.781292,73.57605,110.093666
56.0,80.0,45.90812,91.05677,144.42732
56.0,79.0,50.488544,81.956535,124.96056
56.0,78.0,79.119225,87.19003,149.93837
56.0,77.0,66.705376,99.81161,127.43168
56.0,76.0,48.012497,78.13126,90.288536
56.0,75.0,46.914032,81.47761,88.67271
56.0,74.0,57.62733,87.836136,137.40134
56.0,73.0,66.68341,84.83979,137.73715
56.0,72.0,59.111076,85.93243,126.6853
56.0,71.0,36.20393,87.18257,108.00789
56.0,70.0,45.706112,73.26129,77.502716
56.0,69.0,44.80187,84.609764,109.221054
56.0,68.0,50.113255,102.33351,126.52445
56.0,67.0,41.176056,70.09056,109.82967
56.0,66.0,46.050278,85.140625,109.527245
56.0,65.0,40.72422,59.178715,70.924835
56.0,64.0,37.97218,70.365814,106.788956
56.0,63.0,40.72194,73.748146,104.55496
56.0,62.0,65.54978,70.14,90.96886
56.0,61.0,43.231174,53.769043,61.398464
56.0,60.0,41.390553,55.159695,60.85334
56.0,59.0,39.956917,65.72827,92.34398
56.0,58.0,34.16532,72.23217,98.96481
56.0,57.0,45.728718,71.82802,81.81611
56.0,56.0,44.284966,64.90371,113.2458
56.0,55.0,36.528915,56.292507,63.05134
56.0,54.0,30.672403,48.480343,72.79834
56.0,53.0,37.47554,55.488213,76.600815
56.0,52.0,44.229145,59.598297,73.58698
56.0,51.0,37.1308,54.84756,75.93686
56.0,50.0,34.0776,43.37144,70.2555
56.0,49.0,38.022003,67.11579,78.87323
56.0,48.0,56.4344,73.067894,83.74595
56.0,47.0,39.081177,70.99051,111.18925
56.0,46.0,47.146908,77.25803,85.436386
56.0,45.0,33.762463,86.13036,94.18795
56.0,44.0,48.674564,64.37365,77.18875
56.0,43.0,40.954025,61.110493,105.38493
56.0,42.0,25.844242,55.238644,95.44605
56.0,41.0,26.421234,50.961952,70.757225
56.0,40.0,23.577166,49.99143,82.56344
56.0,39.0,27.073639,47.989807,64.21609
56.0,38.0,29.557863,44.951294,57.362774
56.0,37.0,26.648155,39.575447,51.722385
56.0,36.0,18.627476,31.533916,60.652023
56.0,35.0,12.661955,34.842045,33.425053
56.0,34.0,12.024999,33.66571,54.57544
56.0,33.0,17.614038,34.62455,61.796005
56.0,32.0,22.443808,34.00809,33.84089
56.0,31.0,19.981373,27.197985,43.707954
56.0,30.0,29.598896,32.86805,34.5233
56.0,29.0,28.34062,25.629385,40.208183
56.0,28.0,20.468832,22.421305,29.535255
56.0,27.0,17.396635,20.174088,31.562428
56.0,26.0,18.090263,27.453516,35.65855
56.0,25.0,19.99507,22.401056,23.024523
56.0,24.0,15.559123,31.233257,31.584885
56.0,23.0,15.234451,29.91888,35.59737
56.0,22.0,14.669785,25.367891,28.721815
56.0,21.0,10.844821,32.88616,27.585672
56.0,20.0,22.83229,23.260353,33.673553
56.0,19.0,13.111126,19.651155,23.939856
56.0,18.0,15.296132,18.228207,24.519156
56.0,17.0,9.88311,18.407112,28.65031
56.0,16.0,6.5314937,19.85142,17.6834
56.0,15.0,18.928196,14.525167,21.842733
57.0,232.0,85.86262,151.33742,215.79059
57.0,231.0,93.951866,145.56122,200.48694
57.0,230.0,79.16017,136.15947,228.58456
57.0,229.0,82.89405,123.89623,215.60626
57.0,228.0,93.93602,129.87369,211.58237
57.0,227.0,122.1716,124.61388,174.93918
57.0,226.0,71.910034,127.63472,179.40291
57.0,225.0,88.64546,126.33415,175.86777
57.0,224.0,80.7417,134.38431,217.17436
57.0,223.0,86.79456,134.62708,175.09377
57.0,222.0,73.66262,130.29654,185.82973
57.0,221.0,81.78665,131.07306,211.18855
57.0,220.0,100.03097,120.70872,196.7675
57.0,219.0,87.62472,108.83807,186.69064
57.0,218.0,81.93433,134.59131,168.49866
57.0,217.0,82.86956,120.375404,210.31367
57.0,216.0,71.14429,123.603546,177.35617
57.0,215.0,79.97479,130.5475,174.31903
57.0,214.0,77.14094,107.23137,235.50198
57.0,213.0,81.08792,108.33842,199.579
57.0,212.0,85.029045,114.51013,185.5346
57.0,211.0,83.58738,117.52823,196.84283
57.0,210.0,82.12112,128.59143,201.37889
57.0,209.0,79.76661,134.25856,198.38638
57.0,208.0,95.22948,141.84167,209.05995
57.0,207.0,87.286385,130.03333,222.55348
57.0,206.0,74.18284,127.943665,176.73
57.0,205.0,82.97819,122.10655,195.65952
57.0,204.0,79.00195,111.60943,189.26253
57.0,203.0,75.92059,128.81445,162.9042
57.0,202.0,80.52269,136.86374,218.32632
57.0,201.0,85.00073,141.24577,213.02238
57.0,200.0,78.19507,134.21327,204.5165
57.0,199.0,70.81909,128.79092,208.7262
57.0,198.0,84.868065,139.82718,207.4718
57.0,197.0,81.87306,132.47696,187.35681
57.0,196.0,82.50415,116.87479,173.97182
57.0,195.0,76.79072,119.1319,203.6604
57.0,194.0,71.92079,140.6793,213.25452
57.0,193.0,72.287506,121.73011,149.07834
57.0,192.0,87.814384,117.19852,199.88814
57.0,191.0,85.6309,138.62683,195.16312
57.0,190.0,86.85364,120.31407,202.22006
57.0,189.0,88.696,138.77533,221.66953
57.0,188.0,82.05235,135.01173,188.60283
57.0,187.0,87.3961,133.77344,219.43875
57.0,186.0,81.01093,123.42246,178.6169
57.0,185.0,76.74384,143.56114,194.21848
57.0,184.0,84.15702,133.44218,188.28323
57.0,183.0,78.5356,125.35536,191.89073
57.0,182.0,88.12711,126.6471,203.56729
57.0,181.0,75.032555,118.098526,206.01521
57.0,180.0,82.22546,136.91457,187.3624
57.0,179.0,78.943245,118.1463,204.16121
57.0,178.0,82.08093,133.17534,209.16418
57.0,177.0,87.60021,125.703896,225.79527
57.0,176.0,88.71753,118.31398,217.83246
57.0,175.0,85.69425,106.77602,193.14815
57.0,174.0,75.92383,129.9105,205.96082
57.0,173.0,78.678925,132.38728,212.74538
57.0,172.0,77.536255,136.2546,170.4209
57.0,171.0,72.47477,120.30241,186.8214
57.0,170.0,70.92473,130.64792,206.16428
57.0,169.0,72.657455,115.73928,203.80571
57.0,168.0,77.33364,115.74795,207.16281
57.0,167.0,78.21935,117.7437,180.67216
57.0,166.0,69.29291,119.323204,185.81108
57.0,165.0,69.685715,117.6145,190.6531
57.0,164.0,71.79568,111.85698,168.66437
57.0,163.0,65.78936,118.519646,209.81702
57.0,162.0,74.935745,124.81027,178.4791
57.0,161.0,70.72269,130.07152,202.11516
57.0,160.0,70.30306,122.91429,177.61635
57.0,159.0,83.1412,136.56721,208.82289
57.0,158.0,64.67626,129.23906,212.64822
57.0,157.0,73.40926,111.98736,154.14917
57.0,156.0,69.00952,113.20999,160.63159
57.0,155.0,73.61245,116.180145,195.08762
57.0,154.0,67.3335,116.78923,152.16104
57.0,153.0,69.03447,102.09841,140.51385
57.0,152.0,57.96414,107.9683,174.47528
57.0,151.0,68.40285,132.48155,185.24786
57.0,150.0,78.06679,117.91529,228.73804
57.0,149.0,69.34283,111.96074,174.52576
57.0,148.0,74.44541,113.39391,174.87856
57.0,147.0,74.622215,126.27594,171.27443
57.0,146.0,76.17541,114.79776,152.88646
57.0,145.0,78.08417,108.67334,142.46404
57.0,144.0,66.14665,97.74276,159.44975
57.0,143.0,72.64975,122.98667,174.9528
57.0,142.0,92.780365,119.16078,149.53554
57.0,141.0,78.276085,124.86251,221.38612
57.0,140.0,79.4561,125.57463,167.25406
57.0,139.0,67.35216,127.12192,183.43382
57.0,138.0,62.846554,128.49173,189.73692
57.0,137.0,78.053474,129.11423,184.6822
57.0,136.0,63.88801,108.59698,158.35185
57.0,135.0,59.630703,113.18917,196.02827
57.0,134.0,58.52429,106.082726,182.79759
57.0,133.0,67.8771,111.9807,167.84088
57.0,132.0,64.76237,126.20713,184.18187
57.0,131.0,68.361755,99.49689,165.81206
57.0,130.0,70.64067,114.00968,161.97859
57.0,129.0,65.032875,96.41134,141.82567
57.0,128.0,60.095253,112.23656,128.80005
57.0,127.0,59.52582,107.26267,154.5782
57.0,126.0,69.634636,115.71146,182.0422
57.0,125.0,54.029205,135.92853,159.28154
57.0,124.0,76.84836,121.095795,189.4545
57.0,123.0,64.57865,121.25642,156.52309
57.0,122.0,66.30489,111.65196,166.22693
57.0,121.0,84.93875,116.222,168.63525
57.0,120.0,69.80343,110.62073,184.08797
57.0,119.0,66.77676,105.03507,113.29071
57.0,118.0,65.63129,101.20272,143.44748
57.0,117.0,70.250404,93.61855,169.04727
57.0,116.0,63.83503,114.09323,173.0161
57.0,115.0,64.459564,109.27446,149.8499
57.0,114.0,58.37531,105.8145,171.11818
57.0,113.0,60.2584,101.120674,142.37558
57.0,112.0,57.708233,99.94712,210.87878
57.0,111.0,76.84011,113.477715,175.10815
57.0,110.0,64.248764,104.99455,148.16309
57.0,109.0,68.37855,121.276245,162.856
57.0,108.0,64.46113,102.80878,169.00769
57.0,107.0,58.017876,114.36674,153.00047
57.0,106.0,46.60979,114.27195,133.62128
57.0,105.0,62.223095,97.16074,162.96461
57.0,104.0,69.236786,110.8992,120.53774
57.0,103.0,48.603077,99.55773,122.82752
58.0,182.0,118.479515,155.61002,221.5839
58.0,181.0,113.2501,165.08203,219.83757
58.0,180.0,108.81345,160.54056,195.88039
58.0,179.0,122.99261,157.69943,200.2558
58.0,178.0,92.09272,149.7272,194.67488
58.0,177.0,104.276825,141.3809,220.6559
58.0,176.0,89.07019,139.27353,210.93161
58.0,175.0,99.16973,134.16315,244.9772
58.0,174.0,102.10733,141.57184,228.84048
58.0,173.0,105.982544,149.55006,184.909
58.0,172.0,107.978294,165.76764,260.2295
58.0,171.0,106.82443,141.72943,197.61432
58.0,170.0,105.16259,162.92657,199.38422
58.0,169.0,109.248085,145.0052,249.83989
58.0,168.0,103.949234,152.60501,214.5899
58.0,167.0,100.44738,154.56152,233.68066
58.0,166.0,111.4669,155.02338,275.4721
58.0,165.0,93.468666,139.7111,236.03865
58.0,164.0,91.75079,136.56787,215.15582
58.0,163.0,104.20231,144.07507,233.90419
58.0,162.0,84.25246,141.41217,208.45073
58.0,161.0,94.20946,140.88808,222.97928
58.0,160.0,88.74696,130.58836,204.29282
58.0,159.0,91.87877,144.15076,196.23724
58.0,158.0,104.30145,144.07394,194.05368
58.0,157.0,100.14232,146.92911,272.2381
58.0,156.0,93.6588,140.4673,222.74625
58.0,155.0,95.77693,140.69482,216.60051
58.0,154.0,88.19463,140.12883,250.89232
58.0,153.0,97.296814,137.56967,185.69716
58.0,152.0,103.1125,138.75493,226.57907
58.0,151.0,94.11857,138.76709,188.54712
58.0,150.0,95.95013,149.92334,198.95747
58.0,149.0,97.59578,153.86887,227.53006
58.0,148.0,102.16303,150.06818,230.19629
58.0,147.0,96.59264,149.56404,228.36914
58.0,146.0,101.602264,129.38457,234.6345
58.0,145.0,101.7182,133.30313,231.20543
58.0,144.0,95.07333,135.48633,189.62952
58.0,143.0,98.15749,137.82251,214.21002
58.0,142.0,94.90011,129.51251,208.57219
58.0,141.0,93.81463,132.71672,210.45494
58.0,140.0,97.76559,133.45021,209.74922
58.0,139.0,87.99678,123.654106,201.18675
58.0,138.0,85.9351,130.94702,243.86877
58.0,137.0,103.55312,135.22649,225.64844
58.0,136.0,89.88185,133.84286,223.9745
58.0,135.0,118.44797,139.42038,213.29532
58.0,134.0,97.28529,135.8892,214.14925
58.0,133.0,114.24881,136.50896,194.09906
58.0,132.0,105.08605,138.5091,230.29279
58.0,131.0,93.614876,150.35477,239.59274
58.0,130.0,100.041405,151.26968,262.87558
58.0,129.0,98.50663,157.68303,229.05586
58.0,128.0,95.28378,129.12653,234.55515
58.0,127.0,95.79649,132.97913,232.90382
58.0,126.0,78.370186,130.86499,259.5078
58.0,125.0,96.914856,124.704796,189.58623
58.0,124.0,94.794876,127.06772,238.33923
58.0,123.0,79.71911,122.66343,230.27904
58.0,122.0,95.92066,118.23225,241.20337
58.0,121.0,101.245544,123.2343,196.85704
58.0,120.0,73.88081,122.62745,234.6371
58.0,119.0,86.551704,117.62847,204.93439
58.0,118.0,78.55577,123.127464,246.40817
58.0,117.0,84.23951,134.09724,231.42972
58.0,116.0,87.05604,120.26061,207.03804
58.0,115.0,93.83575,133.12189,206.92471
58.0,114.0,84.05838,126.2033,213.70506
58.0,113.0,84.04532,125.61962,209.37657
58.0,112.0,90.61205,127.23025,226.7936
58.0,111.0,110.33154,118.16715,222.43555
58.0,110.0,75.5308,131.04831,228.34854
58.0,109.0,80.14969,107.60442,205.114
58.0,108.0,91.41521,131.03488,222.73856
58.0,107.0,75.5124,112.11271,225.23164
58.0,106.0,88.40643,125.971985,208.84453
58.0,105.0,74.74493,117.43111,202.22086
58.0,104.0,77.592224,104.20066,207.6358
58.0,103.0,74.99995,107.95749,209.07677
58.0,102.0,72.33998,95.67057,169.8393
58.0,101.0,64.66005,104.07007,198.40172
58.0,100.0,80.049446,108.32129,221.48618
58.0,99.0,76.88955,109.65237,204.72787
58.0,98.0,77.71575,114.30309,210.23776
58.0,97.0,78.67762,115.98653,183.99449
58.0,96.0,78.857544,116.872284,189.88329
58.0,95.0,81.80478,115.66076,165.00853
58.0,94.0,71.05368,103.487015,195.07454
58.0,93.0,72.35658,102.92339,179.57883
58.0,92.0,65.469086,107.44743,192.06267
58.0,91.0,69.2696,103.94539,213.79286
58.0,90.0,82.37996,113.491,214.14177
58.0,89.0,79.38448,108.78655,189.62532
58.0,88.0,84.64973,112.35,236.48828
58.0,87.0,65.39932,112.80104,195.06316
58.0,86.0,73.371506,121.215294,208.01338
58.0,85.0,73.909386,114.75849,202.48584
58.0,84.0,81.02661,109.031876,220.44696
58.0,83.0,70.54882,102.63204,184.82115
58.0,82.0,67.4228,94.217514,185.87764
58.0,81.0,75.99436,105.17127,189.08632
58.0,80.0,72.04071,104.94763,181.22275
58.0,79.0,72.6016,102.244385,175.76106
58.0,78.0,72.31563,105.51122,198.93655
58.0,77.0,64.51955,125.12683,167.16647
58.0,76.0,71.97416,113.00105,155.13792
58.0,75.0,64.90574,106.15461,179.14224
58.0,74.0,77.51188,117.20922,180.65791
58.0,73.0,67.27305,115.99259,174.88243
58.0,72.0,63.46232,105.81964,194.76036
58.0,71.0,69.25651,92.19382,167.58287
58.0,70.0,68.27723,99.82643,163.60712
58.0,69.0,65.90554,106.568405,195.08855
58.0,68.0,80.32015,107.9099,186.68481
58.0,67.0,60.887527,96.425964,170.18684
58.0,66.0,54.27857,99.99254,175.57855
58.0,65.0,51.919476,101.948906,163.93831
58.0,64.0,54.012245,95.21164,162.95334
58.0,63.0,55.555412,85.493256,114.09178
58.0,62.0,108.3108,77.989944,175.14297
58.0,61.0,42.20806,70.10857,131.97658
58.0,60.0,53.34748,84.09839,136.0528
58.0,59.0,59.38995,92.04887,139.22911
58.0,58.0,77.97962,82.28486,139.22389
58.0,57.0,55.55978,86.95947,144.66626
58.0,56.0,50.47721,81.646225,137.5949
58.0,55.0,48.364292,82.38441,136.72931
58.0,54.0,63.411682,90.3178,114.70577
58.0,53.0,47.455376,103.99198,134.07956
58.0,52.0,52.264572,80.06684,144.75847
58.0,51.0,63.773724,87.36993,124.24411
58.0,50.0,46.659313,74.59113,97.047066
58.0,49.0,57.70642,75.83554,106.288185
58.0,48.0,51.004345,72.11588,101.30631
58.0,47.0,56.31451,87.24097,135.758
58.0,46.0,59.911476,84.967575,136.12804
58.0,45.0,60.73897,68.071594,166.99562
58.0,44.0,51.41329,55.26965,102.82279
58.0,43.0,41.331722,65.60029,90.13658
58.0,42.0,34.851555,60.766235,133.90356
58.0,41.0,45.77337,56.01765,128.08421
58.0,40.0,38.85079,66.24581,96.26052
58.0,39.0,46.155197,56.00506,70.554054
58.0,38.0,49.593147,68.67358,60.869884
58.0,37.0,36.798393,48.31648,68.575966
59.0,177.0,112.70846,159.17177,225.55368
59.0,176.0,111.79532,159.71785,249.03685
59.0,175.0,117.65144,154.97595,233.95238
59.0,174.0,106.93025,162.66362,212.91943
59.0,173.0,115.695625,170.13976,236.45436
59.0,172.0,119.381454,170.61424,217.30675
59.0,171.0,110.56678,176.6875,244.52505
59.0,170.0,105.13722,172.90686,213.94115
59.0,169.0,118.405525,179.6111,214.38072
59.0,168.0,111.574585,175.03668,195.87088
59.0,167.0,116.35702,182.25365,199.52061
59.0,166.0,120.44995,167.73593,230.1322
59.0,165.0,110.3299,166.68678,220.97841
59.0,164.0,110.05325,171.19974,212.29619
59.0,163.0,110.631645,157.99103,253.21913
59.0,162.0,122.36897,163.85474,204.25218
59.0,161.0,111.817,183.30032,229.68132
59.0,160.0,116.40679,165.83888,249.96243
59.0,159.0,117.237175,174.29282,229.0814
59.0,158.0,118.87623,171.66162,203.78426
59.0,157.0,115.75203,169.26921,228.71896
59.0,156.0,120.79864,163.84412,221.07027
59.0,155.0,106.37937,147.24304,208.10681
59.0,154.0,115.22261,160.16205,225.82465
59.0,153.0,101.5989,159.27112,204.69554
59.0,152.0,108.913795,152.59819,243.34476
59.0,151.0,116.56676,146.86864,265.60233
59.0,150.0,113.6148,171.8968,216.81677
59.0,149.0,113.10469,163.29668,254.35011
59.0,148.0,116.065445,163.82188,221.86664
59.0,147.0,114.15869,165.05577,201.24226
59.0,146.0,104.44496,161.1202,222.16158
59.0,145.0,106.49796,148.09096,220.6055
59.0,144.0,110.91347,149.90503,247.72145
59.0,143.0,112.067604,156.52628,203.15582
59.0,142.0,100.63673,140.92383,210.60605
59.0,141.0,98.22857,143.50551,237.10713
59.0,140.0,106.8588,150.10172,223.78119
59.0,139.0,105.40428,165.28076,235.26933
59.0,138.0,108.94241,167.34726,204.75256
59.0,137.0,114.81232,168.08138,201.44446
59.0,136.0,110.31671,169.87643,258.1244
59.0,135.0,114.28015,151.47218,208.21771
59.0,134.0,117.165596,165.87874,201.80725
59.0,133.0,109.68072,160.82133,208.6326
59.0,132.0,105.42004,156.66231,203.8284
59.0,131.0,101.923294,163.34177,215.2787
59.0,130.0,106.26059,159.4645,213.88766
59.0,129.0,106.24478,154.72159,203.29857
59.0,128.0,105.13462,152.40128,225.18764
59.0,127.0,106.022995,131.04315,235.7257
59.0,126.0,86.804245,136.98346,201.8288
59.0,125.0,100.59787,132.76219,225.46892
59.0,124.0,91.596405,127.4596,203.79489
59.0,123.0,94.65576,142.28578,233.23235
59.0,122.0,127.345024,140.13348,200.87915
59.0,121.0,104.868484,140.68571,241.86305
59.0,120.0,97.04431,137.76616,207.94772
59.0,119.0,90.97777,136.322,202.99944
59.0,118.0,91.754616,133.75137,222.60912
59.0,117.0,88.10315,122.64086,213.0224
59.0,116.0,91.00873,123.702866,219.51802
59.0,115.0,109.00112,134.68382,239.0336
59.0,114.0,98.85119,121.78733,215.05923
60.0,216.0,76.45482,130.154,209.01115
60.0,215.0,73.352036,120.06555,226.33884
60.0,214.0,99.74763,123.56375,217.75468
60.0,213.0,76.70675,121.641464,192.9888
60.0,212.0,80.05891,108.39266,218.39285
60.0,211.0,82.05416,137.80437,224.752
60.0,210.0,85.61618,136.25044,275.77823
60.0,209.0,83.839935,137.56313,245.00453
60.0,208.0,90.99627,132.9516,244.61325
60.0,207.0,89.79867,123.25798,234.07137
60.0,206.0,81.847664,138.492,283.54507
60.0,205.0,92.15577,117.21664,202.45125
60.0,204.0,76.70105,131.29082,203.35896
60.0,203.0,72.444016,120.73317,186.54861
60.0,202.0,77.6941,106.77158,224.24838
60.0,201.0,76.133995,114.07821,229.45651
60.0,200.0,74.85932,115.09646,157.42949
60.0,199.0,78.33175,113.661514,215.87076
60.0,198.0,86.9608,128.86671,193.3249
60.0,197.0,78.21494,131.94685,221.69096
60.0,196.0,74.51222,120.467094,191.5871
60.0,195.0,76.07883,118.20538,214.40259
60.0,194.0,68.75738,105.80202,184.772
60.0,193.0,65.9648,111.187485,242.17638
60.0,192.0,60.215176,119.87723,212.61842
60.0,191.0,72.93909,107.60687,183.23685
60.0,190.0,99.21459,125.51335,194.85721
60.0,189.0,66.422325,132.19733,205.96277
60.0,188.0,75.751656,133.58011,195.91661
60.0,187.0,71.88607,124.1269,219.1063
60.0,186.0,84.67145,124.20145,265.04224
60.0,185.0,79.85012,107.11345,207.50676
60.0,184.0,83.21449,126.83744,200.6737
60.0,183.0,80.624985,122.56272,193.56108
60.0,182.0,80.990204,125.49928,205.65276
60.0,181.0,78.90714,109.696945,237.2633
60.0,180.0,76.42037,123.205696,217.15718
60.0,179.0,73.00996,127.33096,228.61221
60.0,178.0,73.58167,131.35419,263.20847
60.0,177.0,70.489426,114.03737,194.24187
60.0,176.0,79.536766,119.939674,175.17502
60.0,175.0,80.81668,123.903534,202.12598
60.0,174.0,87.2864,122.02326,202.4463
60.0,173.0,88.29657,107.25789,169.46738
60.0,172.0,75.17367,108.31179,164.35237
60.0,171.0,73.80227,115.35647,225.95653
60.0,170.0,75.1149,111.22822,208.2766
60.0,169.0,73.26516,126.65613,191.04869
60.0,168.0,84.59802,124.103355,188.59045
60.0,167.0,88.483955,134.1617,200.46114
60.0,166.0,85.23873,131.44429,216.7796
60.0,165.0,87.4204,130.45403,243.04315
60.0,164.0,89.073875,126.54757,201.79042
60.0,163.0,73.7067,125.803085,233.35474
60.0,162.0,76.21817,125.25319,229.77425
60.0,161.0,89.80674,133.94241,224.16197
60.0,160.0,76.0098,121.39911,200.84659
60.0,159.0,85.19682,120.548225,236.5414
60.0,158.0,85.3209,118.16156,173.32114
60.0,157.0,65.55591,102.40645,180.84384
60.0,156.0,70.20333,111.35525,180.6645
60.0,155.0,73.03531,111.44949,188.27559
60.0,154.0,70.518524,110.15488,171.74915
60.0,153.0,64.375145,111.08696,205.54602
60.0,152.0,72.61135,116.503044,194.00519
60.0,151.0,69.16546,122.545074,201.03288
60.0,150.0,71.040245,111.729866,190.742
60.0,149.0,91.42551,109.33897,185.06654
60.0,148.0,74.84081,117.818596,207.81377
60.0,147.0,72.88917,121.13495,231.27017
60.0,146.0,83.64284,113.4491,165.59564
60.0,145.0,73.297455,119.76032,182.13727
60.0,144.0,71.763565,112.86366,203.5827
60.0,143.0,68.49776,111.93102,172.99504
60.0,142.0,72.42884,110.15542,192.18822
60.0,141.0,64.10351,111.026184,170.97462
60.0,140.0,68.47918,110.93319,205.32434
60.0,139.0,65.85769,110.857796,201.3832
60.0,138.0,73.77731,95.43796,182.37027
60.0,137.0,55.645386,93.55262,173.93652
60.0,136.0,58.797623,101.82563,192.46393
60.0,135.0,83.586624,107.06933,188.7406
60.0,134.0,88.02552,115.4772,207.87848
60.0,133.0,74.05963,113.10757,168.27585
60.0,132.0,73.45738,118.77227,233.00534
60.0,131.0,79.62337,116.7908,193.88544
60.0,130.0,81.894226,124.95457,180.01347
60.0,129.0,81.254036,131.19408,183.55786
60.0,128.0,76.60063,127.94216,176.60097
60.0,127.0,72.94355,117.1478,179.25395
60.0,126.0,74.19254,133.85498,198.1645
60.0,125.0,76.45275,123.59428,195.34117
60.0,124.0,69.09368,117.58347,185.47768
60.0,123.0,65.785736,105.73325,128.46658
60.0,122.0,67.85715,118.53161,172.31668
60.0,121.0,63.623257,110.24582,151.64922
60.0,120.0,62.38158,99.722565,150.68918
60.0,119.0,57.36384,94.25556,144.2708
60.0,118.0,57.412632,103.45586,167.2186
60.0,117.0,58.84379,109.595024,140.18019
60.0,116.0,57.899788,92.97333,155.69604
60.0,115.0,50.591827,102.960266,149.71147
60.0,114.0,80.19363,92.71259,182.16913
60.0,113.0,61.335762,113.47712,175.18323
60.0,112.0,67.42824,104.7893,154.55882
60.0,111.0,115.18417,114.66357,157.76407
60.0,110.0,61.057728,112.333565,166.76309
60.0,109.0,72.11058,101.64599,169.25636
60.0,108.0,65.02863,117.11322,166.03221
60.0,107.0,69.47984,98.06289,166.08699
60.0,106.0,58.498127,102.48402,161.2293
60.0,105.0,62.219276,98.91855,154.93202
60.0,104.0,69.03539,97.41026,166.95665
60.0,103.0,60.91583,96.29679,118.476555
60.0,102.0,49.83194,93.34386,184.91176
60.0,101.0,61.58861,102.73881,138.5362
60.0,100.0,57.17127,94.38998,189.90334
61.0,149.0,88.87885,128.64693,182.5067
61.0,148.0,96.38285,142.43008,205.72678
61.0,147.0,104.04077,133.49051,191.45381
61.0,146.0,84.83186,142.66103,194.51149
61.0,145.0,108.13716,122.13137,188.76007
61.0,144.0,101.07395,133.88367,212.42981
61.0,143.0,100.31251,139.94424,204.5938
61.0,142.0,90.90854,145.18542,202.83752
61.0,141.0,110.58511,137.07124,199.67854
61.0,140.0,102.38254,148.20667,185.82483
61.0,139.0,102.25288,146.47314,194.20328
61.0,138.0,139.84639,145.2359,211.67473
61.0,137.0,103.20914,154.67894,202.39563
61.0,136.0,104.83151,157.6359,160.49901
61.0,135.0,106.09282,148.31384,166.718
61.0,134.0,108.16041,139.33482,219.49118
61.0,133.0,100.55737,142.4767,221.1192
61.0,132.0,108.381035,154.21284,183.65836
61.0,131.0,102.41315,161.6576,221.03528
61.0,130.0,107.03043,163.24553,211.23701
61.0,129.0,114.46222,155.13007,189.10365
61.0,128.0,134.66301,156.71725,212.2093
61.0,127.0,101.18198,141.91162,222.08467
61.0,126.0,102.914566,151.57336,210.87737
61.0,125.0,102.062645,140.53851,182.41945
61.0,124.0,102.57143,157.59222,223.01773
61.0,123.0,110.06678,128.49365,163.10397
61.0,122.0,100.636536,144.90517,214.16962
61.0,121.0,87.065414,133.55344,193.28963
61.0,120.0,95.44908,125.35227,177.57475
61.0,119.0,108.653336,134.63806,207.51604
61.0,118.0,98.50329,139.22693,193.16618
61.0,117.0,93.351006,141.931,207.95348
61.0,116.0,84.285484,127.54058,207.7782
61.0,115.0,80.64728,119.47753,160.55806
61.0,114.0,88.0921,125.46181,208.9578
61.0,113.0,98.716484,122.55376,185.95549
61.0,112.0,101.031975,135.48868,170.48491
61.0,111.0,101.26174,123.472984,192.15067
61.0,110.0,87.66487,118.523605,200.88605
61.0,109.0,80.77244,124.810974,188.3336
61.0,108.0,86.35874,128.67793,208.6174
61.0,107.0,82.737175,123.67436,218.74277
61.0,106.0,92.02091,132.82014,193.00882
61.0,105.0,89.595276,132.08276,196.26556
61.0,104.0,95.88912,123.1921,212.25859
61.0,103.0,81.63785,121.765625,214.34969
61.0,102.0,87.692535,135.50385,190.23468
61.0,101.0,99.36704,126.75355,201.38084
61.0,100.0,90.19542,119.93341,181.14442
61.0,99.0,91.21598,136.9635,191.0419
61.0,98.0,85.62297,123.12336,177.16713
61.0,97.0,103.01399,122.26589,178.12993
61.0,96.0,99.888275,120.262276,166.35092
61.0,95.0,84.65537,118.07359,172.60258
61.0,94.0,87.72044,122.66667,184.07956
61.0,93.0,80.70874,114.77669,163.63249
61.0,92.0,77.42003,111.86347,204.2675
61.0,91.0,89.182846,105.58081,176.64987
61.0,90.0,64.808136,116.453766,185.58844
61.0,89.0,78.6087,99.88558,193.19077
61.0,88.0,72.46248,107.24805,200.22992
61.0,87.0,88.836914,114.95334,208.54016
61.0,86.0,86.7608,106.49974,180.38194
61.0,85.0,86.31903,115.40033,160.47044
61.0,84.0,102.066696,100.401985,168.46877
61.0,83.0,77.490074,108.74068,185.49059
61.0,82.0,79.73111,95.236275,131.82637
61.0,81.0,81.83994,100.14551,152.49579
61.0,80.0,71.2464,104.85416,139.95045
61.0,79.0,67.93336,102.49934,178.56172
61.0,78.0,88.74096,95.08851,164.42424
61.0,77.0,73.55946,99.721756,206.56198
61.0,76.0,71.8019,99.8354,169.89714
61.0,75.0,74.36985,99.20252,190.51099
61.0,74.0,63.90714,102.292816,193.9702
61.0,73.0,70.74681,93.77754,180.68143
61.0,72.0,78.08034,91.39345,171.8143
61.0,71.0,62.900818,93.48824,202.16899
61.0,70.0,53.374092,101.14739,163.28902
61.0,69.0,60.362835,90.37518,192.321
61.0,68.0,68.21239,97.90567,168.17628
61.0,67.0,56.737904,95.76948,163.6929
61.0,66.0,66.031136,93.44524,184.32274
61.0,65.0,57.6798,94.62764,174.57652
61.0,64.0,58.037006,91.979294,182.12698
61.0,63.0,62.42057,85.276825,142.63046
61.0,62.0,57.390923,92.54233,172.81674
61.0,61.0,53.177586,83.15841,175.46231
61.0,60.0,51.36261,90.61255,165.45486
61.0,59.0,57.496407,83.32783,135.37477
61.0,58.0,47.891182,82.374306,180.18063
61.0,57.0,42.44528,76.36204,152.52338
61.0,56.0,51.348335,85.90821,155.20882
61.0,55.0,50.268955,69.39103,152.54892
61.0,54.0,48.182884,72.77775,136.45676
61.0,53.0,46.34396,71.55379,132.01517
61.0,52.0,53.44295,81.14726,146.41714
61.0,51.0,57.96824,65.52705,131.62186
61.0,50.0,45.758854,69.7666,115.26598
61.0,49.0,50.928272,72.85629,147.34854
61.0,48.0,53.415646,61.99356,127.39876
61.0,47.0,47.05655,65.2119,140.13388
61.0,46.0,57.421505,83.934395,129.2953
61.0,45.0,57.475346,74.253914,128.59612
61.0,44.0,50.480072,71.20768,119.25963
61.0,43.0,47.279266,79.42825,138.52762
61.0,42.0,44.84673,76.38299,142.97989
61.0,41.0,45.437935,76.72186,115.975685
61.0,40.0,43.82625,72.9737,132.01057
61.0,39.0,43.0585,74.88621,123.68955
61.0,38.0,51.457436,52.606407,96.14755
61.0,37.0,42.21512,64.80353,134.9871
61.0,36.0,41.55446,71.90314,110.81531
61.0,35.0,47.84405,64.67942,127.23071
61.0,34.0,37.509747,48.029205,103.855255
61.0,33.0,29.972889,46.914383,113.3193
61.0,32.0,29.272732,50.34604,104.7926
61.0,31.0,36.06733,53.876675,77.39135
61.0,30.0,23.4517,38.84615,70.87595
61.0,29.0,36.32111,41.215843,62.689423
61.0,28.0,28.690598,43.448105,92.006966
61.0,27.0,26.781082,38.522003,77.854004
61.0,26.0,27.947079,43.54754,64.22005
61.0,25.0,29.087837,23.973003,62.373814
61.0,24.0,30.807388,30.8026,54.57695
61.0,23.0,25.114708,28.864841,66.49869
61.0,22.0,14.583446,26.64753,68.08922
61.0,21.0,15.908426,22.475796,39.135746
62.0,255.0,121.904015,188.43431,272.23975
62.0,254.0,113.55496,183.19048,250.93341
62.0,253.0,118.21418,172.7499,211.82552
62.0,252.0,116.926994,182.09685,266.47357
62.0,251.0,121.94868,192.75015,246.56615
62.0,250.0,119.6331,190.85178,197.63861
62.0,249.0,128.70567,191.9034,247.33263
62.0,248.0,146.79875,190.10548,226.61234
62.0,247.0,120.513466,187.31035,214.82791
62.0,246.0,122.57931,191.96236,200.35846
62.0,245.0,143.04277,182.01855,201.27281
62.0,244.0,115.3471,171.8263,245.703
62.0,243.0,110.091324,182.05785,244.71866
62.0,242.0,123.28614,192.6215,235.95682
62.0,241.0,113.37103,170.99509,254.22687
62.0,240.0,119.414734,169.45644,200.61577
62.0,239.0,114.55236,173.77351,259.22995
62.0,238.0,117.585335,180.83221,216.7025
62.0,237.0,119.43835,179.81711,253.48747
62.0,236.0,120.30822,182.11504,223.61003
62.0,235.0,134.72688,188.6744,232.77753
62.0,234.0,137.71196,187.1466,233.17325
62.0,233.0,126.134056,186.75328,237.27417
62.0,232.0,119.27581,203.19815,223.784
62.0,231.0,127.585045,199.12721,208.80078
62.0,230.0,127.95801,198.42119,237.416
62.0,229.0,123.85831,197.22633,224.70976
62.0,228.0,127.841965,195.73077,209.30002
62.0,227.0,127.7724,191.89528,244.23515
62.0,226.0,113.797966,188.81816,258.49597
62.0,225.0,109.73505,188.82497,212.16713
62.0,224.0,113.999115,186.76558,228.869
62.0,223.0,108.375,176.00966,203.69879
62.0,222.0,114.926605,174.58516,255.80196
62.0,221.0,111.05558,166.63896,260.83905
62.0,220.0,121.87255,181.63947,232.6435
62.0,219.0,115.617615,177.47437,204.0629
62.0,218.0,115.81251,173.6082,216.68932
62.0,217.0,115.96199,183.48375,248.34073
62.0,216.0,126.08278,175.51648,217.12381
62.0,215.0,121.91518,182.56052,254.40259
62.0,214.0,126.83997,191.61809,263.13205
62.0,213.0,128.95598,179.08194,206.49223
62.0,212.0,120.73598,194.59564,227.55373
62.0,211.0,116.91709,187.24374,212.05322
62.0,210.0,123.82779,192.78413,206.48521
62.0,209.0,130.88876,181.90851,198.17961
62.0,208.0,121.0067,178.42128,237.19711
62.0,207.0,115.95431,182.98064,218.35564
62.0,206.0,123.92646,185.34718,237.84717
62.0,205.0,124.702866,193.8673,238.65688
62.0,204.0,125.95288,185.32227,241.96437
62.0,203.0,117.38212,186.05234,231.03893
62.0,202.0,120.61135,185.53786,240.53397
62.0,201.0,121.96613,189.62622,201.12418
62.0,200.0,114.22078,191.67485,215.13217
62.0,199.0,125.23605,184.98494,271.21103
62.0,198.0,120.43439,190.70625,230.23972
62.0,197.0,118.561066,186.91086,227.01576
62.0,196.0,125.89806,181.79218,249.73827
62.0,195.0,143.0785,178.26634,227.05986
62.0,194.0,119.72829,186.0654,246.38675
62.0,193.0,117.84111,177.49802,234.06273
62.0,192.0,114.728134,180.44743,212.31833
62.0,191.0,115.42189,173.4612,226.34229
62.0,190.0,114.54281,187.19734,191.88823
62.0,189.0,120.15357,181.68724,217.66632
62.0,188.0,124.66768,194.73184,193.70575
62.0,187.0,121.43667,183.5848,203.6978
62.0,186.0,121.370674,184.4963,235.52869
62.0,185.0,119.50197,191.0378,204.47299
62.0,184.0,123.7352,183.30296,218.96777
62.0,183.0,118.479904,177.79677,215.91171
62.0,182.0,114.544044,186.66676,216.29727
62.0,181.0,108.93478,165.88788,204.59111
62.0,180.0,115.40484,158.8194,209.52322
62.0,179.0,98.78718,157.399,246.90025
62.0,178.0,110.244736,169.42664,196.73381
62.0,177.0,116.21792,149.18692,218.97229
62.0,176.0,114.48857,169.92897,198.44371
62.0,175.0,115.5716,162.5362,208.10423
62.0,174.0,116.63921,166.27518,200.2625
62.0,173.0,110.52318,164.15744,209.96887
62.0,172.0,125.78145,155.45877,202.70737
62.0,171.0,105.94395,144.66228,221.44124
62.0,170.0,95.70592,143.5912,199.85655
62.0,169.0,100.44717,150.85721,205.56259
62.0,168.0,106.4576,143.60175,237.46109
62.0,167.0,103.914955,144.73982,204.41422
62.0,166.0,111.72183,143.26935,211.47835
62.0,165.0,113.44526,155.7435,220.41052
62.0,164.0,126.675575,156.60709,198.54343
62.0,163.0,111.29962,155.22104,219.97107
62.0,162.0,117.05034,153.23174,204.89157
62.0,161.0,112.00874,163.78566,224.9621
62.0,160.0,118.70796,162.2307,219.96373
62.0,159.0,120.087456,146.65776,210.12482
62.0,158.0,123.85208,154.82616,222.87854
62.0,157.0,114.76229,155.16832,206.94019
62.0,156.0,115.86041,161.69841,245.91211
62.0,155.0,115.127525,156.59966,239.3395
62.0,154.0,111.588715,153.61496,220.08269
62.0,153.0,109.90458,171.62839,207.28296
62.0,152.0,115.481445,149.34492,224.93558
62.0,151.0,102.976006,162.95807,189.53189
62.0,150.0,105.97073,151.93863,192.66687
62.0,149.0,108.33053,156.88692,199.4615
62.0,148.0,105.85522,154.40422,212.03311
62.0,147.0,111.26635,148.3363,223.95128
62.0,146.0,110.381645,145.0033,214.52637
62.0,145.0,122.94295,152.66135,215.4587
62.0,144.0,111.57286,146.22694,205.18633
62.0,143.0,101.94911,140.65833,221.02296
62.0,142.0,106.553505,157.72646,228.22417
62.0,141.0,107.68587,146.56125,207.99641
62.0,140.0,108.43192,149.03368,199.86632
62.0,139.0,100.27422,138.9883,211.53337
62.0,138.0,101.19397,137.45618,203.82611
62.0,137.0,102.987656,139.75015,206.21533
62.0,136.0,97.04328,134.48705,186.04976
62.0,135.0,97.63332,147.3622,201.1838
62.0,134.0,112.31457,144.7213,225.45082
62.0,133.0,102.81355,132.72832,219.6177
62.0,132.0,100.44336,122.283676,209.50185
62.0,131.0,100.43119,127.32578,191.35359
62.0,130.0,104.18073,141.45856,182.67653
62.0,129.0,102.31196,128.80594,197.16414
62.0,128.0,98.62461,118.17167,217.15645
62.0,127.0,100.81877,133.42578,169.36661
62.0,126.0,107.266174,118.74251,224.46829
62.0,125.0,89.351906,121.21471,204.95572
62.0,124.0,89.699745,117.82227,211.62865
62.0,123.0,92.93872,120.903496,229.33313
62.0,122.0,73.73578,119.68648,190.2437
62.0,121.0,88.11686,123.21322,183.16248
62.0,120.0,84.29698,127.02681,224.81345
62.0,119.0,94.46787,118.25106,216.32573
62.0,118.0,90.41567,110.55351,195.35321
62.0,117.0,86.85292,108.72035,192.63574
62.0,116.0,81.20844,116.46342,242.61282
62.0,115.0,93.54648,105.209564,201.04482
62.0,114.0,92.711754,99.62418,169.99529
62.0,113.0,91.13038,105.03535,183.96971
62.0,112.0,80.1089,110.04143,176.0025
62.0,111.0,80.76311,114.24683,199.93645
62.0,110.0,69.37639,112.713585,206.30554
62.0,109.0,81.59508,113.24796,169.50763
62.0,108.0,80.23582,114.257675,200.05373
62.0,107.0,85.18485,111.84931,218.65543
62.0,106.0,87.11323,105.61829,172.5581
62.0,105.0,75.69471,100.88949,162.73085
62.0,104.0,60.77225,91.518166,196.01675
62.0,103.0,84.172295,105.797585,164.85072
62.0,102.0,74.047775,109.95868,149.8429
62.0,101.0,79.58291,106.45408,156.29424
62.0,100.0,86.63287,110.914825,140.18292
62.0,99.0,69.87408,103.96038,170.4301
62.0,98.0,80.48168,117.25089,182.25395
62.0,97.0,87.63794,107.534744,176.27023
62.0,96.0,75.351585,96.74233,158.00948
62.0,95.0,81.99713,93.1817,152.06075
62.0,94.0,74.01521,98.586525,166.45416
62.0,93.0,73.36423,89.539085,141.86972
62.0,92.0,65.22922,85.915985,151.21954
62.0,91.0,68.69079,110.98751,131.54391
62.0,90.0,81.9858,88.10423,166.5785
62.0,89.0,76.16827,91.873985,132.37694
62.0,88.0,59.337868,84.192764,122.14409
62.0,87.0,76.70876,93.45604,125.2214
62.0,86.0,64.148346,84.58798,141.9049
62.0,85.0,63.837215,85.820755,111.8956
62.0,84.0,86.285385,101.2682,124.361984
62.0,83.0,71.225395,90.301865,120.02164
62.0,82.0,56.3771,79.71015,118.13174
62.0,81.0,69.1434,79.182236,120.044716
62.0,80.0,68.96419,82.498184,111.91823
62.0,79.0,59.5886,81.54345,146.83188
62.0,78.0,72.46305,85.21517,111.080414
62.0,77.0,64.374214,87.987175,100.686775
62.0,76.0,55.186306,83.75417,115.98437
62.0,75.0,55.789814,76.575905,90.31338
62.0,74.0,66.417465,75.66932,94.93986
62.0,73.0,51.348057,71.13111,104.145256
62.0,72.0,52.580383,64.09114,105.73221
62.0,71.0,50.99462,65.711136,113.12752
62.0,70.0,57.29717,70.60288,82.70446
62.0,69.0,42.111717,58.54651,98.038826
62.0,68.0,54.204422,62.105682,80.92787
62.0,67.0,47.400368,68.144356,90.160164
62.0,66.0,55.514427,59.88325,103.301414
62.0,65.0,57.08375,57.507282,74.78053
62.0,64.0,54.958374,53.79578,83.372185
62.0,63.0,49.974304,60.334446,66.56143
62.0,62.0,45.02616,65.98071,74.434235
62.0,61.0,46.69234,56.28241,73.8172
62.0,60.0,47.757355,50.68811,71.527306
62.0,59.0,53.218403,52.20132,79.16371
62.0,58.0,38.05151,51.091972,76.58769
62.0,57.0,59.273438,52.551853,78.77164
62.0,56.0,116.28741,60.36562,63.053726
62.0,55.0,44.000317,56.427612,58.902752
62.0,54.0,37.498077,49.894333,54.142017
63.0,196.0,88.22107,142.87218,218.92822
63.0,195.0,82.06604,125.59054,179.28336
63.0,194.0,82.58561,133.79504,214.78015
63.0,193.0,77.612885,140.07642,184.66798
63.0,192.0,79.215385,117.93433,193.77998
63.0,191.0,81.25509,123.35023,181.76456
63.0,190.0,69.657196,122.41037,176.53487
63.0,189.0,80.95523,121.688515,187.79129
63.0,188.0,84.512344,131.51631,217.0642
63.0,187.0,79.83193,124.83994,168.34937
63.0,186.0,81.07584,125.72785,182.77592
63.0,185.0,81.83524,127.547905,228.9607
63.0,184.0,71.084694,134.80446,168.18707
63.0,183.0,80.132095,139.70097,176.57492
63.0,182.0,79.91916,133.64856,186.90427
63.0,181.0,80.1209,129.62007,190.79773
63.0,180.0,77.89705,135.75893,228.6405
63.0,179.0,86.34757,126.28842,190.4607
63.0,178.0,84.59532,137.25719,210.0604
63.0,177.0,85.17942,129.17155,189.55315
63.0,176.0,81.68479,133.89043,204.13803
63.0,175.0,73.453316,133.87515,196.84245
63.0,174.0,82.836975,124.94052,182.47614
63.0,173.0,75.55082,134.68939,182.41467
63.0,172.0,73.37187,123.49408,186.07204
63.0,171.0,65.574715,127.285805,225.00143
63.0,170.0,57.122585,115.01014,186.71532
63.0,169.0,67.30974,112.58455,230.48398
63.0,168.0,78.51606,130.04297,173.57317
63.0,167.0,70.39874,106.29231,183.28311
63.0,166.0,74.39019,118.73382,187.88562
63.0,165.0,72.1896,135.93112,222.17656
63.0,164.0,77.67049,125.33256,206.63791
63.0,163.0,72.1982,122.05336,192.40163
63.0,162.0,65.88344,117.556145,186.384
63.0,161.0,61.83317,107.05734,180.44081
63.0,160.0,69.19859,114.8066,184.17963
63.0,159.0,68.28991,115.08154,180.43886
63.0,158.0,77.1205,111.98596,224.57442
63.0,157.0,68.893524,124.062126,169.9077
63.0,156.0,66.02119,104.02347,153.7875
63.0,155.0,64.53215,110.45015,174.84717
63.0,154.0,78.4875,117.102165,186.4058
63.0,153.0,79.96726,130.32115,214.89189
63.0,152.0,74.32197,131.94354,179.20451
63.0,151.0,76.19666,127.188515,204.48734
63.0,150.0,87.68907,127.05581,178.51186
63.0,149.0,63.64623,125.61774,176.84686
63.0,148.0,84.45475,122.48337,175.77228
63.0,147.0,64.905205,123.883675,198.04825
63.0,146.0,60.47256,125.90249,156.58006
63.0,145.0,72.27855,121.30874,199.02278
63.0,144.0,79.5245,132.5268,154.2878
63.0,143.0,80.389046,128.31625,168.58186
63.0,142.0,72.102455,119.047165,174.79752
63.0,141.0,76.35374,121.3765,173.09665
63.0,140.0,51.846825,113.097755,154.87148
63.0,139.0,71.97857,119.07,147.84953
63.0,138.0,68.41553,123.81523,214.41289
63.0,137.0,61.309055,101.02299,195.94576
63.0,136.0,65.0805,98.22378,156.75949
63.0,135.0,79.45484,116.40691,181.10823
63.0,134.0,67.05291,109.83382,158.72513
63.0,133.0,64.69117,109.11168,162.78764
63.0,132.0,82.07055,106.554054,189.26515
63.0,131.0,55.62326,95.5945,156.93422
63.0,130.0,82.90752,108.754395,143.3305
63.0,129.0,98.031364,124.62409,175.16399
63.0,128.0,79.29946,122.05219,139.69965
63.0,127.0,72.35004,123.056816,204.46147
63.0,126.0,62.9055,123.97153,154.83041
63.0,125.0,65.7296,110.25756,175.64027
63.0,124.0,84.975006,124.62894,227.79886
63.0,123.0,75.3912,115.78481,189.54628
63.0,122.0,65.148895,123.93925,179.11026
63.0,121.0,69.7623,118.42694,166.0811
63.0,120.0,57.43182,117.489174,187.55042
63.0,119.0,65.72776,125.6785,153.29501
63.0,118.0,73.76006,118.008194,185.73166
63.0,117.0,67.78946,113.67636,182.619
63.0,116.0,60.569218,108.5457,178.5488
63.0,115.0,55.627056,112.43735,171.64575
63.0,114.0,58.87106,126.88354,154.03867
63.0,113.0,102.562836,122.11848,130.43626
63.0,112.0,63.572765,128.80034,145.0232
63.0,111.0,72.631676,145.71121,202.73616
63.0,110.0,72.26655,121.63254,169.67148
63.0,109.0,73.90323,112.30593,163.0551
63.0,108.0,64.174194,107.73175,163.97505
63.0,107.0,66.62126,118.418655,121.51115
63.0,106.0,59.23958,121.95583,174.05002
63.0,105.0,57.816746,121.600685,149.42311
63.0,104.0,59.975292,123.00741,193.9303
63.0,103.0,59.316414,102.74578,128.05194
63.0,102.0,63.749176,110.19451,172.64336
63.0,101.0,54.190968,98.41188,134.78055
63.0,100.0,66.26321,99.0296,127.88118
63.0,99.0,62.196857,95.685265,160.20003
63.0,98.0,57.169468,97.60861,137.09727
63.0,97.0,57.79894,101.24044,128.24174
63.0,96.0,77.03942,113.24005,138.75461
63.0,95.0,76.052414,112.99991,155.08832
63.0,94.0,64.748634,110.296104,171.63896
63.0,93.0,66.10371,96.8096,175.09575
63.0,92.0,69.538185,119.17933,154.68529
63.0,91.0,57.10345,99.766815,155.09534
63.0,90.0,48.828346,85.546974,144.84685
63.0,89.0,46.260773,76.31764,151.83392
63.0,88.0,50.19941,92.71436,116.38789
63.0,87.0,52.779045,60.781193,120.23767
63.0,86.0,39.44856,47.837578,101.77129
63.0,85.0,60.08553,80.802574,123.37406
63.0,84.0,40.84835,79.08988,124.24411
63.0,83.0,56.958397,78.140495,85.55074
63.0,82.0,37.236145,76.74432,123.509125
63.0,81.0,55.780857,97.071754,99.48674
63.0,80.0,61.429726,92.647316,146.94254
63.0,79.0,55.2583,100.73625,129.04869
63.0,78.0,65.875626,95.10921,115.00425
63.0,77.0,61.211884,100.79002,139.71822
63.0,76.0,57.570328,102.0523,111.49278
63.0,75.0,47.148914,87.18436,157.04854
63.0,74.0,56.77516,98.76831,167.45187
63.0,73.0,44.86104,84.96275,107.82016
63.0,72.0,50.08821,103.46794,129.80368
64.0,165.0,82.669174,106.85217,283.89288
64.0,164.0,81.49253,123.32736,208.95372
64.0,163.0,90.38704,131.88095,220.09834
64.0,162.0,87.07565,119.28383,265.9915
64.0,161.0,86.52239,123.37593,230.56633
64.0,160.0,84.50858,126.83841,240.23466
64.0,159.0,91.477905,121.36566,196.50627
64.0,158.0,84.604515,127.06206,222.88753
64.0,157.0,78.26967,124.70721,214.66008
64.0,156.0,88.9869,113.54234,223.24129
64.0,155.0,85.19987,122.09053,254.35132
64.0,154.0,88.732,133.37688,247.69978
64.0,153.0,81.87739,128.69118,230.75362
64.0,152.0,87.8598,131.3687,226.0087
64.0,151.0,86.73904,114.26968,224.44273
64.0,150.0,88.402,120.80343,216.44402
64.0,149.0,87.61029,124.579254,204.67557
64.0,148.0,83.774994,130.60352,238.35863
64.0,147.0,80.66055,123.77278,204.27646
64.0,146.0,83.42136,116.751495,199.69656
64.0,145.0,85.86732,126.031456,245.26936
64.0,144.0,86.11665,126.564125,202.34853
64.0,143.0,84.7521,129.15933,234.50786
64.0,142.0,80.91398,117.12365,221.3332
64.0,141.0,90.128204,117.42144,209.1484
64.0,140.0,85.159355,108.74622,216.42908
64.0,139.0,87.15539,113.66459,183.41553
64.0,138.0,83.8604,120.7633,253.06862
64.0,137.0,90.63137,125.4379,220.1934
64.0,136.0,96.978645,128.9574,246.19342
64.0,135.0,70.84985,123.69911,228.89731
64.0,134.0,84.044846,125.02294,196.3428
64.0,133.0,88.85754,122.69485,215.2286
64.0,132.0,79.21974,108.864655,249.64348
64.0,131.0,79.364235,115.67486,199.98947
64.0,130.0,91.59302,124.721756,269.07294
64.0,129.0,73.683,125.26286,216.05334
64.0,128.0,76.16858,113.43684,187.67033
64.0,127.0,91.231804,102.292915,181.48567
64.0,126.0,81.16307,118.07995,198.00826
64.0,125.0,77.582924,117.48091,188.8936
64.0,124.0,79.42967,105.14383,216.95308
64.0,123.0,84.02687,123.428246,268.28238
64.0,122.0,83.96943,128.3781,239.84595
64.0,121.0,90.45093,107.706375,215.44312
64.0,120.0,75.37779,112.83062,200.8411
64.0,119.0,78.57895,104.51565,233.68236
64.0,118.0,72.77945,115.067924,212.46497
64.0,117.0,76.14941,104.90086,225.10712
64.0,116.0,72.05092,93.63407,223.30206
64.0,115.0,96.96442,120.01429,199.14224
64.0,114.0,80.6234,104.14134,191.78802
64.0,113.0,61.782883,105.59824,250.9614
64.0,112.0,78.79217,111.82289,217.41525
64.0,111.0,62.83627,94.36682,205.32266
64.0,110.0,63.54023,94.96085,228.3103
64.0,109.0,77.70063,125.6445,242.72757
64.0,108.0,77.875336,102.36262,202.86198
64.0,107.0,79.10576,118.26058,200.81834
64.0,106.0,72.483215,113.35635,233.51897
64.0,105.0,69.38434,121.43205,193.99916
64.0,104.0,66.95918,112.24375,194.32535
64.0,103.0,77.326866,111.76763,175.7706
64.0,102.0,70.56989,105.71877,187.80779
64.0,101.0,71.37682,109.42396,187.88661
64.0,100.0,68.305534,125.36584,209.97925
64.0,99.0,68.51979,118.81302,203.42195
64.0,98.0,68.76736,107.31649,215.62207
64.0,97.0,66.03746,99.1767,192.39685
64.0,96.0,59.900944,98.34477,180.97926
64.0,95.0,78.79367,86.420395,181.31416
64.0,94.0,65.23182,96.974525,199.19553
64.0,93.0,59.99081,104.01689,186.2825
64.0,92.0,69.68416,105.83875,192.09453
64.0,91.0,77.051216,114.16997,194.41492
64.0,90.0,73.512856,110.240906,167.34659
64.0,89.0,64.81923,118.636925,198.5431
64.0,88.0,61.460163,106.55545,181.63042
64.0,87.0,63.007683,104.002556,210.99355
64.0,86.0,65.45075,97.444046,173.14342
64.0,85.0,62.100132,111.783905,164.4538
64.0,84.0,67.53531,99.989784,174.40126
64.0,83.0,66.1517,103.81914,179.94727
64.0,82.0,70.486664,100.59335,204.95999
64.0,81.0,73.44447,106.63795,225.84679
64.0,80.0,79.384384,103.23793,185.56256
64.0,79.0,59.38465,100.584526,179.95393
64.0,78.0,58.357044,102.72736,181.22072
64.0,77.0,61.39999,105.39004,222.11406
64.0,76.0,71.891655,112.93591,189.82843
64.0,75.0,67.30648,118.21409,195.02248
64.0,74.0,66.3617,107.48761,192.81044
64.0,73.0,63.750893,108.379234,181.47876
64.0,72.0,66.185135,114.615005,177.35406
64.0,71.0,71.893364,109.400116,169.56836
64.0,70.0,81.936714,93.66913,207.93901
64.0,69.0,54.88599,100.119225,177.24652
64.0,68.0,66.7062,104.87725,180.52776
64.0,67.0,48.59253,93.76133,158.16135
64.0,66.0,73.52388,83.89811,151.2735
64.0,65.0,56.144947,76.29876,187.17174
64.0,64.0,54.724052,99.12122,150.1085
64.0,63.0,66.78438,98.95862,177.32475
64.0,62.0,61.661724,94.62928,153.12817
64.0,61.0,51.770046,90.48321,132.55807
64.0,60.0,68.97593,87.59194,95.9255
64.0,59.0,54.07189,85.44265,157.0181
64.0,58.0,43.538033,89.94131,134.78844
64.0,57.0,53.21831,84.37474,140.93443
64.0,56.0,60.806656,106.607086,124.923386
64.0,55.0,50.258263,78.95345,132.79271
64.0,54.0,47.567688,82.92891,125.10458
64.0,53.0,39.88153,89.39694,117.30727
64.0,52.0,42.678852,79.65326,125.53507
64.0,51.0,45.04548,83.017395,123.665245
64.0,50.0,53.109913,72.42371,126.476425
64.0,49.0,43.163734,88.64866,106.25232
64.0,48.0,65.80033,67.78584,92.445694
64.0,47.0,55.785213,71.58183,111.16871
64.0,46.0,39.356823,73.10808,121.299095
64.0,45.0,40.265778,73.64996,106.55544
64.0,44.0,60.417473,67.69689,105.450676
64.0,43.0,38.56586,62.066532,120.18678
64.0,42.0,47.292316,66.19554,107.87343
64.0,41.0,44.525867,64.61638,118.861115
64.0,40.0,53.33259,68.81427,86.47099
64.0,39.0,44.02249,76.40133,134.61745
64.0,38.0,41.35008,59.786533,116.92656
64.0,37.0,35.289883,55.962578,61.63464
64.0,36.0,30.237968,49.29476,85.54627
64.0,35.0,34.410965,44.980606,62.450138
64.0,34.0,39.047905,47.046227,55.922905
64.0,33.0,30.036198,50.987274,65.202194
64.0,32.0,32.076885,49.778008,49.035835
64.0,31.0,20.82372,40.474453,57.581127
64.0,30.0,48.581013,33.942646,61.56186
64.0,29.0,24.289303,26.498348,79.599075
64.0,28.0,28.016869,31.568672,55.10594
65.0,168.0,116.1316,169.59047,248.31683
65.0,167.0,116.47766,162.51274,225.69289
65.0,166.0,117.517685,170.64046,249.50124
65.0,165.0,120.80428,163.08076,201.8666
65.0,164.0,129.59465,164.55373,206.61743
65.0,163.0,113.524895,172.48947,193.50403
65.0,162.0,132.81732,160.43472,185.47205
65.0,161.0,112.25423,161.46988,214.79521
65.0,160.0,116.23548,159.02379,191.1836
65.0,159.0,110.0603,166.22868,200.30089
65.0,158.0,118.14074,171.44478,185.26476
65.0,157.0,118.29872,154.73085,217.99129
65.0,156.0,118.846695,158.35704,177.4786
65.0,155.0,109.589066,161.7246,222.90936
65.0,154.0,117.98781,167.67163,230.00685
65.0,153.0,116.912476,170.45943,259.1645
65.0,152.0,111.44525,170.10637,233.09767
65.0,151.0,115.8833,165.70491,225.5634
65.0,150.0,110.942566,167.05814,217.8664
65.0,149.0,106.48664,159.8849,258.7623
65.0,148.0,110.72253,159.44199,178.9268
65.0,147.0,105.651825,161.64201,204.90538
65.0,146.0,99.43653,160.44664,188.31589
65.0,145.0,134.53381,158.29424,201.55472
65.0,144.0,113.00517,157.64532,186.30894
65.0,143.0,113.1313,156.33414,205.38213
65.0,142.0,120.62584,156.65514,228.61084
65.0,141.0,122.30783,151.35938,194.2003
65.0,140.0,110.91251,148.71432,221.73837
65.0,139.0,110.96227,150.94722,226.56688
65.0,138.0,114.08631,154.62854,223.84256
65.0,137.0,111.29759,160.27863,212.67412
65.0,136.0,109.57591,156.89206,225.67027
65.0,135.0,125.61648,162.47484,180.98485
65.0,134.0,109.712425,144.2298,185.92346
65.0,133.0,100.05066,153.6165,228.37401
65.0,132.0,112.86419,153.26947,229.4659
65.0,131.0,117.6553,154.80179,212.84366
65.0,130.0,109.77221,158.24963,197.95508
65.0,129.0,96.87737,145.75279,219.94847
65.0,128.0,112.41717,135.72893,184.10915
66.0,130.0,87.600655,127.6718,189.27563
66.0,129.0,64.38701,128.5645,229.48486
66.0,128.0,58.585854,120.27575,194.58601
66.0,127.0,72.351746,119.319176,216.24658
66.0,126.0,69.17454,130.3272,224.75917
66.0,125.0,70.83129,126.819016,208.13356
66.0,124.0,68.334015,122.01973,185.17886
66.0,123.0,68.02113,103.89294,192.81403
66.0,122.0,67.594025,101.009865,184.86795
66.0,121.0,79.52786,114.95942,157.23848
66.0,120.0,85.513824,107.08169,169.05655
66.0,119.0,70.80781,103.900154,213.10762
66.0,118.0,67.260796,112.81106,172.69595
66.0,117.0,68.952194,118.919716,213.62598
66.0,116.0,81.794395,101.38174,153.60933
66.0,115.0,72.72751,83.916954,197.44124
66.0,114.0,71.10731,109.05982,162.35942
66.0,113.0,63.45239,106.90484,183.7379
66.0,112.0,65.8702,116.124,192.51147
66.0,111.0,74.65851,116.2869,193.52303
66.0,110.0,68.929474,103.90062,199.5143
66.0,109.0,74.488754,114.45767,210.07983
66.0,108.0,59.307163,118.99549,157.71175
66.0,107.0,63.7845,116.04996,198.7821
66.0,106.0,61.2314,106.31606,187.8947
66.0,105.0,61.470173,112.47148,175.35657
66.0,104.0,53.502365,117.717514,132.70047
66.0,103.0,52.591064,101.43076,182.85858
66.0,102.0,67.05167,110.493324,155.59758
66.0,101.0,56.158127,102.421646,184.17603
66.0,100.0,61.05892,105.01505,179.62834
66.0,99.0,57.53647,112.23287,218.82224
66.0,98.0,53.996025,103.36111,204.21211
66.0,97.0,59.065243,97.58967,182.20677
66.0,96.0,62.836246,125.18021,188.14104
66.0,95.0,57.825268,110.387634,150.93
66.0,94.0,55.537533,98.91465,185.52228
66.0,93.0,70.52549,108.27649,176.18225
66.0,92.0,60.057884,112.31897,165.19148
66.0,91.0,50.73518,104.44741,189.95038
66.0,90.0,54.735874,91.106636,180.61037
66.0,89.0,60.9782,98.95689,179.24844
66.0,88.0,61.839195,98.79137,136.90692
66.0,87.0,57.34693,98.73186,162.70807
66.0,86.0,84.29833,96.23504,183.46931
66.0,85.0,65.80593,94.82974,155.22945
66.0,84.0,60.23287,99.39002,143.16138
66.0,83.0,49.05246,87.285576,146.4237
66.0,82.0,63.237026,105.64186,146.23851
66.0,81.0,58.61176,100.56204,205.24014
66.0,80.0,53.432125,94.82737,135.5214
66.0,79.0,56.71867,95.72313,138.70218
66.0,78.0,55.066383,95.479454,111.991905
66.0,77.0,62.86072,88.6285,122.333466
66.0,76.0,62.052402,88.579865,121.60974
66.0,75.0,50.19666,84.685394,113.62577
66.0,74.0,57.18974,93.44311,149.70409
66.0,73.0,51.789833,73.62057,123.3663
66.0,72.0,55.135845,85.262024,104.89347
66.0,71.0,42.243145,70.13288,143.1159
66.0,70.0,50.823494,56.553577,99.846214
66.0,69.0,84.40853,70.005844,105.74332
66.0,68.0,72.02892,67.368225,109.53265
66.0,67.0,54.572388,62.87873,118.4176
66.0,66.0,44.22649,66.13539,80.019646
66.0,65.0,51.699993,60.04814,98.35764
66.0,64.0,59.205757,83.16912,124.40698
66.0,63.0,55.977276,78.40153,111.856415
66.0,62.0,54.65228,76.05542,117.271034
66.0,61.0,50.837498,71.81834,121.87321
66.0,60.0,48.51481,71.41844,112.51105
66.0,59.0,52.3102,66.85665,99.114494
66.0,58.0,46.068863,63.614914,114.38171
66.0,57.0,41.970997,55.034,86.82509
66.0,56.0,47.09944,57.5113,107.15665
66.0,55.0,72.80838,64.55156,81.730934
66.0,54.0,49.972023,53.102734,104.45621
66.0,53.0,48.90335,59.225067,92.40915
66.0,52.0,39.17356,61.81509,101.51052
66.0,51.0,51.215286,63.965775,89.21914
66.0,50.0,43.36315,56.9747,77.87553
66.0,49.0,34.270206,58.894436,108.85001
66.0,48.0,43.80567,67.55387,83.74523
66.0,47.0,43.030567,54.35582,84.86123
66.0,46.0,30.400324,58.406757,74.797516
66.0,45.0,30.176441,49.41402,77.7174
66.0,44.0,45.350067,51.40267,64.133575
66.0,43.0,36.27453,50.082996,65.82514
66.0,42.0,30.186718,42.26376,61.301273
66.0,41.0,32.199886,40.444237,58.530636
66.0,40.0,33.682156,46.937428,52.27729
66.0,39.0,35.452248,44.590717,56.31672
66.0,38.0,28.539604,33.064644,58.648964
66.0,37.0,74.00975,43.259235,38.285748
66.0,36.0,30.159117,39.87085,45.63176
66.0,35.0,29.888792,45.48486,58.239513
66.0,34.0,29.884752,42.441814,53.48628
66.0,33.0,27.28963,32.97022,32.004967
66.0,32.0,33.946083,36.862278,46.818974
66.0,31.0,28.491446,36.96199,40.97882
66.0,30.0,27.508518,33.144436,38.190163
66.0,29.0,21.658089,31.602325,43.421833
66.0,28.0,27.024893,32.91715,39.144585
66.0,27.0,31.418282,34.018513,40.187664
66.0,26.0,26.96379,30.400446,33.386852
66.0,25.0,29.036701,34.898838,41.36417
66.0,24.0,27.022291,26.85858,47.333252
66.0,23.0,24.054068,24.91093,33.286057
66.0,22.0,19.976494,20.794098,36.65872
66.0,21.0,11.885367,21.990797,37.67487
66.0,20.0,22.7983,18.969921,34.933056
66.0,19.0,29.410482,25.911007,35.47731
66.0,18.0,18.524136,34.305645,25.340515
66.0,17.0,16.340128,27.700811,30.196163
66.0,16.0,14.121197,27.069117,22.949263
66.0,15.0,12.847196,19.182137,31.81045
66.0,14.0,11.255781,18.93787,30.275566
67.0,117.0,105.35656,113.1079,213.5463
67.0,116.0,95.08218,113.67192,242.03546
67.0,115.0,85.85705,127.51105,237.07648
67.0,114.0,81.98312,120.490395,199.39487
67.0,113.0,91.19532,128.57191,222.37192
67.0,112.0,85.80894,129.69379,221.2996
67.0,111.0,110.81414,133.78111,231.39182
67.0,110.0,96.14412,120.14763,202.69965
67.0,109.0,76.359116,115.48638,219.62871
67.0,108.0,70.658226,116.65074,207.72552
67.0,107.0,79.60557,114.05289,191.23082
67.0,106.0,76.941414,106.2481,218.04301
67.0,105.0,81.06501,106.869125,224.60858
67.0,104.0,75.08775,114.942314,225.75684
67.0,103.0,87.484665,114.03062,205.95734
67.0,102.0,67.5598,109.267456,234.81004
67.0,101.0,73.80655,107.84292,240.65555
67.0,100.0,66.953735,115.417366,218.84456
67.0,99.0,69.945175,107.12123,210.98177
67.0,98.0,74.603806,111.309296,229.24748
67.0,97.0,100.48344,116.19301,236.80696
67.0,96.0,89.93219,121.70627,253.78668
67.0,95.0,81.914375,138.78944,221.27489
67.0,94.0,94.59862,133.48524,219.72452
67.0,93.0,82.245,122.44475,207.50153
67.0,92.0,81.050644,126.7214,258.0058
67.0,91.0,84.44874,124.674934,213.90027
67.0,90.0,77.70965,119.164955,229.60268
67.0,89.0,87.52808,120.630844,224.5938
67.0,88.0,75.94605,110.52061,235.0515
67.0,87.0,62.178783,108.30046,179.3617
67.0,86.0,76.09745,99.85602,241.21815
67.0,85.0,75.79859,109.36059,213.30106
67.0,84.0,83.99118,115.664856,225.39978
67.0,83.0,78.99779,106.957466,213.46199
67.0,82.0,80.099724,123.10428,219.3371
67.0,81.0,82.47422,131.31583,220.97871
67.0,80.0,81.150116,123.26702,205.0838
67.0,79.0,85.703896,119.458336,213.90283
67.0,78.0,80.40475,111.64441,247.64584
67.0,77.0,76.89399,109.29557,264.17685
68.0,164.0,80.17753,148.03212,284.71335
68.0,163.0,95.63772,137.01874,219.93071
68.0,162.0,86.49024,134.04619,228.35269
68.0,161.0,91.50885,140.08388,230.75308
68.0,160.0,93.314255,135.7816,250.68788
68.0,159.0,87.92227,120.74478,239.07587
68.0,158.0,90.446686,120.359505,227.71545
68.0,157.0,94.099884,128.81813,245.29556
68.0,156.0,87.41009,136.10951,261.08502
68.0,155.0,102.052864,135.94235,239.31073
68.0,154.0,92.55708,131.0759,267.81876
68.0,153.0,93.151764,128.28534,219.34966
68.0,152.0,103.645515,139.40985,269.95065
68.0,151.0,94.461395,131.41245,218.06746
68.0,150.0,112.35631,150.34648,288.61353
68.0,149.0,111.86964,149.57576,276.96228
68.0,148.0,90.07463,130.04785,261.82657
68.0,147.0,84.59058,133.15176,243.20421
68.0,146.0,92.06234,131.7686,235.2504
68.0,145.0,95.95594,133.20882,212.57317
68.0,144.0,95.18947,144.20302,244.03294
68.0,143.0,88.98094,149.955,287.49692
68.0,142.0,95.370415,134.7514,232.04819
68.0,141.0,95.6775,133.14136,242.21666
68.0,140.0,109.20329,139.61423,210.0632
68.0,139.0,96.30254,142.17935,247.31566
68.0,138.0,96.28827,128.66856,225.91322
68.0,137.0,90.08154,140.71057,245.51167
68.0,136.0,85.651695,131.74841,276.12442
68.0,135.0,86.29587,135.69476,215.0833
68.0,134.0,91.8096,119.17134,204.4888
68.0,133.0,92.38435,120.28392,229.96034
68.0,132.0,79.86033,112.17233,247.96547
68.0,131.0,101.466,104.69143,225.48006
68.0,130.0,76.81487,109.02399,235.19315
68.0,129.0,86.576706,115.06153,231.83514
68.0,128.0,87.86555,113.10205,230.8288
68.0,127.0,77.06975,112.00513,243.23845
68.0,126.0,90.19563,116.25124,245.75896
68.0,125.0,78.764755,115.37932,219.07213
68.0,124.0,68.807846,101.67254,183.52538
68.0,123.0,79.41891,103.98236,224.09995
68.0,122.0,65.55178,85.232864,211.3185
68.0,121.0,87.59159,113.21928,208.56448
68.0,120.0,72.45372,117.20707,241.4855
68.0,119.0,74.52465,115.9273,204.6507
68.0,118.0,92.60963,114.01431,201.1027
68.0,117.0,87.73701,110.73184,200.01413
68.0,116.0,88.9324,116.139244,212.4258
68.0,115.0,83.25178,120.88267,207.24838
68.0,114.0,86.11015,120.99507,239.83087
68.0,113.0,91.48732,112.09724,229.29651
68.0,112.0,77.00424,112.59476,231.9312
68.0,111.0,79.58098,117.97942,241.4082
68.0,110.0,72.872055,107.49233,217.75258
68.0,109.0,81.44058,113.24225,203.04024
68.0,108.0,76.20815,115.1848,209.93893
68.0,107.0,83.527725,105.31825,226.3441
68.0,106.0,81.404366,129.35886,234.68059
68.0,105.0,103.46429,126.19262,250.23148
68.0,104.0,78.85923,133.09454,196.1877
68.0,103.0,97.98003,128.34067,240.71394
68.0,102.0,72.60748,121.488884,172.84602
68.0,101.0,78.29933,143.68518,227.6349
68.0,100.0,83.10807,121.587875,205.97403
68.0,99.0,81.51676,120.23409,203.38376
68.0,98.0,72.27673,127.223236,252.45087
68.0,97.0,88.039795,118.18659,190.06297
68.0,96.0,72.28171,119.06894,203.18202
68.0,95.0,77.38225,116.40194,192.70576
68.0,94.0,91.67028,115.57744,206.09486
68.0,93.0,68.1908,100.369576,180.31573
68.0,92.0,59.621307,100.6335,208.86641
68.0,91.0,62.07569,94.75828,212.56526
68.0,90.0,63.106888,109.08032,198.91553
68.0,89.0,66.90719,109.70233,185.21806
68.0,88.0,60.529587,117.802444,218.1826
68.0,87.0,65.15707,106.26407,194.32773
68.0,86.0,66.81941,91.945404,191.96094
68.0,85.0,69.40242,106.01831,215.00401
68.0,84.0,80.63863,106.70343,156.44136
68.0,83.0,79.24653,106.90546,172.2723
68.0,82.0,74.03704,95.10036,211.18436
68.0,81.0,54.995586,96.917046,206.43839
68.0,80.0,71.47895,104.44118,198.6182
68.0,79.0,70.26018,100.156815,189.44397
68.0,78.0,68.38963,103.29632,187.26923
68.0,77.0,73.6057,119.64742,215.26581
68.0,76.0,72.438354,112.1965,167.45546
68.0,75.0,57.63827,95.66961,181.23224
68.0,74.0,59.299637,91.879326,201.3831
68.0,73.0,65.46884,87.42947,154.62529
68.0,72.0,57.93353,91.05949,165.5462
68.0,71.0,76.06914,102.33267,168.41524
68.0,70.0,62.10336,97.7072,184.55324
68.0,69.0,69.9296,90.26356,159.0132
68.0,68.0,58.946384,94.28481,150.88815
68.0,67.0,52.492565,100.51187,172.79355
68.0,66.0,58.6676,95.8626,146.79285
68.0,65.0,58.49456,91.88708,138.96106
68.0,64.0,56.582073,85.046425,135.95782
68.0,63.0,65.909294,90.42597,134.12285
68.0,62.0,46.516113,77.35816,120.36784
68.0,61.0,45.995323,89.50749,146.28432
68.0,60.0,57.602375,87.90042,127.86392
68.0,59.0,53.43917,73.184845,150.07114
68.0,58.0,71.91667,83.04042,129.73341
68.0,57.0,43.388107,77.63174,146.76797
68.0,56.0,43.564823,68.74747,145.85594
68.0,55.0,49.038048,86.1352,133.5868
68.0,54.0,54.862873,79.56631,117.273155
68.0,53.0,88.813034,77.69241,131.19899
68.0,52.0,52.901524,83.528046,153.19922
68.0,51.0,55.706463,89.9672,166.53674
68.0,50.0,60.148216,76.64031,139.94142
68.0,49.0,49.554268,73.37955,123.04596
68.0,48.0,47.38198,83.03557,124.690765
68.0,47.0,43.361305,78.415726,116.75292
68.0,46.0,52.578564,75.29989,99.95959
68.0,45.0,43.621895,68.779305,112.06745
68.0,44.0,46.807648,79.93071,115.669266
68.0,43.0,45.402683,74.50074,115.22507
68.0,42.0,49.69096,77.69733,101.12166
68.0,41.0,42.97196,73.6978,92.513275
68.0,40.0,47.045086,63.402874,101.94157
68.0,39.0,54.5313,64.701706,105.11944
68.0,38.0,44.592495,68.51323,107.81151
68.0,37.0,42.710354,60.75277,78.20306
68.0,36.0,46.019665,53.182014,77.04442
68.0,35.0,36.378532,66.47364,86.805305
68.0,34.0,39.025856,53.510365,71.618965
68.0,33.0,35.29422,50.699814,92.29391
68.0,32.0,24.59266,43.52366,69.08542
68.0,31.0,36.428158,44.78166,64.45787
68.0,30.0,24.438246,34.028183,52.359898
68.0,29.0,22.578562,37.309883,64.11656
68.0,28.0,36.020103,40.519035,44.33539
68.0,27.0,29.855433,47.05149,47.5904
68.0,26.0,23.466324,41.244873,83.05999
68.0,25.0,30.26329,34.859753,55.27565
68.0,24.0,21.089788,47.256058,64.01983
68.0,23.0,27.29581,29.738722,38.177902
68.0,22.0,23.110647,29.680439,60.308865
68.0,21.0,16.683577,26.07241,36.722748
68.0,20.0,9.921536,24.694477,42.049477
68.0,19.0,18.919378,14.189789,33.06008
68.0,18.0,11.077927,24.51933,28.958727
68.0,17.0,15.204457,16.219282,33.818096
68.0,16.0,12.60044,18.66487,32.39335
68.0,15.0,9.907977,17.236736,26.198181
68.0,14.0,18.069056,13.48136,22.278263
68.0,13.0,11.6599245,13.8481655,21.891531
68.0,12.0,11.278475,14.859535,22.417315
68.0,11.0,12.035699,12.83694,19.927076
68.0,10.0,15.099889,12.297356,21.578936
68.0,9.0,5.600166,12.750615,18.698587
68.0,8.0,1.8151128,10.874952,23.704563
69.0,144.0,83.61966,133.86409,203.23552
69.0,143.0,91.38818,133.53088,200.92253
69.0,142.0,88.18217,132.81993,182.31819
69.0,141.0,90.505135,132.10391,267.42722
69.0,140.0,87.411095,136.84618,206.07782
69.0,139.0,86.94016,127.9929,173.51845
69.0,138.0,78.47962,119.63946,202.5582
69.0,137.0,91.883575,137.41333,248.72203
69.0,136.0,86.20266,146.22064,225.38153
69.0,135.0,94.59991,137.05145,203.42725
69.0,134.0,84.49263,129.42926,218.19583
69.0,133.0,85.97283,132.15062,197.06335
69.0,132.0,80.41543,143.66928,223.37321
69.0,131.0,80.016426,137.12358,207.6051
69.0,130.0,101.30637,153.22423,187.6106
69.0,129.0,94.14089,138.29416,217.32921
69.0,128.0,88.87034,141.58156,192.0528
69.0,127.0,85.27634,139.3036,219.4547
69.0,126.0,90.39855,137.0045,189.6239
69.0,125.0,84.68209,141.89711,191.29507
69.0,124.0,88.4728,139.59785,184.90724
69.0,123.0,79.31277,137.23584,194.17387
69.0,122.0,74.74268,136.10925,226.76456
69.0,121.0,83.96453,129.81532,167.41382
70.0,215.0,103.415794,133.36993,214.00523
70.0,214.0,73.87095,132.82811,183.54494
70.0,213.0,91.11069,137.41063,220.91638
70.0,212.0,90.48939,142.37631,178.03554
70.0,211.0,94.54263,135.75787,202.29936
70.0,210.0,92.57934,155.60109,170.69025
70.0,209.0,92.0316,157.54027,207.2507
70.0,208.0,90.27368,149.8191,214.76118
70.0,207.0,112.03946,150.45457,237.28156
70.0,206.0,100.36415,154.79599,223.88176
70.0,205.0,81.33901,134.3733,215.55144
70.0,204.0,88.472725,133.59833,218.16753
70.0,203.0,83.899445,146.41502,218.76018
70.0,202.0,96.139084,141.3814,215.74872
70.0,201.0,92.11326,147.44801,193.8936
70.0,200.0,93.64907,146.02242,199.87454
70.0,199.0,84.40411,137.60872,188.37543
70.0,198.0,93.07382,136.1084,207.90285
70.0,197.0,90.9349,136.70404,190.07559
70.0,196.0,84.35973,137.90974,275.0988
70.0,195.0,78.45153,137.60112,176.51144
70.0,194.0,75.022095,126.91855,230.25835
70.0,193.0,90.19663,138.16377,219.55711
70.0,192.0,91.481026,142.36139,229.60602
70.0,191.0,89.731895,145.58722,229.67276
70.0,190.0,87.78051,133.64392,201.031
70.0,189.0,89.69162,139.30968,191.58539
70.0,188.0,87.00476,129.85245,197.041
70.0,187.0,93.64911,133.79118,230.7955
70.0,186.0,85.07066,128.6881,202.77492
70.0,185.0,77.07191,125.592445,221.96451
70.0,184.0,90.67055,119.48187,219.86467
70.0,183.0,71.56229,114.886185,192.90714
70.0,182.0,72.82711,102.5504,172.01413
70.0,181.0,71.73462,98.51159,212.07625
70.0,180.0,82.302444,111.908066,197.8949
70.0,179.0,76.51826,124.62063,223.84494
70.0,178.0,81.3774,120.7204,192.72388
70.0,177.0,80.20747,125.29855,218.40817
70.0,176.0,85.988525,126.23456,215.8773
70.0,175.0,86.62321,126.46397,186.45137
70.0,174.0,93.20006,124.45861,191.4659
70.0,173.0,83.84385,131.23312,207.70879
70.0,172.0,77.29682,141.44989,221.5009
70.0,171.0,83.7727,117.38073,190.38062
70.0,170.0,72.984505,110.97101,201.84138
70.0,169.0,78.5498,120.39978,222.36453
70.0,168.0,70.86833,127.720474,193.56459
70.0,167.0,82.85339,139.12816,226.2828
70.0,166.0,85.00187,125.827835,195.5728
70.0,165.0,66.908134,136.31415,204.1197
70.0,164.0,76.27306,114.23865,174.61928
70.0,163.0,79.269424,118.74451,154.43413
70.0,162.0,98.600815,136.84605,208.5722
70.0,161.0,93.41561,149.28609,202.67076
70.0,160.0,61.486652,129.98122,197.68404
70.0,159.0,70.202995,108.27683,136.37367
70.0,158.0,72.24417,122.39191,203.92339
70.0,157.0,72.25971,120.92039,215.38145
70.0,156.0,86.64112,142.2127,248.34346
70.0,155.0,77.785805,133.8027,165.85924
70.0,154.0,89.28367,144.93379,220.17206
70.0,153.0,88.65124,125.82993,195.51869
70.0,152.0,88.130066,131.31967,197.76929
70.0,151.0,78.62552,144.48366,209.1588
70.0,150.0,87.34639,125.4906,235.4572
70.0,149.0,81.981,132.12862,208.68724
70.0,148.0,74.52239,120.74829,183.20404
70.0,147.0,86.11456,129.60144,165.14938
70.0,146.0,79.65791,125.23005,202.85657
70.0,145.0,78.36395,132.0831,186.04161
70.0,144.0,82.84391,129.8395,173.42674
70.0,143.0,81.19229,134.43907,223.75278
70.0,142.0,79.1152,139.83049,217.58562
70.0,141.0,84.488846,138.33893,234.58406
70.0,140.0,106.07425,131.30963,179.68747
70.0,139.0,80.24314,119.06036,193.4962
70.0,138.0,79.433136,119.16816,205.69684
70.0,137.0,79.69158,127.70669,236.1715
70.0,136.0,73.60149,116.20198,200.55408
70.0,135.0,63.27392,108.549675,184.16183
70.0,134.0,76.693954,104.001205,143.56772
70.0,133.0,64.965866,108.57924,176.25243
70.0,132.0,69.24668,117.79877,160.67865
70.0,131.0,73.9787,117.903404,167.95187
70.0,130.0,76.86025,107.05295,186.75569
70.0,129.0,75.448235,121.66525,178.58484
70.0,128.0,74.80428,113.77739,179.88962
70.0,127.0,73.14458,125.0439,197.48537
70.0,126.0,67.04415,118.91451,182.7413
70.0,125.0,67.51006,128.01784,196.74388
70.0,124.0,63.83547,122.25515,182.56013
70.0,123.0,69.49199,107.46445,164.4011
70.0,122.0,66.4806,125.85178,181.63872
70.0,121.0,58.147697,107.48342,167.74583
70.0,120.0,88.40094,116.65906,158.4405
70.0,119.0,75.33938,118.35727,167.40884
70.0,118.0,72.72382,116.69157,163.37239
70.0,117.0,81.22886,123.2064,171.18707
70.0,116.0,75.52756,126.949,182.56857
70.0,115.0,71.92234,115.91043,185.17145
70.0,114.0,65.07162,105.29718,189.02115
70.0,113.0,93.48214,108.335106,158.05463
70.0,112.0,92.08991,115.57834,196.55174
70.0,111.0,71.47185,111.15853,130.05771
70.0,110.0,78.916016,107.63856,209.56316
70.0,109.0,70.35008,101.20112,139.93933
70.0,108.0,64.925255,113.598976,147.71805
70.0,107.0,68.27188,121.6757,198.03578
70.0,106.0,56.366837,115.70201,192.88649
70.0,105.0,59.82185,99.32055,153.83273
70.0,104.0,55.838108,100.4264,164.43956
70.0,103.0,59.699177,103.000946,144.32726
70.0,102.0,55.71913,88.760056,153.21925
70.0,101.0,55.9555,85.42275,136.13268
70.0,100.0,62.3907,98.56257,167.72543
70.0,99.0,59.032246,102.3064,153.87106
70.0,98.0,67.31296,128.56815,173.44772
70.0,97.0,65.048386,115.53547,206.69844
70.0,96.0,75.99571,115.49991,178.60529
70.0,95.0,62.837685,110.75658,177.5996
70.0,94.0,60.204742,107.558754,181.25645
71.0,155.0,92.495766,122.15879,207.88792
71.0,154.0,95.1518,134.02164,204.1673
71.0,153.0,81.445145,121.68422,163.62737
71.0,152.0,94.682884,134.06337,202.8565
71.0,151.0,96.94157,114.25398,169.96584
71.0,150.0,91.33479,120.134026,182.13635
71.0,149.0,85.68895,113.26353,200.56343
71.0,148.0,86.92993,120.93162,203.92862
71.0,147.0,87.098854,116.96127,170.70406
71.0,146.0,95.71584,127.79817,217.39697
71.0,145.0,96.09201,109.47553,200.30363
71.0,144.0,95.629654,127.49262,183.40671
71.0,143.0,94.274055,128.25557,212.22856
71.0,142.0,91.85058,122.27032,200.94766
71.0,141.0,85.27027,119.22509,233.1915
71.0,140.0,83.59379,126.14692,183.77295
71.0,139.0,105.588684,129.07872,209.65025
71.0,138.0,93.14043,121.96806,219.83282
71.0,137.0,100.9986,133.11401,194.68997
71.0,136.0,87.29021,117.13501,198.62047
71.0,135.0,90.70298,112.06254,210.53003
71.0,134.0,81.552864,119.16877,188.49924
71.0,133.0,88.50677,120.75214,164.49263
71.0,132.0,78.87342,115.234955,184.09328
71.0,131.0,78.77733,112.054955,185.9191
71.0,130.0,79.689445,96.2879,197.63411
71.0,129.0,105.97633,114.48604,156.89279
71.0,128.0,82.92255,111.91692,247.5945
71.0,127.0,87.89102,128.50397,213.6643
71.0,126.0,84.28252,117.58861,196.27432
71.0,125.0,84.86443,111.100006,189.1232
71.0,124.0,96.695984,116.22872,208.9129
71.0,123.0,99.03333,117.282166,170.51462
71.0,122.0,79.172226,112.75721,193.43646
71.0,121.0,84.74817,114.93933,164.25136
71.0,120.0,85.92216,108.13467,176.76524
71.0,119.0,87.100365,119.19547,178.05476
71.0,118.0,82.31245,99.03451,177.25085
72.0,150.0,91.56897,135.5328,196.7293
72.0,149.0,90.76117,129.6933,204.2763
72.0,148.0,99.48219,133.06158,219.79047
72.0,147.0,105.180504,140.12968,205.62881
72.0,146.0,101.93876,128.38506,203.09438
72.0,145.0,95.68893,124.38672,217.35849
72.0,144.0,96.23887,123.61515,236.21355
72.0,143.0,86.72637,114.18178,206.62392
72.0,142.0,81.180466,131.36197,184.24031
72.0,141.0,108.42794,124.80765,252.32599
72.0,140.0,90.03594,122.00719,168.20906
72.0,139.0,91.929596,126.24854,200.48534
72.0,138.0,88.31153,119.83235,214.81934
72.0,137.0,101.06443,129.56082,204.05908
72.0,136.0,87.74764,112.456985,245.92656
72.0,135.0,113.491005,124.482155,216.10164
72.0,134.0,85.24017,111.477196,212.61354
72.0,133.0,90.14237,117.50381,220.63809
72.0,132.0,87.22471,129.86081,250.1932
72.0,131.0,98.785225,109.050446,217.97543
72.0,130.0,95.58314,129.7911,213.98933
72.0,129.0,91.54153,122.00372,208.14665
72.0,128.0,81.61316,115.4571,210.6843
72.0,127.0,91.48655,128.52534,215.35126
72.0,126.0,82.57031,119.30834,204.67516
72.0,125.0,92.74105,120.7706,201.13065
72.0,124.0,90.98103,109.504745,219.5285
72.0,123.0,72.58382,110.72717,201.18666
72.0,122.0,92.52564,108.1188,215.40372
72.0,121.0,108.51278,117.58939,212.72525
72.0,120.0,81.21097,125.77341,215.50948
72.0,119.0,81.30226,123.33688,216.68369
72.0,118.0,72.37549,106.15134,244.94939
72.0,117.0,80.60486,115.268776,203.4395
72.0,116.0,87.9491,123.58739,217.7568
72.0,115.0,95.814606,106.058716,215.13351
72.0,114.0,79.16711,116.098915,210.506
72.0,113.0,90.99373,120.8962,203.89694
72.0,112.0,82.29543,109.37685,226.5459
72.0,111.0,89.814545,117.2125,224.73221
72.0,110.0,80.52745,111.70416,216.23161
72.0,109.0,72.151695,119.55515,198.9022
72.0,108.0,80.04866,119.04293,233.4012
72.0,107.0,81.20661,107.785706,236.5802
72.0,106.0,85.92004,109.38238,269.4283
72.0,105.0,71.91747,107.142265,219.29471
72.0,104.0,73.93052,115.70958,216.38414
72.0,103.0,70.63547,103.74293,177.36032
72.0,102.0,71.64477,110.72047,189.16576
72.0,101.0,89.58754,114.51216,203.25566
72.0,100.0,86.74311,120.25323,230.27151
72.0,99.0,98.122635,121.29875,207.88313
72.0,98.0,79.96247,122.72289,209.55627
72.0,97.0,104.56971,119.51382,204.0948
72.0,96.0,74.6713,122.47163,203.49834
72.0,95.0,87.78512,125.25781,221.55318
72.0,94.0,81.18115,115.30382,212.09978
72.0,93.0,75.52297,109.977264,207.31375
72.0,92.0,75.2158,113.52155,201.04256
72.0,91.0,83.76835,112.40744,196.11421
72.0,90.0,80.61441,102.64263,187.4408
72.0,89.0,63.7401,109.81285,179.27289
72.0,88.0,75.85702,101.68842,191.29707
72.0,87.0,66.60813,93.94881,182.92287
72.0,86.0,74.156204,112.06919,196.52615
72.0,85.0,68.31935,108.52908,190.03653
72.0,84.0,67.333,115.159035,177.82059
72.0,83.0,68.714264,101.99317,222.8402
72.0,82.0,70.27233,105.78324,237.33379
72.0,81.0,77.9032,105.03834,225.5466
72.0,80.0,65.003456,99.838196,208.70851
72.0,79.0,80.1007,101.498795,215.17711
72.0,78.0,76.12463,98.93727,166.36371
72.0,77.0,66.85511,98.892204,202.74309
72.0,76.0,63.82927,86.91323,155.43414
72.0,75.0,65.4317,88.95367,172.04022
72.0,74.0,59.999687,95.70678,179.5432
72.0,73.0,75.79463,91.08071,134.89345
72.0,72.0,57.656414,97.56511,156.75671
72.0,71.0,73.87738,101.88513,189.21278
72.0,70.0,63.045715,110.95044,197.1544
72.0,69.0,59.676888,116.202385,177.2128
72.0,68.0,57.624012,100.8196,160.48988
72.0,67.0,61.39936,89.330475,154.26929
72.0,66.0,58.2935,106.586174,164.34912
72.0,65.0,63.75425,97.031425,159.47556
72.0,64.0,63.815018,99.0375,161.04112
72.0,63.0,60.6435,80.80744,142.33258
72.0,62.0,60.709557,89.49007,180.74751
72.0,61.0,53.336308,90.28145,152.46645
72.0,60.0,59.23278,89.39965,161.00812
72.0,59.0,62.010925,87.20553,158.85498
72.0,58.0,56.78825,87.9597,137.065
72.0,57.0,54.140453,92.646225,151.41997
72.0,56.0,63.753033,87.43753,162.25574
72.0,55.0,50.496883,94.45428,171.40506
72.0,54.0,58.96134,87.02669,142.71928
72.0,53.0,55.185516,84.316734,143.1727
72.0,52.0,50.8905,84.84412,141.63643
72.0,51.0,61.165554,88.295395,133.81882
72.0,50.0,58.478306,77.88023,113.753105
73.0,212.0,106.807625,155.2451,227.08015
73.0,211.0,103.200516,161.86272,207.72212
73.0,210.0,115.37295,166.8749,217.11473
73.0,209.0,96.44773,162.89969,231.11967
73.0,208.0,110.751274,158.63765,242.81076
73.0,207.0,110.66086,165.36768,243.37581
73.0,206.0,104.941376,155.08466,242.2756
73.0,205.0,117.07229,172.25429,250.04411
73.0,204.0,107.569496,174.6525,232.43343
73.0,203.0,166.62718,172.6589,227.99695
73.0,202.0,113.91221,152.55626,248.31581
73.0,201.0,141.83578,170.36784,208.79391
73.0,200.0,113.11187,173.49747,220.59691
73.0,199.0,107.9619,159.89305,237.85449
73.0,198.0,113.74527,157.95213,211.39722
73.0,197.0,106.94461,168.44707,247.43152
73.0,196.0,107.676384,176.74289,257.56042
73.0,195.0,107.326965,177.61844,251.88719
73.0,194.0,98.27889,165.61122,233.09854
73.0,193.0,110.25888,170.9565,254.1624
73.0,192.0,108.352,159.75711,233.87941
73.0,191.0,103.860695,150.54616,256.30112
73.0,190.0,113.407715,171.19247,290.00076
73.0,189.0,98.97676,164.69643,211.54396
73.0,188.0,105.301445,160.67722,251.3071
73.0,187.0,102.17934,150.34541,231.37233
73.0,186.0,106.14209,155.28656,244.59712
73.0,185.0,87.646255,164.97992,252.41338
73.0,184.0,118.057945,161.21892,264.79605
73.0,183.0,106.3081,156.18945,249.6634
73.0,182.0,113.51437,157.71603,202.63751
73.0,181.0,106.74734,155.8385,241.7616
73.0,180.0,92.19574,159.96935,198.51306
73.0,179.0,108.56635,161.82086,231.27322
73.0,178.0,113.81108,146.17166,240.64703
73.0,177.0,103.00671,155.64293,278.3995
73.0,176.0,108.57723,163.5444,253.66273
73.0,175.0,104.74053,162.41437,261.62723
73.0,174.0,101.546104,162.84808,207.29208
73.0,173.0,103.8075,167.07582,268.90744
73.0,172.0,108.28174,157.8538,236.69061
73.0,171.0,113.51853,178.78674,210.0503
73.0,170.0,118.69891,166.12584,237.2273
73.0,169.0,113.561646,178.72737,261.23544
73.0,168.0,118.08827,168.36371,252.66739
73.0,167.0,122.67624,164.64786,234.47507
73.0,166.0,114.17783,163.80249,270.17764
73.0,165.0,107.50546,154.1069,272.48602
73.0,164.0,130.24344,155.64046,261.3672
73.0,163.0,100.20679,147.17238,200.21013
73.0,162.0,95.16279,140.00479,231.91736
73.0,161.0,99.73334,146.90797,212.40332
73.0,160.0,87.98413,132.13864,237.69196
73.0,159.0,90.40336,141.50409,258.68335
73.0,158.0,88.43472,135.89288,212.42384
73.0,157.0,98.482796,144.6173,234.7826
73.0,156.0,98.58946,140.78183,205.81424
73.0,155.0,100.99093,137.07034,222.83871
73.0,154.0,93.71115,139.93602,230.68259
73.0,153.0,109.31171,126.98864,230.06432
73.0,152.0,103.76352,139.62646,270.13437
73.0,151.0,101.95302,140.8157,196.92334
73.0,150.0,99.16162,154.28795,244.31915
73.0,149.0,102.01516,134.35768,241.38318
73.0,148.0,100.2969,128.20193,267.35535
73.0,147.0,108.336876,125.42091,228.08952
73.0,146.0,88.506996,124.14985,230.7492
73.0,145.0,100.32585,137.29855,251.96745
73.0,144.0,90.85024,119.299576,233.42831
73.0,143.0,88.17549,116.53939,235.31642
73.0,142.0,78.40517,121.528175,181.25182
73.0,141.0,88.28835,121.307396,233.7901
73.0,140.0,95.18233,128.89673,185.77025
73.0,139.0,99.85282,131.53316,221.59447
73.0,138.0,95.64469,146.35591,231.67683
73.0,137.0,102.2611,153.31998,230.70818
73.0,136.0,92.00065,131.32265,223.69614
73.0,135.0,98.80159,133.88602,235.24902
73.0,134.0,88.4257,124.15458,241.1235
73.0,133.0,93.09849,116.82451,217.94183
73.0,132.0,82.71102,116.02494,197.06253
73.0,131.0,84.9442,113.88773,211.73953
74.0,232.0,87.78834,124.58689,210.00014
74.0,231.0,58.917946,118.01585,223.2746
74.0,230.0,63.98123,112.6436,234.2558
74.0,229.0,88.06468,107.89552,219.77885
74.0,228.0,68.7764,119.52929,235.55249
74.0,227.0,75.976616,135.631,201.72617
74.0,226.0,74.810745,127.28536,220.88956
74.0,225.0,73.59974,130.8517,228.62292
74.0,224.0,67.84705,122.56982,229.84764
74.0,223.0,66.15964,112.69773,193.15993
74.0,222.0,69.77936,121.86863,180.6508
74.0,221.0,63.246815,119.03822,257.70798
74.0,220.0,74.41779,127.391495,208.88454
74.0,219.0,73.75137,118.98419,257.04794
74.0,218.0,77.68584,125.67733,267.72745
74.0,217.0,78.79801,114.56621,224.36327
74.0,216.0,80.689095,127.46886,214.76196
74.0,215.0,71.345245,129.77094,242.04543
74.0,214.0,80.8953,118.12978,255.04112
74.0,213.0,64.34141,109.54306,169.78488
74.0,212.0,68.43741,127.99973,217.71489
74.0,211.0,68.90366,121.55409,224.53107
74.0,210.0,73.04913,122.5208,239.06148
74.0,209.0,71.12767,116.87899,280.7364
74.0,208.0,77.53456,117.55066,198.08174
74.0,207.0,73.90487,117.82343,208.76263
74.0,206.0,68.44689,124.362686,199.86127
74.0,205.0,70.58784,106.791214,204.95486
74.0,204.0,72.02027,117.81096,199.12558
74.0,203.0,80.348206,123.193855,193.216
74.0,202.0,82.55693,131.3358,191.65575
74.0,201.0,72.34978,116.95976,207.78998
74.0,200.0,71.76747,115.46572,226.51266
74.0,199.0,63.769608,112.53965,217.01385
74.0,198.0,63.388454,120.91435,174.29376
74.0,197.0,69.54782,115.68151,219.06216
74.0,196.0,75.02322,124.65025,201.13084
74.0,195.0,74.77754,128.919,250.67422
74.0,194.0,74.17638,123.017914,221.32361
74.0,193.0,68.44596,111.539055,218.10255
74.0,192.0,63.237198,96.05574,188.16026
74.0,191.0,59.767284,115.21372,207.2857
74.0,190.0,76.686745,108.66817,231.18909
74.0,189.0,73.58376,113.52998,214.0433
74.0,188.0,73.20558,128.8792,195.41922
74.0,187.0,69.13914,121.00138,244.47125
74.0,186.0,65.86084,129.41423,187.20792
74.0,185.0,73.56202,119.94319,177.03845
74.0,184.0,75.80345,117.09371,244.46854
74.0,183.0,70.10857,119.51228,200.24654
74.0,182.0,65.64706,112.58433,201.8701
74.0,181.0,67.154305,108.78202,174.25204
74.0,180.0,67.17135,107.691124,179.7796
74.0,179.0,57.46423,115.192245,181.687
74.0,178.0,67.822395,116.55618,197.68361
74.0,177.0,68.61145,106.9197,182.87074
74.0,176.0,84.76635,98.3627,190.36945
74.0,175.0,61.44503,107.61117,202.68095
74.0,174.0,78.52788,116.31066,210.8513
74.0,173.0,76.11375,117.72908,179.33762
74.0,172.0,62.857628,112.91514,198.16116
74.0,171.0,65.15367,121.659805,200.27625
74.0,170.0,73.451775,120.58271,195.12582
74.0,169.0,65.67249,102.93037,167.77129
74.0,168.0,67.41449,110.98701,223.53485
74.0,167.0,56.108444,92.89085,183.99727
74.0,166.0,60.991173,106.16848,177.37994
74.0,165.0,70.75519,112.32032,203.39775
74.0,164.0,67.898224,105.366936,188.98987
74.0,163.0,65.38137,116.75178,185.63559
74.0,162.0,56.952225,119.10777,177.74149
74.0,161.0,64.3505,121.55402,209.97116
74.0,160.0,77.98634,122.98284,209.92648
74.0,159.0,76.3601,114.7046,212.93939
74.0,158.0,62.656445,113.37583,192.55513
74.0,157.0,64.64657,114.85906,222.86711
74.0,156.0,66.25116,125.66518,173.27039
74.0,155.0,56.52242,113.40169,182.50937
74.0,154.0,66.06486,106.147,166.38663
74.0,153.0,52.097717,112.24076,193.92569
74.0,152.0,65.53109,103.431046,158.02637
74.0,151.0,52.078205,113.0165,176.11002
74.0,150.0,64.832344,102.307076,156.21823
74.0,149.0,56.5893,102.32249,194.09798
74.0,148.0,62.91115,102.22191,162.46953
74.0,147.0,77.28073,106.60594,168.31157
74.0,146.0,53.881756,109.6483,135.24911
74.0,145.0,60.7644,109.74457,172.372
74.0,144.0,62.94965,108.851135,168.19992
74.0,143.0,60.322456,108.68304,159.0418
74.0,142.0,72.06269,116.09778,175.619
74.0,141.0,61.46024,110.92555,168.4583
74.0,140.0,67.62424,109.37042,142.5735
74.0,139.0,60.483868,109.93143,167.6652
74.0,138.0,58.305573,106.957954,148.79416
74.0,137.0,60.200146,115.71981,178.81972
74.0,136.0,58.027122,107.785805,162.6514
74.0,135.0,67.06599,104.87105,171.22034
74.0,134.0,61.22974,105.53758,184.87523
74.0,133.0,68.80215,116.428955,175.98886
74.0,132.0,60.84289,111.767944,171.54408
74.0,131.0,63.681816,118.90036,190.02092
74.0,130.0,82.49234,122.86251,161.04195
74.0,129.0,59.207634,109.49534,180.42297
74.0,128.0,61.013184,117.6794,188.69118
74.0,127.0,58.416924,107.18246,167.86438
74.0,126.0,64.92244,114.93456,193.11836
75.0,170.0,93.84649,116.337006,236.28842
75.0,169.0,85.07247,104.989784,210.11235
75.0,168.0,80.829666,121.75048,207.05325
75.0,167.0,83.56554,124.27002,235.4553
75.0,166.0,101.58239,109.69002,217.37549
75.0,165.0,90.67979,118.35752,233.60616
75.0,164.0,90.89769,116.72498,218.77649
75.0,163.0,91.43013,125.44451,231.38516
75.0,162.0,89.42173,120.19555,214.6403
75.0,161.0,100.90169,121.922775,260.10513
75.0,160.0,95.73612,120.85631,195.26682
75.0,159.0,91.033554,118.325516,243.66547
75.0,158.0,86.94226,112.22456,243.58214
75.0,157.0,81.76025,122.51195,220.72278
75.0,156.0,87.01451,111.599884,201.15305
75.0,155.0,76.750465,113.85061,233.71663
75.0,154.0,75.91914,120.46468,246.95647
75.0,153.0,79.38418,124.30807,230.19644
75.0,152.0,81.003235,121.68708,272.96686
75.0,151.0,82.28739,118.184135,173.00815
75.0,150.0,84.58552,108.44201,241.61964
75.0,149.0,90.853615,114.9392,204.51817
75.0,148.0,84.04309,108.54102,237.55557
75.0,147.0,88.67491,109.419014,199.01056
75.0,146.0,78.81028,111.46804,232.65681
75.0,145.0,80.70711,116.44377,242.02618
75.0,144.0,77.517365,126.9299,217.39865
75.0,143.0,76.3124,114.812836,197.14212
75.0,142.0,108.34829,123.487755,239.16162
75.0,141.0,90.08463,122.12051,222.83862
75.0,140.0,87.41124,114.50047,239.8386
75.0,139.0,76.67628,116.53358,187.43936
75.0,138.0,90.91776,120.87405,229.31535
75.0,137.0,85.06885,120.554855,207.96703
75.0,136.0,76.30703,117.33129,220.51076
75.0,135.0,79.6924,103.386,212.47906
75.0,134.0,73.64288,123.199524,226.96584
75.0,133.0,94.978355,123.18576,247.42444
75.0,132.0,98.672165,120.597725,192.26744
75.0,131.0,77.45363,120.09252,177.09393
75.0,130.0,85.34322,125.39838,221.3349
75.0,129.0,81.01499,127.25804,232.58669
75.0,128.0,98.975204,107.72332,190.85284
75.0,127.0,76.69914,114.33443,211.26244
75.0,126.0,77.9093,107.665245,206.05344
75.0,125.0,72.13748,106.57617,184.11728
75.0,124.0,68.61442,114.66221,190.07396
75.0,123.0,72.95523,112.32247,191.13039
75.0,122.0,79.76435,114.28282,204.2306
75.0,121.0,90.51593,105.33019,201.9408
75.0,120.0,81.29972,107.58934,185.94168
75.0,119.0,81.501595,111.92415,212.10585
75.0,118.0,80.1705,114.86758,201.54941
75.0,117.0,79.921844,122.755135,235.68648
75.0,116.0,79.77261,112.93051,222.83968
75.0,115.0,75.44516,117.09295,202.19414
75.0,114.0,69.2626,107.64838,174.94023
75.0,113.0,73.148415,105.73772,175.42271
76.0,184.0,106.82673,154.10591,209.6423
76.0,183.0,104.61401,144.23422,215.48444
76.0,182.0,112.22442,155.48251,242.9237
76.0,181.0,107.56834,169.8029,200.80559
76.0,180.0,110.00093,154.84853,219.2987
76.0,179.0,109.87247,154.63402,214.5311
76.0,178.0,117.725624,171.76497,224.2068
76.0,177.0,121.27982,172.75363,195.66393
76.0,176.0,122.42019,163.60712,240.68349
76.0,175.0,113.8717,162.07971,215.2999
76.0,174.0,107.99396,173.06683,213.61394
76.0,173.0,112.73841,173.02834,199.35585
76.0,172.0,118.36306,174.39307,220.75264
76.0,171.0,131.17555,167.01443,213.18
76.0,170.0,106.7608,162.2598,210.24533
76.0,169.0,106.59519,160.68259,211.54318
76.0,168.0,108.66158,153.59686,205.93512
76.0,167.0,108.355034,153.99295,220.82706
76.0,166.0,95.430916,134.44728,207.10327
76.0,165.0,100.84542,147.81645,230.73505
76.0,164.0,100.50198,143.36638,194.74298
76.0,163.0,107.29511,150.29276,190.00015
76.0,162.0,113.28641,143.50987,232.66167
76.0,161.0,99.099915,135.14265,257.0424
76.0,160.0,107.50136,147.27869,209.06633
76.0,159.0,109.49802,158.62459,253.15987
76.0,158.0,106.86232,144.37862,258.0101
76.0,157.0,107.44596,150.99919,211.42859
76.0,156.0,109.98164,146.09778,259.0391
76.0,155.0,109.980385,146.4165,228.17004
76.0,154.0,111.931244,147.08926,222.94646
76.0,153.0,107.999596,146.84552,216.33438
76.0,152.0,101.2589,154.34657,200.8184
76.0,151.0,116.23153,152.98454,206.2505
76.0,150.0,113.86036,151.23105,198.50558
76.0,149.0,110.99607,153.04648,209.83989
76.0,148.0,109.87977,154.03737,209.04227
76.0,147.0,100.5944,151.00905,213.13782
76.0,146.0,100.22506,143.98636,221.06404
76.0,145.0,101.75176,143.73814,199.21202
76.0,144.0,101.311676,146.04568,219.70558
76.0,143.0,103.01452,132.82637,185.25198
76.0,142.0,117.34598,134.2193,221.54634
76.0,141.0,100.44241,140.64409,206.07124
76.0,140.0,103.39601,141.66673,198.55824
76.0,139.0,102.13818,143.37228,223.77798
76.0,138.0,101.17002,133.263,172.76625
76.0,137.0,90.21661,132.86348,206.11642
76.0,136.0,90.86073,117.762505,186.8462
76.0,135.0,102.60479,114.720215,193.03552
76.0,134.0,96.23285,113.91011,212.63065
76.0,133.0,98.00356,120.204704,217.40125
76.0,132.0,97.16061,117.077415,210.03029
76.0,131.0,95.94098,123.938515,212.68417
76.0,130.0,99.58811,132.97084,198.04225
76.0,129.0,88.385216,130.34377,203.98187
76.0,128.0,97.612404,133.08992,213.48503
76.0,127.0,97.54088,121.27133,225.14351
76.0,126.0,93.30364,114.46364,190.00354
76.0,125.0,101.85095,117.2464,210.56177
76.0,124.0,96.631226,127.07871,211.66759
76.0,123.0,96.685265,135.22427,231.12247
76.0,122.0,93.793526,120.762825,215.14929
76.0,121.0,103.09983,125.18065,202.9206
76.0,120.0,106.86597,127.721596,200.41357
76.0,119.0,91.97812,124.845375,213.48935
76.0,118.0,94.761734,130.20369,244.08998
76.0,117.0,99.499794,126.58713,222.72035
76.0,116.0,102.61481,136.98889,212.76878
76.0,115.0,100.27351,121.17382,206.17772
76.0,114.0,93.45811,120.2383,207.20757
76.0,113.0,90.79389,114.05455,224.55641
76.0,112.0,90.74619,112.59363,190.46768
76.0,111.0,85.24628,114.73292,209.52884
76.0,110.0,88.10543,119.2742,233.28285
76.0,109.0,90.6062,128.69072,220.95844
76.0,108.0,87.56465,121.75573,224.00465
76.0,107.0,87.90227,108.72487,240.86696
76.0,106.0,85.7572,116.18289,229.3995
76.0,105.0,82.49293,102.864944,224.5714
76.0,104.0,77.55387,119.92746,190.76215
76.0,103.0,86.56907,114.331276,211.91937
76.0,102.0,86.20526,109.90707,216.46634
76.0,101.0,76.63328,97.99978,199.39813
76.0,100.0,86.26991,118.48709,210.92113
76.0,99.0,79.0405,117.2977,181.67398
76.0,98.0,101.346695,121.68431,215.42793
76.0,97.0,80.207634,99.89036,202.07867
76.0,96.0,78.25965,98.5324,160.61775
76.0,95.0,71.903824,114.623405,195.22601
76.0,94.0,86.098404,107.04992,187.12538
76.0,93.0,83.155,109.38005,186.50143
76.0,92.0,111.058014,90.77448,199.62885
76.0,91.0,83.09068,95.54455,199.59593
76.0,90.0,78.875626,105.69325,209.99535
76.0,89.0,63.387478,85.52358,179.11906
76.0,88.0,65.22833,95.344246,183.2426
76.0,87.0,79.141235,98.245056,188.69861
76.0,86.0,85.86369,105.20337,185.20879
76.0,85.0,73.933655,111.11722,198.48062
76.0,84.0,81.331184,86.15112,181.25038
76.0,83.0,66.16018,92.84576,155.9119
76.0,82.0,65.43788,85.167946,171.1069
76.0,81.0,73.45686,96.041725,156.3497
76.0,80.0,63.607914,80.70305,149.8308
76.0,79.0,69.50285,79.79594,145.06807
76.0,78.0,73.99066,81.65934,149.69118
76.0,77.0,61.751453,81.585846,155.2743
76.0,76.0,80.84377,86.54675,177.49623
76.0,75.0,98.2342,92.68661,143.34439
76.0,74.0,59.681824,82.15092,132.96416
76.0,73.0,52.22575,86.08145,135.63416
76.0,72.0,52.880714,84.21478,167.45877
76.0,71.0,60.658405,73.7936,157.40327
76.0,70.0,55.271297,78.904396,136.78316
76.0,69.0,54.289356,74.50062,147.55524
76.0,68.0,47.93124,78.1815,137.43008
76.0,67.0,62.40734,82.33176,126.07585
76.0,66.0,52.40707,93.71551,131.56563
76.0,65.0,60.898888,81.96568,137.08977
76.0,64.0,62.626442,82.50713,152.60194
76.0,63.0,54.938374,77.4768,121.64208
76.0,62.0,62.954002,77.867485,121.385994
76.0,61.0,47.83711,70.22309,137.94388
76.0,60.0,54.228783,63.069668,117.76373
76.0,59.0,61.555164,68.95685,118.87823
76.0,58.0,52.189537,73.63405,126.18537
76.0,57.0,48.198555,71.59115,116.60653
76.0,56.0,48.49889,69.29589,118.557785
76.0,55.0,53.31341,68.49098,101.01326
76.0,54.0,51.661335,71.20606,97.771935
76.0,53.0,41.107025,54.4268,96.475204
76.0,52.0,48.90499,62.209873,85.42307
76.0,51.0,44.592285,48.77373,88.86692
76.0,50.0,51.92481,49.46427,64.73595
76.0,49.0,48.444798,69.28182,83.88897
76.0,48.0,43.33403,48.998783,93.46413
76.0,47.0,37.63485,45.170486,65.20193
76.0,46.0,30.712196,52.64913,77.65442
76.0,45.0,41.3138,53.113422,59.399864
76.0,44.0,38.231983,47.14578,90.70113
76.0,43.0,40.315723,43.490276,63.467278
76.0,42.0,28.782227,36.166203,44.792595
76.0,41.0,32.341736,38.89024,35.87155
76.0,40.0,45.635498,44.752205,60.032043
76.0,39.0,37.995544,38.316658,54.627125
76.0,38.0,42.61642,42.111053,61.22249
76.0,37.0,33.411793,46.680874,51.36538
76.0,36.0,34.80588,38.5096,41.364994
76.0,35.0,31.587849,33.50104,51.61676
76.0,34.0,29.749294,33.25173,44.560448
76.0,33.0,36.48123,39.918163,38.627857
76.0,32.0,27.539623,42.83627,53.413532
76.0,31.0,35.655777,45.179996,47.344547
76.0,30.0,34.94352,41.574257,41.97261
76.0,29.0,29.092747,38.126984,48.927177
76.0,28.0,26.62263,34.501358,69.67229
76.0,27.0,25.72092,28.300594,41.813725
76.0,26.0,22.067663,26.20653,37.771835
76.0,25.0,35.289093,25.320108,50.654266
76.0,24.0,33.4106,25.14994,44.82893
76.0,23.0,27.307755,26.219896,39.408737
76.0,22.0,15.641002,24.768,30.532333
76.0,21.0,16.725018,21.303257,33.443096
76.0,20.0,18.72884,20.130241,28.632439
76.0,19.0,10.76925,18.99226,26.205675
76.0,18.0,18.188452,21.325361,48.342842
76.0,17.0,19.01208,23.977026,19.66306
76.0,16.0,11.07736,12.870283,22.044556
76.0,15.0,4.4991565,13.2302065,28.00334
76.0,14.0,6.2714486,15.717471,18.321606
76.0,13.0,11.885541,10.98854,23.881681
76.0,12.0,14.389499,13.179497,27.980776
76.0,11.0,8.783469,11.356156,19.403772
76.0,10.0,2.7495067,9.198091,15.685215
77.0,165.0,131.6764,149.38036,211.3338
77.0,164.0,102.44967,150.66907,223.4199
77.0,163.0,84.104225,141.3398,217.2063
77.0,162.0,92.766624,129.0476,233.19487
77.0,161.0,83.33449,129.71504,217.51848
77.0,160.0,96.1494,133.55002,245.1962
77.0,159.0,85.827,140.67644,198.39365
77.0,158.0,98.55753,126.15887,241.86722
77.0,157.0,92.83089,134.26039,223.04051
77.0,156.0,98.21113,146.38681,199.77087
77.0,155.0,100.111855,140.59431,235.60176
77.0,154.0,101.037476,133.99028,236.92136
77.0,153.0,102.088776,130.64664,213.37204
77.0,152.0,94.92722,133.01814,196.23892
77.0,151.0,99.64547,125.031525,241.16238
77.0,150.0,94.57127,132.85826,244.13498
77.0,149.0,97.097206,134.3172,228.8596
77.0,148.0,87.45641,126.8909,244.56238
77.0,147.0,96.65612,133.76543,196.6319
77.0,146.0,98.301216,140.22243,225.72963
77.0,145.0,96.368965,128.36758,207.30211
77.0,144.0,83.63908,138.668,183.1075
77.0,143.0,94.48725,128.73137,216.41714
77.0,142.0,92.209724,130.33955,186.77333
77.0,141.0,102.746605,143.84877,197.89803
77.0,140.0,117.306625,151.45016,240.13335
77.0,139.0,102.55814,145.8515,227.1932
77.0,138.0,100.52871,147.67612,213.86826
77.0,137.0,106.59253,148.42409,222.59425
77.0,136.0,101.58219,153.20383,263.32874
77.0,135.0,86.13098,140.39108,210.86865
77.0,134.0,92.57813,136.52673,212.18082
77.0,133.0,93.24101,144.02681,221.62953
77.0,132.0,82.491554,144.3021,222.84225
77.0,131.0,88.189644,130.4462,207.9265
77.0,130.0,80.870735,122.65779,218.2923
77.0,129.0,85.375046,130.33768,231.2581
77.0,128.0,85.242355,129.70651,236.73386
77.0,127.0,97.86029,130.28137,216.75648
77.0,126.0,89.3499,134.05374,260.9955
77.0,125.0,83.06875,134.61935,244.19772
77.0,124.0,100.62473,134.86171,246.31046
77.0,123.0,89.97134,130.48088,251.38063
77.0,122.0,93.10779,138.2389,275.663
77.0,121.0,84.06367,128.22688,189.99982
77.0,120.0,84.38593,123.97788,250.47296
77.0,119.0,81.44025,114.863335,197.24261
77.0,118.0,79.648705,103.767525,218.12209
77.0,117.0,85.3087,126.49515,189.41481
77.0,116.0,82.21703,117.25783,205.40819
77.0,115.0,79.602844,115.129585,185.70349
77.0,114.0,75.876465,114.926025,191.05708
77.0,113.0,91.77435,117.18975,226.08206
77.0,112.0,78.08212,115.50852,224.07877
77.0,111.0,83.04161,119.441826,234.52925
77.0,110.0,85.10822,115.83946,201.52203
77.0,109.0,77.43166,116.77968,185.52493
77.0,108.0,96.39162,116.4933,200.69003
77.0,107.0,81.48848,122.26082,217.75403
77.0,106.0,85.448135,110.716255,250.28354
77.0,105.0,93.275215,116.09356,247.93759
77.0,104.0,80.00688,126.42998,226.72426
77.0,103.0,80.5143,121.36026,213.8252
77.0,102.0,74.11906,118.59723,191.61383
77.0,101.0,82.14909,125.61065,227.54927
77.0,100.0,89.68688,118.70954,220.1828
77.0,99.0,122.108826,140.14043,220.13159
77.0,98.0,83.32342,135.9092,216.06883
77.0,97.0,82.922005,135.59921,236.97327
77.0,96.0,83.71409,142.87056,244.56177
77.0,95.0,79.66233,126.65507,259.96594
77.0,94.0,82.335526,131.18925,249.2442
77.0,93.0,79.93933,128.84294,203.0575
77.0,92.0,80.07458,128.80167,242.08583
77.0,91.0,97.16724,131.86232,224.54063
77.0,90.0,71.51026,131.20685,189.9652
77.0,89.0,79.79797,126.04407,188.75188
77.0,88.0,87.29875,116.64118,195.49365
77.0,87.0,87.255936,127.05757,211.53802
77.0,86.0,77.63655,115.0315,213.26868
77.0,85.0,74.19053,111.40521,250.06918
77.0,84.0,73.135315,104.495445,156.6029
77.0,83.0,66.947105,100.51121,160.15915
77.0,82.0,64.207146,100.457596,181.54355
77.0,81.0,66.70736,91.80317,171.55629
77.0,80.0,61.858543,86.30318,190.25153
77.0,79.0,63.441914,93.743935,231.14108
77.0,78.0,76.049904,105.49148,156.61046
77.0,77.0,70.428345,115.53015,184.4808
77.0,76.0,55.348457,97.50841,150.74733
77.0,75.0,59.890827,92.613,202.37546
77.0,74.0,56.91131,104.7534,187.17035
77.0,73.0,64.405075,108.69603,159.85881
77.0,72.0,62.702393,99.65327,145.47342
77.0,71.0,69.13133,108.39057,131.07152
77.0,70.0,74.89796,101.28583,179.10925
77.0,69.0,72.39474,104.72762,176.51663
77.0,68.0,70.072716,109.81202,203.86737
77.0,67.0,61.426323,106.83043,184.65565
77.0,66.0,87.5639,107.77197,188.45457
77.0,65.0,58.385906,100.69738,151.46649
77.0,64.0,79.721596,112.26872,127.701164
77.0,63.0,66.812164,103.40868,157.80547
77.0,62.0,36.974648,92.29827,155.23122
77.0,61.0,66.55953,96.817764,135.53987
77.0,60.0,49.703323,81.93484,158.13338
77.0,59.0,57.899864,100.838776,155.07106
77.0,58.0,55.955208,87.36145,133.8449
77.0,57.0,52.132355,100.78434,146.32715
77.0,56.0,70.471985,116.7896,173.49475
77.0,55.0,57.54311,100.46529,156.5551
77.0,54.0,59.125973,97.36263,153.23674
77.0,53.0,66.428604,82.06341,146.44868
77.0,52.0,54.038506,98.79141,188.5485
77.0,51.0,64.84804,105.99958,163.29492
77.0,50.0,53.429478,84.75627,132.23401
77.0,49.0,61.98391,90.58306,100.53565
77.0,48.0,54.807987,76.56567,143.17952
77.0,47.0,45.128735,68.3487,110.65486
77.0,46.0,41.10947,86.72564,134.63148
77.0,45.0,43.55528,84.09562,128.6267
77.0,44.0,46.563923,68.07117,101.36856
77.0,43.0,41.395443,61.802174,89.32785
77.0,42.0,43.589695,77.45171,126.44277
77.0,41.0,42.489727,79.71101,97.29553
77.0,40.0,43.35206,51.02767,100.268295
77.0,39.0,43.179413,66.16609,86.89431
77.0,38.0,43.864452,63.84474,75.59373
77.0,37.0,43.732624,58.35268,90.54716
77.0,36.0,39.82393,65.13302,99.08989
77.0,35.0,29.917826,47.562122,68.62749
77.0,34.0,39.6034,49.80431,65.11097
78.0,148.0,123.33587,169.8625,203.51585
78.0,147.0,121.86781,172.81602,224.01027
78.0,146.0,127.21894,165.09286,204.02153
78.0,145.0,123.94763,168.79034,196.2105
78.0,144.0,118.9636,173.06004,209.83945
78.0,143.0,117.98131,174.72778,239.84059
78.0,142.0,128.69838,176.51537,207.51413
78.0,141.0,118.54634,167.60738,194.44089
78.0,140.0,110.92914,158.50688,203.51791
78.0,139.0,121.1606,162.86938,213.13878
78.0,138.0,124.94887,169.43387,231.72264
78.0,137.0,121.13314,156.36621,238.47362
78.0,136.0,112.0076,159.14757,196.24918
78.0,135.0,114.555275,168.39174,201.94432
78.0,134.0,104.15202,170.21913,243.27768
78.0,133.0,111.65754,164.11325,202.51364
78.0,132.0,106.71654,155.4588,196.47305
78.0,131.0,110.67015,165.74483,213.95378
78.0,130.0,108.84923,153.14467,215.7051
78.0,129.0,115.9745,160.28568,198.43478
78.0,128.0,114.57817,158.85545,213.67694
78.0,127.0,108.87075,161.37277,232.84688
78.0,126.0,118.65882,165.44234,258.9196
78.0,125.0,126.16682,161.33641,239.1203
78.0,124.0,116.07188,155.13269,205.1562
78.0,123.0,119.08152,163.76216,211.75642
78.0,122.0,117.81851,157.43571,208.16254
78.0,121.0,113.215614,164.46175,209.89066
78.0,120.0,134.77443,163.92703,229.15004
78.0,119.0,110.9263,160.64722,196.03339
78.0,118.0,118.397896,165.91667,215.59872
78.0,117.0,123.228966,174.18561,212.63249
78.0,116.0,123.619705,161.43388,238.76625
78.0,115.0,118.44524,169.89984,233.36897
78.0,114.0,118.82171,166.5163,205.96669
78.0,113.0,101.84005,166.72078,220.88417
78.0,112.0,118.120705,166.15831,198.48618
78.0,111.0,118.04701,169.67534,191.924
78.0,110.0,128.3937,160.13785,208.91512
78.0,109.0,118.230675,177.14253,174.0967
78.0,108.0,117.93853,167.08989,203.07104
78.0,107.0,121.03962,174.21089,192.15364
79.0,133.0,97.15296,128.02867,226.2481
79.0,132.0,102.007866,134.74638,208.20905
79.0,131.0,93.06958,141.93854,202.78816
79.0,130.0,103.74929,147.61272,311.9743
79.0,129.0,96.396904,142.74669,243.84085
79.0,128.0,89.62731,144.86249,203.77692
79.0,127.0,90.6163,147.66817,209.62766
79.0,126.0,99.22777,145.09991,213.99312
79.0,125.0,93.18213,136.71646,214.18376
79.0,124.0,90.43417,149.70757,206.49617
79.0,123.0,99.17247,146.27563,205.51814
79.0,122.0,99.13164,142.75685,249.91689
79.0,121.0,94.310104,130.45424,221.61913
79.0,120.0,90.75693,135.93866,217.0462
79.0,119.0,84.30592,133.71638,222.58609
79.0,118.0,90.07211,123.343765,240.86235
79.0,117.0,84.85801,130.82361,233.98141
79.0,116.0,81.10075,134.01369,241.9732
79.0,115.0,102.97635,143.33585,229.93703
79.0,114.0,91.49165,131.85527,232.57414
79.0,113.0,92.178795,130.88622,259.6977
79.0,112.0,89.77461,124.84326,224.28545
79.0,111.0,75.79138,116.87225,194.33534
79.0,110.0,87.221825,114.48654,207.68864
79.0,109.0,85.16684,135.34523,259.3429
79.0,108.0,84.009766,126.65232,170.05197
79.0,107.0,79.06995,122.38129,199.77739
79.0,106.0,98.885124,117.345245,236.34846
79.0,105.0,85.4105,127.83647,262.46707
79.0,104.0,100.5259,130.1462,227.10458
79.0,103.0,96.61256,132.37762,225.70178
79.0,102.0,97.72664,134.4759,222.39145
79.0,101.0,92.20542,127.769936,168.62952
79.0,100.0,94.793396,142.61711,229.4259
79.0,99.0,96.88493,132.59962,244.52696
79.0,98.0,93.29081,142.25047,232.29312
79.0,97.0,95.49372,131.76016,255.61752
79.0,96.0,84.15637,120.60496,212.18759
79.0,95.0,90.337166,129.46027,211.12766
79.0,94.0,81.776855,117.5771,216.94319
79.0,93.0,89.515755,130.37338,243.0382
79.0,92.0,89.91937,133.69087,213.15407
79.0,91.0,94.82737,120.28417,227.38028
79.0,90.0,83.96244,135.16617,225.28345
79.0,89.0,85.06532,121.30447,185.74585
79.0,88.0,80.17054,130.99669,218.95888
79.0,87.0,78.541725,113.200294,242.91194
79.0,86.0,81.06722,129.65161,194.08203
79.0,85.0,93.041145,132.5232,192.7131
79.0,84.0,90.10359,141.23175,213.44522
79.0,83.0,81.09492,130.60062,229.69727
79.0,82.0,88.55044,136.73856,213.09521
79.0,81.0,91.01082,133.65941,208.33284
79.0,80.0,87.50439,119.61962,187.08409
79.0,79.0,81.79263,125.22549,234.19353
79.0,78.0,89.507774,107.81413,218.20938
79.0,77.0,92.79779,110.16013,171.81125
79.0,76.0,89.702644,115.12235,202.93619
79.0,75.0,77.65588,113.29743,181.79045
79.0,74.0,73.08852,110.642586,217.43703
79.0,73.0,79.93001,121.67989,199.43939
79.0,72.0,80.64435,110.60667,197.62926
79.0,71.0,78.01097,119.48109,196.28836
79.0,70.0,79.05696,119.0418,194.17906
79.0,69.0,70.0435,108.574905,170.91945
79.0,68.0,75.66947,116.268715,185.64337
79.0,67.0,86.12354,108.86505,196.6688
79.0,66.0,75.96422,134.01529,209.44647
79.0,65.0,80.872734,125.405304,175.66162
79.0,64.0,73.336914,122.060555,201.16698
79.0,63.0,72.41599,126.145325,186.64171
80.0,192.0,90.370476,112.95999,240.47702
80.0,191.0,84.4862,132.77118,238.01189
80.0,190.0,74.13064,118.34751,230.17812
80.0,189.0,81.18695,135.58528,184.23537
80.0,188.0,83.22771,114.29606,202.6297
80.0,187.0,73.80392,123.70454,254.11774
80.0,186.0,71.833855,121.95474,198.00623
80.0,185.0,76.83936,122.2746,244.68672
80.0,184.0,78.0727,112.71587,238.1071
80.0,183.0,67.05985,108.66928,207.60303
80.0,182.0,58.28634,106.30442,201.46217
80.0,181.0,72.73326,113.51376,216.32729
80.0,180.0,66.70298,118.96351,213.89261
80.0,179.0,65.52237,108.58054,224.05623
80.0,178.0,75.87183,110.785,222.31071
80.0,177.0,85.036705,118.48252,218.49777
80.0,176.0,80.78305,122.533745,247.00113
80.0,175.0,64.94923,124.425354,207.39978
80.0,174.0,72.0867,124.19897,184.76534
80.0,173.0,69.98681,131.86174,209.88376
80.0,172.0,76.81416,128.69997,220.91649
80.0,171.0,80.69499,125.21069,236.80838
80.0,170.0,78.491806,128.24184,209.37238
80.0,169.0,84.88307,124.04584,200.64331
80.0,168.0,86.663376,114.11598,206.83766
80.0,167.0,81.42276,108.67844,174.5246
80.0,166.0,69.44003,99.935074,175.57745
80.0,165.0,72.50831,108.04051,175.42267
80.0,164.0,62.5255,107.69122,186.86705
80.0,163.0,76.014885,112.15477,210.67854
80.0,162.0,74.06494,101.228226,179.66812
80.0,161.0,68.76902,112.07041,169.81158
80.0,160.0,71.02013,101.692955,219.83723
80.0,159.0,62.45748,107.70407,180.36871
80.0,158.0,85.47505,113.53072,197.38077
80.0,157.0,58.842144,117.1649,183.33965
80.0,156.0,66.71544,119.21733,229.73773
80.0,155.0,64.84267,99.600945,197.04018
80.0,154.0,77.47378,112.07796,178.3478
80.0,153.0,76.24998,125.963356,191.362
80.0,152.0,75.98732,118.819016,206.81134
80.0,151.0,73.89239,99.407875,180.94063
80.0,150.0,65.82059,100.54642,203.12572
80.0,149.0,120.78047,95.73277,196.80644
80.0,148.0,66.96371,108.945526,191.17435
80.0,147.0,71.29731,118.58263,194.37372
80.0,146.0,69.58912,107.89829,184.53209
80.0,145.0,58.092842,94.02124,210.97314
80.0,144.0,71.12151,99.17947,205.21704
80.0,143.0,74.471115,104.18003,219.39015
80.0,142.0,73.612526,116.295235,193.44563
80.0,141.0,76.82215,115.12836,193.23352
80.0,140.0,76.872505,116.30459,211.72531
80.0,139.0,68.04364,114.41335,206.00542
80.0,138.0,78.79932,101.43298,219.05145
80.0,137.0,81.98667,122.52609,256.66287
80.0,136.0,68.14545,108.42848,175.55515
80.0,135.0,75.53167,106.70251,216.71164
80.0,134.0,68.93098,104.82655,196.11113
80.0,133.0,69.63704,117.02252,220.08891
80.0,132.0,71.13505,112.02725,168.02748
80.0,131.0,72.83934,112.03949,200.03635
80.0,130.0,62.80702,117.48496,172.05673
80.0,129.0,80.37873,115.81004,200.28885
80.0,128.0,68.67834,113.1544,163.34593
80.0,127.0,63.9713,105.93634,174.51643
80.0,126.0,67.45087,101.24498,200.63821
80.0,125.0,56.320766,100.2533,162.31714
80.0,124.0,60.34598,112.44239,157.6832
80.0,123.0,61.310757,92.52945,162.5645
80.0,122.0,48.778988,99.386536,129.8317
80.0,121.0,52.65547,98.90947,153.08768
80.0,120.0,58.484097,99.404976,172.12633
80.0,119.0,56.657406,94.474144,168.18626
80.0,118.0,63.191998,96.52675,183.56468
80.0,117.0,77.64834,88.41809,150.53365
80.0,116.0,60.304695,94.53248,137.33365
80.0,115.0,64.67454,91.827644,127.83716
80.0,114.0,56.748363,97.42344,143.3718
80.0,113.0,60.757305,92.07058,132.94864
80.0,112.0,59.934788,84.17809,169.53172
80.0,111.0,57.08334,90.98603,153.56425
80.0,110.0,57.190353,94.87726,161.9732
80.0,109.0,63.699802,99.7211,159.73221
80.0,108.0,64.1401,86.40082,169.5205
80.0,107.0,52.680073,103.74265,137.54456
80.0,106.0,56.10636,102.02814,168.10432
80.0,105.0,54.99566,95.37413,157.75885
80.0,104.0,72.57669,94.52382,162.47658
80.0,103.0,52.542942,95.80735,158.5659
80.0,102.0,63.529133,106.34324,130.97227
80.0,101.0,43.102825,85.89877,151.0223
80.0,100.0,53.68262,102.09948,152.02911
80.0,99.0,58.268707,105.9155,118.340515
80.0,98.0,54.006443,112.95999,162.77333
80.0,97.0,62.461746,105.07742,167.29279
80.0,96.0,55.201122,98.1216,179.46255
80.0,95.0,50.88571,103.92034,173.62904
80.0,94.0,54.798748,102.99067,167.19563
80.0,93.0,53.815697,94.66392,141.90839
80.0,92.0,57.49818,95.85303,197.67209
80.0,91.0,60.449986,101.21832,179.73125
80.0,90.0,51.99566,95.97884,143.65736
81.0,190.0,95.65737,125.71454,181.6737
81.0,189.0,96.34465,127.93276,206.5451
81.0,188.0,89.96777,123.27053,167.56442
81.0,187.0,88.42175,125.52277,189.74142
81.0,186.0,75.35222,123.378555,179.7842
81.0,185.0,75.209724,112.791534,183.25305
81.0,184.0,85.28825,104.91082,187.45966
81.0,183.0,75.402534,112.085815,167.56097
81.0,182.0,97.3786,117.826385,201.47783
81.0,181.0,90.44111,124.86954,194.18356
81.0,180.0,79.81021,106.60977,169.67104
81.0,179.0,88.23427,107.88282,172.59131
81.0,178.0,89.88031,109.54392,217.3693
81.0,177.0,86.24002,116.893456,201.3717
81.0,176.0,96.59655,128.99629,152.15695
81.0,175.0,76.06656,115.35034,159.39801
81.0,174.0,73.79197,115.195244,182.77509
81.0,173.0,69.69216,113.88799,172.63982
81.0,172.0,84.691124,113.533035,191.32326
81.0,171.0,79.72738,104.48045,163.81175
81.0,170.0,94.07232,121.82811,191.09523
81.0,169.0,84.014275,129.84467,180.24826
81.0,168.0,93.065544,113.1983,183.15881
81.0,167.0,79.01003,105.36479,165.91173
81.0,166.0,73.1224,97.68628,151.30934
81.0,165.0,78.36012,95.92945,157.30461
81.0,164.0,79.23563,102.92529,185.31116
81.0,163.0,89.197716,112.531876,180.4153
81.0,162.0,100.86199,120.55536,192.6382
81.0,161.0,82.32345,114.333115,181.6121
81.0,160.0,84.02866,106.49147,196.77263
81.0,159.0,69.67478,109.422455,181.03896
81.0,158.0,69.31003,100.524506,151.37949
81.0,157.0,76.49247,109.31069,164.62924
81.0,156.0,79.757866,102.923,173.22185
81.0,155.0,73.81702,116.88632,189.16405
81.0,154.0,75.28183,109.824455,170.84373
81.0,153.0,78.32683,108.93769,172.80597
81.0,152.0,74.09906,110.11502,163.8117
81.0,151.0,83.70372,116.31225,205.71555
81.0,150.0,84.99742,115.55751,171.3477
81.0,149.0,77.22035,121.87244,192.41931
81.0,148.0,77.03859,119.80264,195.95755
81.0,147.0,81.98624,110.08636,187.87997
81.0,146.0,87.08187,116.450584,191.00536
81.0,145.0,84.98624,118.75198,189.53355
81.0,144.0,89.993484,117.86929,181.91747
81.0,143.0,78.71453,107.96448,172.88258
81.0,142.0,73.04755,118.83764,172.47368
81.0,141.0,80.39352,112.30823,176.2098
81.0,140.0,68.86363,101.31219,182.21649
81.0,139.0,70.8373,107.80581,168.01053
81.0,138.0,72.60201,105.23831,183.13345
81.0,137.0,79.1587,105.445526,139.27524
81.0,136.0,77.9285,102.14752,140.09084
81.0,135.0,78.09382,106.88743,160.00632
81.0,134.0,80.16713,111.07731,172.9645
81.0,133.0,71.28681,114.53991,161.55165
81.0,132.0,86.426895,120.63287,211.18195
81.0,131.0,71.74347,115.711494,190.9392
81.0,130.0,75.628555,112.886986,182.63857
81.0,129.0,83.983444,118.60006,178.62404
81.0,128.0,87.5144,130.30421,164.78864
81.0,127.0,79.3591,122.01375,227.67122
81.0,126.0,90.60356,119.01941,218.24197
81.0,125.0,71.91609,106.13964,146.19745
81.0,124.0,71.054634,98.03831,147.78828
81.0,123.0,66.57934,100.574776,155.3677
81.0,122.0,69.25121,94.04297,162.48106
81.0,121.0,79.46751,105.97186,167.37695
81.0,120.0,70.48308,114.20693,194.47772
81.0,119.0,70.91444,110.94758,184.78078
81.0,118.0,68.65522,108.29398,157.2963
81.0,117.0,64.76723,103.522675,184.62692
81.0,116.0,67.22808,101.64718,162.48224
81.0,115.0,60.842438,101.45745,150.30286
81.0,114.0,67.283424,91.63979,165.63013
81.0,113.0,59.34325,103.10394,152.70227
81.0,112.0,62.330475,93.29663,171.589
81.0,111.0,60.570484,108.39597,162.34932
81.0,110.0,53.865005,104.483986,181.82422
81.0,109.0,70.70118,98.590645,158.53465
81.0,108.0,71.41591,101.30219,190.18675
81.0,107.0,63.956573,90.10714,146.19762
81.0,106.0,62.977417,93.69635,197.00298
81.0,105.0,52.482697,98.48148,164.80887
81.0,104.0,67.33497,95.86635,154.2257
81.0,103.0,82.74547,90.12635,163.3242
81.0,102.0,75.868095,93.02431,148.66301
81.0,101.0,55.56667,85.94506,135.01797
81.0,100.0,56.496273,76.733894,139.17358
81.0,99.0,56.60448,93.72335,133.123
81.0,98.0,66.187225,88.39634,147.54433
81.0,97.0,54.429234,77.87135,138.79266
81.0,96.0,61.012367,97.12324,134.44641
81.0,95.0,63.659763,93.36742,149.7801
81.0,94.0,42.97025,86.9054,169.31789
81.0,93.0,56.852882,79.85989,103.66945
81.0,92.0,44.76535,82.12207,142.96204
81.0,91.0,58.988125,80.82113,177.42175
81.0,90.0,78.077774,100.44882,174.51169
81.0,89.0,57.50835,92.480675,156.6546
81.0,88.0,60.817554,85.55115,136.23117
81.0,87.0,57.311245,100.43205,165.93005
81.0,86.0,66.49746,106.950096,153.82132
81.0,85.0,48.98626,83.69464,122.8578
81.0,84.0,68.42598,88.78925,160.87291
81.0,83.0,62.085953,76.80517,153.12788
81.0,82.0,55.17982,92.651764,140.13582
81.0,81.0,59.737198,90.123024,140.8577
81.0,80.0,45.833397,77.65056,131.02287
81.0,79.0,48.40111,78.40055,112.22822
81.0,78.0,48.552853,84.31932,124.44913
81.0,77.0,52.122456,83.76106,122.75042
81.0,76.0,52.51434,90.53307,151.28992
81.0,75.0,52.26154,88.47035,144.33951
81.0,74.0,56.878613,87.49984,138.83788
81.0,73.0,43.35365,74.68395,157.79208
81.0,72.0,51.992584,80.04612,140.96133
81.0,71.0,48.52907,75.18049,120.17051
81.0,70.0,49.45421,70.00735,113.811104
81.0,69.0,51.587418,75.558914,108.40266
81.0,68.0,48.823174,79.15447,117.86258
81.0,67.0,59.58531,61.48693,99.81741
81.0,66.0,41.17301,75.26752,104.68854
81.0,65.0,42.48719,88.48203,114.47533
81.0,64.0,44.35419,72.856186,134.27301
81.0,63.0,48.806316,63.350098,106.15578
81.0,62.0,49.203953,66.29633,108.89712
81.0,61.0,39.807224,61.623123,94.753174
81.0,60.0,58.31485,65.04385,109.164986
81.0,59.0,45.895958,67.124886,95.50005
81.0,58.0,49.178524,64.78581,81.796936
81.0,57.0,46.22201,68.62213,92.454704
81.0,56.0,40.138237,54.79116,103.66547
81.0,55.0,41.8313,58.31016,90.97448
81.0,54.0,49.153645,60.880615,72.41746
81.0,53.0,43.12553,65.384285,114.958855
81.0,52.0,39.22224,59.969852,82.279976
81.0,51.0,29.64812,49.23298,68.04299
81.0,50.0,34.440136,32.48205,83.2674
81.0,49.0,32.38542,51.40051,81.029884
81.0,48.0,29.582964,38.465702,80.983536
81.0,47.0,33.786346,34.393867,62.510147
81.0,46.0,35.032326,41.633698,78.25942
81.0,45.0,34.245625,44.86979,73.43575
81.0,44.0,35.940746,58.392284,78.319626
81.0,43.0,31.411642,54.185066,61.229485
81.0,42.0,42.92639,48.819477,62.664715
81.0,41.0,34.277126,47.68218,89.01423
81.0,40.0,28.225739,40.019466,87.0283
81.0,39.0,35.385193,43.42067,69.664955
81.0,38.0,33.60805,48.472942,54.994576
81.0,37.0,32.083675,35.52868,59.07382
81.0,36.0,18.31922,28.080143,37.58169
81.0,35.0,18.802345,24.854445,55.425274
81.0,34.0,21.125381,43.066,44.33042
81.0,33.0,18.531523,33.455635,37.293007
81.0,32.0,34.49522,40.38825,45.80257
81.0,31.0,19.346361,36.1518,45.04743
81.0,30.0,18.496603,27.242525,46.64648
81.0,29.0,18.731655,25.792067,29.49709
81.0,28.0,15.756818,25.168728,32.902294
81.0,27.0,24.84848,28.225945,44.043907
81.0,26.0,19.09428,24.362299,36.77207
81.0,25.0,23.610485,21.56131,32.502533
81.0,24.0,17.993704,23.826153,38.584408
81.0,23.0,15.201141,32.5323,34.3821
81.0,22.0,19.702915,31.064117,51.576065
81.0,21.0,19.194178,30.483562,29.498302
81.0,20.0,21.959532,30.141022,27.3364
81.0,19.0,13.732476,23.45395,32.8586
81.0,18.0,13.521155,17.08037,26.037857
81.0,17.0,9.556847,13.551101,22.99378
81.0,16.0,11.543808,19.174553,30.263075
81.0,15.0,17.938208,11.594282,21.545752
81.0,14.0,11.7051935,20.01336,25.045555
81.0,13.0,14.045114,19.814941,31.809496
81.0,12.0,13.829,15.369205,22.287167
81.0,11.0,7.302877,15.977642,16.26439
81.0,10.0,5.7452216,10.955587,17.605465
81.0,9.0,3.741487,9.821365,24.57534
81.0,8.0,5.5307837,9.406056,17.052233
82.0,140.0,69.70569,108.611786,198.95947
82.0,139.0,81.8951,117.878006,229.12021
82.0,138.0,91.6196,127.21948,209.95235
82.0,137.0,97.08867,120.67988,216.34615
82.0,136.0,93.86004,108.26542,185.33588
82.0,135.0,78.003426,125.5148,221.31264
82.0,134.0,85.6,117.8745,206.77155
82.0,133.0,74.44077,119.4598,173.93791
82.0,132.0,87.44405,105.94279,212.55988
82.0,131.0,66.942,117.08733,234.75706
82.0,130.0,78.31699,103.498924,249.39871
82.0,129.0,74.93863,110.45455,189.8428
82.0,128.0,72.99653,111.65542,211.71533
82.0,127.0,84.802155,106.600334,206.51938
82.0,126.0,72.52494,101.276985,182.3643
82.0,125.0,84.17193,112.28901,202.36656
82.0,124.0,68.90205,100.400734,209.01245
82.0,123.0,80.79365,103.58412,190.94176
82.0,122.0,74.26526,97.89307,193.24384
82.0,121.0,82.770386,114.52437,200.22098
82.0,120.0,80.0673,112.09241,165.77725
82.0,119.0,70.41445,89.84612,138.59927
82.0,118.0,78.479065,103.18312,186.65532
82.0,117.0,65.66709,106.881516,223.73662
82.0,116.0,72.16843,104.33974,185.56958
82.0,115.0,71.52463,110.730965,172.98572
82.0,114.0,74.13759,123.23947,171.4229
82.0,113.0,89.32545,115.04598,234.6042
82.0,112.0,71.44308,115.63603,211.9855
82.0,111.0,76.46155,99.9673,197.01485
82.0,110.0,73.31214,112.83348,236.66826
82.0,109.0,93.825,109.06521,204.47775
82.0,108.0,70.62464,113.88299,182.79773
82.0,107.0,83.06052,114.63747,211.07004
82.0,106.0,82.61139,129.91884,189.82983
82.0,105.0,83.94385,119.512405,197.90166
82.0,104.0,82.55432,125.2282,187.20224
82.0,103.0,98.594536,118.55451,215.05609
82.0,102.0,83.5942,122.65855,215.53342
82.0,101.0,80.367546,109.30819,205.96056
82.0,100.0,71.32585,113.977036,202.68195
82.0,99.0,71.38446,120.280304,189.40433
82.0,98.0,81.68507,110.06607,214.07915
82.0,97.0,82.41167,100.603004,209.0389
82.0,96.0,77.23164,104.32724,176.68123
82.0,95.0,71.2177,107.22141,209.2013
82.0,94.0,71.87461,114.11993,201.99713
82.0,93.0,64.04524,97.80612,171.38763
82.0,92.0,76.25848,105.64336,209.84187
82.0,91.0,66.61181,105.914604,191.01659
82.0,90.0,79.036865,103.33429,207.71135
82.0,89.0,63.256836,106.4881,177.14459
82.0,88.0,62.661602,97.43964,187.43198
82.0,87.0,60.41829,101.312035,199.30942
82.0,86.0,64.59765,95.67372,202.7221
82.0,85.0,73.87877,108.50804,153.16505
82.0,84.0,71.020676,111.89405,184.07603
82.0,83.0,73.59663,104.815414,155.84619
82.0,82.0,90.76028,109.56645,224.41241
82.0,81.0,88.2546,107.668785,194.97035
82.0,80.0,67.08088,107.8899,177.88203
82.0,79.0,69.34854,95.52493,190.07626
82.0,78.0,61.647568,101.31914,240.11879
82.0,77.0,74.78535,98.03831,185.70895
82.0,76.0,94.32964,105.5733,189.0024
82.0,75.0,73.88801,108.22384,212.46114
82.0,74.0,66.35479,100.64756,198.16554
82.0,73.0,73.415375,105.73521,174.78635
82.0,72.0,60.993916,93.57802,190.86516
82.0,71.0,76.21255,83.688416,186.64946
82.0,70.0,67.11171,80.11383,189.10896
82.0,69.0,54.82302,90.60482,161.3067
82.0,68.0,55.479073,91.14829,170.87503
82.0,67.0,65.49509,88.410324,219.50206
82.0,66.0,56.03851,85.67772,167.43681
82.0,65.0,55.927418,86.24211,154.19246
82.0,64.0,45.12577,92.27859,141.8611
82.0,63.0,71.83409,111.856125,152.5322
82.0,62.0,55.830124,99.68015,139.79515
82.0,61.0,72.1872,93.014656,158.50719
82.0,60.0,58.70154,94.91681,170.75226
82.0,59.0,55.90043,74.249405,194.68488
82.0,58.0,46.16435,85.97533,181.0128
82.0,57.0,48.8701,76.21985,223.08955
82.0,56.0,51.43788,84.66774,169.72748
82.0,55.0,46.62455,75.35865,144.83528
82.0,54.0,51.66448,95.445244,166.422
82.0,53.0,43.556194,65.351425,138.71242
82.0,52.0,63.72102,86.546005,148.88736
82.0,51.0,52.9325,77.665245,133.2661
82.0,50.0,53.47362,91.976974,173.6253
82.0,49.0,67.90186,87.443985,138.33104
82.0,48.0,46.58389,69.819115,161.39949
82.0,47.0,50.01676,75.896675,156.21263
82.0,46.0,49.28946,82.54626,181.07838
82.0,45.0,51.33658,80.17511,135.6145
82.0,44.0,53.38291,101.65378,169.43848
82.0,43.0,41.551826,93.87214,139.05133
82.0,42.0,52.652336,99.13268,140.87846
82.0,41.0,55.26477,87.52561,147.87437
82.0,40.0,58.536366,83.78439,95.031456
82.0,39.0,49.376354,82.443726,99.660576
82.0,38.0,44.802277,84.07209,139.89214
82.0,37.0,37.066013,81.714775,95.0131
82.0,36.0,45.2083,65.12562,111.695564
82.0,35.0,42.023544,59.378555,120.38229
82.0,34.0,68.3532,73.02507,124.060684
82.0,33.0,48.45424,78.93333,110.19304
82.0,32.0,44.73308,57.828568,89.99164
82.0,31.0,39.384777,60.273968,79.0865
82.0,30.0,26.789202,53.741005,80.8526
82.0,29.0,33.345985,48.026157,76.38412
82.0,28.0,31.04639,53.347443,71.8291
82.0,27.0,31.448736,53.93823,77.3713
82.0,26.0,27.765896,61.948315,80.06344
82.0,25.0,26.040121,47.977222,69.37563
82.0,24.0,23.899044,46.803513,70.18621
82.0,23.0,29.797874,49.92599,90.56139
82.0,22.0,21.916088,18.95875,68.58863
82.0,21.0,20.595247,27.92053,52.514446
82.0,20.0,25.443497,18.548637,51.361095
82.0,19.0,21.761929,24.04514,42.744846
82.0,18.0,21.570707,19.54532,41.63754
82.0,17.0,21.896599,11.687174,63.22766
82.0,16.0,18.332691,13.9198065,40.187
82.0,15.0,27.735565,23.150888,38.992493
82.0,14.0,12.619873,16.342676,29.58698
82.0,13.0,20.98599,18.794762,28.089603
82.0,12.0,14.940512,17.600582,26.269217
82.0,11.0,13.252808,13.61948,30.029552
82.0,10.0,6.572045,9.786161,19.935247
82.0,9.0,4.0875316,8.609603,20.19733
83.0,179.0,82.788506,128.26736,213.27898
83.0,178.0,79.66034,131.54462,226.5758
83.0,177.0,86.44535,118.52255,209.12929
83.0,176.0,75.73357,114.01245,278.90094
83.0,175.0,72.98792,129.03177,245.63338
83.0,174.0,90.213776,117.096535,265.1003
83.0,173.0,83.45642,127.44547,220.13524
83.0,172.0,84.14793,116.46338,202.33424
83.0,171.0,79.86779,121.39089,233.39523
83.0,170.0,85.367134,121.57754,228.34988
83.0,169.0,91.54114,127.28125,242.94586
83.0,168.0,95.75867,117.93525,228.73491
83.0,167.0,96.85389,118.343185,196.047
83.0,166.0,94.30602,130.2354,240.08963
83.0,165.0,82.810165,103.57151,251.3345
83.0,164.0,80.70149,115.954834,288.35355
83.0,163.0,86.543076,109.841095,207.1476
83.0,162.0,95.58882,122.946945,220.67273
83.0,161.0,73.256805,111.95699,193.88028
83.0,160.0,84.053314,121.817474,205.03511
83.0,159.0,80.26781,108.54377,219.83185
83.0,158.0,79.13928,122.23089,203.664
83.0,157.0,100.20743,124.50072,204.0589
83.0,156.0,81.49335,129.7123,238.01964
83.0,155.0,77.625694,117.39597,239.16458
83.0,154.0,82.60076,121.632416,196.9142
83.0,153.0,81.83292,112.665375,218.37811
83.0,152.0,75.834656,124.58362,220.11337
83.0,151.0,82.20932,122.37713,229.04103
83.0,150.0,76.68877,121.371994,226.62259
83.0,149.0,83.840965,128.69037,242.01787
83.0,148.0,70.62279,124.78852,223.25923
83.0,147.0,80.571594,134.35376,202.20905
83.0,146.0,104.31737,132.47281,217.96275
83.0,145.0,88.54613,133.3962,229.34546
83.0,144.0,77.709175,120.690254,202.82626
83.0,143.0,87.74605,114.23611,223.0052
83.0,142.0,68.37502,109.35333,231.18356
83.0,141.0,76.93229,118.918724,251.52206
83.0,140.0,74.83236,121.54851,207.68991
83.0,139.0,81.53485,120.32983,171.67444
83.0,138.0,79.39514,125.89053,222.95535
83.0,137.0,79.02374,122.03,268.70758
84.0,199.0,81.14537,143.14195,261.00366
84.0,198.0,84.35376,127.479904,207.66086
84.0,197.0,65.354675,109.8146,192.2826
84.0,196.0,65.998795,110.12118,222.9016
84.0,195.0,78.28708,117.923546,182.44772
84.0,194.0,65.34276,122.399185,220.41353
84.0,193.0,77.22634,133.44527,198.07056
84.0,192.0,67.66389,124.65995,194.1359
84.0,191.0,73.91891,122.6916,189.65681
84.0,190.0,80.518654,117.46055,218.2553
84.0,189.0,77.909515,111.06134,211.89255
84.0,188.0,68.76534,124.150955,261.40286
84.0,187.0,80.6359,129.42017,237.67198
84.0,186.0,77.0755,125.47836,191.69312
84.0,185.0,80.20495,108.50429,203.06708
84.0,184.0,78.0377,99.36333,173.03816
84.0,183.0,68.04805,100.88564,195.67976
84.0,182.0,63.74222,100.74242,168.88754
84.0,181.0,76.54929,104.425735,228.06166
84.0,180.0,84.89758,118.22153,226.55835
84.0,179.0,71.532295,117.7046,182.33847
84.0,178.0,77.04818,112.696785,158.5264
84.0,177.0,75.95042,103.78659,198.19409
84.0,176.0,79.08074,126.254265,209.36603
84.0,175.0,75.87551,126.17351,203.1099
84.0,174.0,77.09345,135.17674,226.6072
84.0,173.0,77.77165,121.99556,229.60048
84.0,172.0,76.90515,113.08626,238.91391
84.0,171.0,67.475044,117.4137,211.89287
84.0,170.0,70.4064,115.81972,206.37029
84.0,169.0,79.13468,125.09549,229.53229
84.0,168.0,72.64824,98.14338,186.5327
84.0,167.0,74.645676,121.426,183.33223
84.0,166.0,70.80321,121.85097,177.10849
84.0,165.0,89.83655,128.6981,242.31123
84.0,164.0,75.97424,122.47556,194.50967
84.0,163.0,80.58146,121.28741,197.64949
84.0,162.0,65.84012,122.07143,232.57289
84.0,161.0,76.68698,120.545204,244.57385
84.0,160.0,70.226494,119.03202,198.53159
84.0,159.0,68.73011,101.525444,201.94702
84.0,158.0,73.40509,114.786476,223.58923
84.0,157.0,74.30751,114.6917,177.85185
84.0,156.0,66.82018,128.7105,192.77867
84.0,155.0,77.92918,131.9288,167.32121
84.0,154.0,78.6731,131.49207,214.18784
84.0,153.0,82.307915,124.80809,225.82527
84.0,152.0,81.061935,123.64962,226.40463
84.0,151.0,80.86322,129.67084,244.78458
84.0,150.0,81.97541,125.33377,214.42776
84.0,149.0,76.91872,126.447426,191.89671
84.0,148.0,83.295586,118.465744,216.15707
84.0,147.0,76.322105,130.51973,224.45815
84.0,146.0,72.535545,120.868904,197.81891
84.0,145.0,81.59596,127.7647,197.05832
84.0,144.0,73.74468,130.39168,192.35991
84.0,143.0,92.13726,137.27411,184.21088
84.0,142.0,75.9391,122.10123,198.23178
84.0,141.0,66.32887,122.18887,224.8995
84.0,140.0,67.84109,125.435356,226.0543
84.0,139.0,61.10069,112.17314,187.9358
84.0,138.0,70.281784,111.61271,197.50423
84.0,137.0,95.58448,119.95442,239.78424
84.0,136.0,81.27498,122.38429,204.6864
84.0,135.0,74.78037,112.70083,186.77896
84.0,134.0,73.86191,133.20897,220.0334
84.0,133.0,69.51358,130.7138,185.2437
84.0,132.0,73.11882,116.5111,177.74945
84.0,131.0,57.09264,113.66695,165.64911
84.0,130.0,70.330025,114.80534,187.1279
84.0,129.0,64.49776,108.28341,144.07439
84.0,128.0,66.14046,102.99201,174.62964
84.0,127.0,54.65083,108.34914,207.73131
84.0,126.0,63.45688,108.32032,172.24889
84.0,125.0,60.404747,124.57556,174.77393
84.0,124.0,71.68905,114.23463,180.07968
84.0,123.0,71.18035,115.484764,205.92052
84.0,122.0,68.17641,110.03234,188.48666
84.0,121.0,69.43894,115.24182,197.70638
84.0,120.0,56.751076,94.39054,183.8612
84.0,119.0,62.05022,89.099174,174.6134
84.0,118.0,56.924923,92.97182,152.51793
84.0,117.0,87.3927,109.986145,183.44235
84.0,116.0,68.334915,104.69644,209.53537
84.0,115.0,64.897125,105.233154,160.0007
84.0,114.0,66.21225,116.36774,185.48741
84.0,113.0,79.44681,119.15123,167.53111
84.0,112.0,85.99373,113.78259,168.57724
84.0,111.0,79.80745,118.97339,217.24193
84.0,110.0,72.36849,120.54981,223.20401
84.0,109.0,65.56181,114.603676,177.033
84.0,108.0,83.95723,109.21338,157.02203
84.0,107.0,66.48855,115.26096,171.23386
84.0,106.0,73.905556,113.44674,167.78006
84.0,105.0,67.8586,109.16194,196.49104
84.0,104.0,67.662254,121.013435,162.86423
84.0,103.0,61.613735,107.035,160.01822
84.0,102.0,72.06888,111.159195,190.03589
84.0,101.0,71.9023,100.92955,207.20844
84.0,100.0,115.73626,114.18865,166.59695
84.0,99.0,59.81531,87.6932,155.30699
84.0,98.0,56.047592,93.65508,180.3594
84.0,97.0,54.966545,90.8222,158.84071
84.0,96.0,51.232197,93.19336,163.98346
84.0,95.0,54.388615,97.44058,148.59317
84.0,94.0,60.90874,95.32051,176.62622
84.0,93.0,86.46076,113.97562,102.484985
84.0,92.0,57.36708,86.09954,141.17062
84.0,91.0,64.58806,106.52544,173.09573
84.0,90.0,60.168896,102.59063,170.79027
84.0,89.0,59.468998,87.5027,160.06459
84.0,88.0,70.29043,104.66096,166.68872
84.0,87.0,61.175426,103.23917,167.74786
84.0,86.0,66.49085,102.77361,174.64992
84.0,85.0,60.958935,85.112015,137.69398
84.0,84.0,60.59011,98.26522,145.3297
84.0,83.0,55.71666,86.81777,137.8453
84.0,82.0,61.372227,78.46951,150.64278
84.0,81.0,47.84402,91.7911,124.729904
84.0,80.0,39.06471,89.05675,105.29339
84.0,79.0,64.92352,80.0248,97.94399
84.0,78.0,57.059673,87.702934,100.856186
84.0,77.0,49.99399,87.394585,126.21861
84.0,76.0,51.298264,83.83311,114.14242
84.0,75.0,53.786026,81.17523,113.28967
84.0,74.0,55.104942,88.43358,114.82037
84.0,73.0,54.90338,98.78698,138.14859
84.0,72.0,48.123016,87.0435,146.75742
84.0,71.0,53.957474,99.71731,146.8373
84.0,70.0,48.505978,84.900215,144.58282
84.0,69.0,43.208813,77.80399,143.59119
84.0,68.0,46.34111,87.31549,128.85126
84.0,67.0,43.25676,69.92474,165.11688
84.0,66.0,37.618904,64.39282,98.7886
84.0,65.0,44.064636,62.28368,93.33214
84.0,64.0,42.99942,72.96765,101.59066
84.0,63.0,43.552544,78.624664,95.11045
84.0,62.0,44.18166,70.26751,100.56114
84.0,61.0,46.9082,78.307465,93.6377
84.0,60.0,41.512417,66.94207,105.5531
84.0,59.0,49.713287,77.18475,111.23819
84.0,58.0,42.464195,86.02862,144.83765
85.0,121.0,76.81174,130.08852,192.71243
85.0,120.0,81.902176,131.87697,201.78957
85.0,119.0,87.93593,127.91015,207.3517
85.0,118.0,82.89307,127.66383,172.29306
86.0,168.0,78.41502,109.11332,189.48984
86.0,167.0,78.19435,132.88412,176.662
86.0,166.0,103.455414,136.82568,228.39563
86.0,165.0,77.24218,116.29605,233.7349
86.0,164.0,86.87872,134.12411,253.85493
86.0,163.0,77.19192,123.95662,237.31476
86.0,162.0,74.57097,112.4096,194.32016
86.0,161.0,65.47087,109.17305,232.17412
86.0,160.0,72.39204,109.97154,221.04475
86.0,159.0,66.16725,108.44134,195.133
86.0,158.0,69.12708,123.36086,201.96391
86.0,157.0,99.71419,106.67844,210.30649
86.0,156.0,63.704033,118.21777,189.04028
86.0,155.0,75.04964,103.44772,214.6072
86.0,154.0,88.71754,122.45375,191.65013
86.0,153.0,74.34756,132.34554,217.32037
86.0,152.0,79.19816,132.686,214.28714
86.0,151.0,75.415184,133.03914,231.93082
86.0,150.0,78.4607,124.39858,199.52074
86.0,149.0,82.27439,125.625465,225.78719
86.0,148.0,73.23155,119.052704,211.46251
86.0,147.0,80.09789,119.335594,280.27997
86.0,146.0,70.702034,121.31182,205.719
86.0,145.0,82.09269,129.9388,206.06265
86.0,144.0,77.916664,115.286194,201.07904
86.0,143.0,74.84427,115.05465,216.72618
86.0,142.0,83.91269,119.13554,172.85475
86.0,141.0,87.831245,117.17973,219.3955
86.0,140.0,61.672398,109.5663,183.76947
86.0,139.0,56.1249,100.32604,191.14214
86.0,138.0,60.223633,106.3409,180.99963
86.0,137.0,67.09957,100.88692,184.46745
86.0,136.0,81.1119,111.44488,209.05154
86.0,135.0,88.10417,116.109604,212.80724
86.0,134.0,82.78027,115.422485,234.88869
86.0,133.0,74.615906,124.7421,201.6311
86.0,132.0,80.8426,110.37171,217.80699
86.0,131.0,77.02691,132.2212,201.01988
86.0,130.0,76.14395,124.59498,221.21654
86.0,129.0,71.292595,112.29315,200.90573
86.0,128.0,74.856766,118.69911,181.97273
86.0,127.0,72.66072,113.99589,175.94408
86.0,126.0,75.92074,112.91065,193.88283
86.0,125.0,64.9199,107.80368,196.44337
86.0,124.0,89.68598,103.8767,223.32771
86.0,123.0,64.30347,112.24562,183.42717
86.0,122.0,76.857475,97.90744,164.92378
86.0,121.0,86.829384,98.49483,213.35925
86.0,120.0,70.97259,106.22762,134.98662
86.0,119.0,70.75562,106.79213,178.13272
86.0,118.0,79.44453,110.0415,176.49614
86.0,117.0,65.29935,110.28379,157.501
86.0,116.0,67.63482,119.708595,203.83762
86.0,115.0,89.53928,111.679634,187.52245
86.0,114.0,77.22069,104.42136,203.67682
86.0,113.0,88.32138,111.52352,167.86917
86.0,112.0,69.23692,104.93731,175.59705
86.0,111.0,63.005733,100.35555,143.61627
86.0,110.0,64.4173,92.4562,170.68636
86.0,109.0,61.599503,93.456924,150.95236
86.0,108.0,52.809227,81.82773,161.68027
86.0,107.0,64.48024,101.67071,180.29729
86.0,106.0,57.970047,94.050575,144.67192
86.0,105.0,64.95719,92.46186,181.79431
86.0,104.0,59.473682,104.94554,172.64844
86.0,103.0,66.826996,111.49094,197.71541
86.0,102.0,76.02036,98.50903,161.46146
86.0,101.0,60.141384,96.63998,204.0981
86.0,100.0,62.775574,105.98515,169.34059
86.0,99.0,56.12306,88.97949,176.89345
86.0,98.0,63.808533,125.68201,200.52403
86.0,97.0,55.792805,109.96636,170.08768
86.0,96.0,55.359154,116.06604,174.70667
86.0,95.0,62.571144,110.953926,164.28772
86.0,94.0,49.982674,109.688194,202.91307
86.0,93.0,51.71133,95.26256,177.68097
86.0,92.0,60.20886,96.54645,195.67758
86.0,91.0,63.027107,112.2671,174.99562
86.0,90.0,66.77369,113.73303,157.90363
86.0,89.0,63.08274,108.241104,168.5783
87.0,141.0,98.35552,131.42174,206.89835
87.0,140.0,87.25956,118.460556,206.71072
87.0,139.0,89.585556,129.58015,197.63354
87.0,138.0,100.495026,125.99865,248.5074
87.0,137.0,99.1753,127.76592,202.44096
87.0,136.0,94.57808,133.12524,236.26962
87.0,135.0,118.00577,133.57335,221.55432
87.0,134.0,90.43576,125.1205,234.412
87.0,133.0,94.01361,137.48738,217.77406
87.0,132.0,106.161896,145.71834,199.68036
87.0,131.0,103.181404,140.83395,261.20297
87.0,130.0,100.69256,148.14024,192.42465
87.0,129.0,95.987976,143.41914,205.308
87.0,128.0,105.087555,119.29153,206.67743
87.0,127.0,86.36158,134.17957,220.8829
87.0,126.0,104.29894,132.36496,235.97385
87.0,125.0,94.40809,134.80553,215.66988
87.0,124.0,103.783066,123.59318,217.43617
87.0,123.0,106.50272,126.92304,211.50935
87.0,122.0,87.89316,123.12064,252.50726
87.0,121.0,90.5179,118.89784,230.48123
87.0,120.0,89.64009,123.869705,195.60234
87.0,119.0,90.056984,130.33926,215.51698
87.0,118.0,91.51447,125.561646,201.1923
87.0,117.0,88.98978,119.67841,226.95218
87.0,116.0,84.60478,125.23342,227.33884
88.0,152.0,79.46701,143.06473,196.45961
88.0,151.0,80.48049,135.85892,212.76884
88.0,150.0,83.99086,130.7537,206.79994
88.0,149.0,75.33489,137.37703,178.58209
88.0,148.0,69.32379,147.83444,162.4446
88.0,147.0,73.50126,134.24423,186.96967
88.0,146.0,86.497025,133.37144,180.93282
88.0,145.0,91.743195,124.557205,170.01682
88.0,144.0,76.22656,123.74929,166.49652
88.0,143.0,58.108738,116.86053,160.13338
88.0,142.0,68.941154,113.45738,116.33105
88.0,141.0,66.9558,115.18277,138.03749
88.0,140.0,61.34926,108.167816,142.89142
88.0,139.0,74.32124,124.50796,179.53175
88.0,138.0,67.10609,116.90431,155.11258
88.0,137.0,74.3288,133.11665,147.20671
88.0,136.0,65.92642,111.47561,168.51929
88.0,135.0,60.599705,105.55051,173.43633
88.0,134.0,73.1057,109.7196,143.68735
88.0,133.0,65.71185,125.050804,124.051155
88.0,132.0,67.025734,103.6298,141.88814
88.0,131.0,71.042435,99.20362,163.82082
88.0,130.0,68.47975,114.502686,154.68613
88.0,129.0,76.752625,121.72131,141.2187
88.0,128.0,68.00792,117.7941,189.18237
88.0,127.0,68.739204,132.1095,192.13846
88.0,126.0,71.1136,120.76048,160.6451
88.0,125.0,81.438156,131.45914,171.62534
88.0,124.0,60.477104,113.03365,150.45976
88.0,123.0,60.079945,116.07937,144.50337
88.0,122.0,68.43912,116.34027,164.73828
88.0,121.0,66.51226,119.62578,130.65695
88.0,120.0,62.236847,120.44912,174.07576
88.0,119.0,63.36121,132.788,173.68759
88.0,118.0,58.032513,108.26219,165.22316
88.0,117.0,64.492134,109.82267,145.28398
88.0,116.0,65.31919,124.708984,152.63828
88.0,115.0,60.26292,133.49123,129.53493
89.0,282.0,84.4838,146.23857,164.8088
89.0,281.0,88.26875,138.55367,192.52477
89.0,280.0,82.418755,141.67026,184.05788
89.0,279.0,83.21777,138.6644,204.9022
89.0,278.0,100.80676,135.3998,176.63802
89.0,277.0,87.5776,141.39566,186.25896
89.0,276.0,91.44453,134.70213,189.64796
89.0,275.0,97.15116,127.83981,171.99815
89.0,274.0,84.35296,141.86821,174.41447
89.0,273.0,79.49083,137.30774,188.86371
89.0,272.0,93.74057,134.72336,200.23427
89.0,271.0,84.89925,139.47739,187.47455
89.0,270.0,88.31267,137.15509,195.74812
89.0,269.0,84.03459,150.1201,234.70667
89.0,268.0,99.00558,144.27753,198.65826
89.0,267.0,98.882866,144.29065,202.28462
89.0,266.0,96.50528,143.77025,203.30153
89.0,265.0,93.00413,145.94682,176.79924
89.0,264.0,97.40981,142.23021,207.30052
89.0,263.0,85.85447,138.39232,197.56245
89.0,262.0,86.91091,130.08714,192.54018
89.0,261.0,94.11446,144.0217,206.08041
89.0,260.0,92.121574,144.89961,204.20992
89.0,259.0,87.98169,140.25879,188.27916
89.0,258.0,90.6582,140.75415,184.26144
89.0,257.0,85.85572,139.33797,168.80193
89.0,256.0,87.95314,130.30441,195.00441
89.0,255.0,107.65721,124.13392,189.37016
89.0,254.0,84.91142,135.03073,191.6051
89.0,253.0,83.62694,139.95468,190.21153
89.0,252.0,84.32658,132.9432,221.65053
89.0,251.0,73.261,130.31467,196.59247
89.0,250.0,80.28915,134.0936,212.07394
89.0,249.0,75.858154,134.18587,176.41212
89.0,248.0,77.251816,141.19765,171.4144
89.0,247.0,74.78121,134.18636,180.6841
89.0,246.0,79.57085,115.12452,189.63586
89.0,245.0,66.840355,121.60019,178.52509
89.0,244.0,80.81772,128.13658,172.91356
89.0,243.0,85.4592,138.80899,194.00246
89.0,242.0,80.7205,117.80864,175.19254
89.0,241.0,82.135155,127.35673,173.91481
89.0,240.0,82.029594,131.54918,195.12933
89.0,239.0,91.17297,133.24806,196.6643
89.0,238.0,80.49184,136.5828,208.77258
89.0,237.0,94.05011,150.40126,191.21573
89.0,236.0,85.16718,123.166374,185.69395
89.0,235.0,80.35074,133.1625,204.07396
89.0,234.0,91.42118,126.558784,163.82898
89.0,233.0,81.36454,140.0217,195.26259
89.0,232.0,95.18828,133.53015,177.91399
89.0,231.0,94.40845,124.44253,180.34836
89.0,230.0,75.51716,132.3022,185.58917
89.0,229.0,82.04635,136.28658,174.73573
89.0,228.0,71.56735,121.84013,157.06064
89.0,227.0,77.780624,131.6378,193.28452
89.0,226.0,74.96196,125.80705,168.91159
89.0,225.0,86.36259,122.103836,201.31935
89.0,224.0,83.08973,132.38905,165.55528
89.0,223.0,76.11631,123.43589,163.10544
89.0,222.0,89.20687,141.43967,217.25659
89.0,221.0,78.90783,134.12245,202.97745
89.0,220.0,90.89865,147.47171,179.8467
89.0,219.0,85.27562,144.4867,189.48943
89.0,218.0,85.80802,133.24866,191.85411
89.0,217.0,70.561745,131.52654,177.25745
89.0,216.0,76.13576,140.35414,176.76732
89.0,215.0,72.36954,128.44112,166.15143
89.0,214.0,81.34744,137.07469,174.30063
89.0,213.0,78.29813,123.61432,187.99261
89.0,212.0,84.3777,119.75319,176.01308
89.0,211.0,75.010124,130.35364,184.43794
89.0,210.0,83.45118,128.44397,163.42412
89.0,209.0,76.975845,126.53779,166.38023
89.0,208.0,73.40954,117.4346,177.69878
89.0,207.0,91.92342,139.81949,196.34558
89.0,206.0,79.390915,119.8055,195.23315
89.0,205.0,83.35935,134.23425,193.87518
89.0,204.0,74.98318,135.90144,160.66243
89.0,203.0,76.87247,125.20842,173.87927
89.0,202.0,84.66185,132.11562,176.0096
89.0,201.0,78.410995,134.0856,186.41798
89.0,200.0,92.8074,139.5478,161.69186
89.0,199.0,103.82768,122.36878,170.76733
89.0,198.0,76.44812,130.14644,168.82776
89.0,197.0,83.31646,134.56082,181.51976
89.0,196.0,74.26633,138.68634,173.81706
89.0,195.0,83.934975,142.36018,189.24821
89.0,194.0,66.660576,128.83936,193.22113
89.0,193.0,87.24997,142.44148,169.14807
89.0,192.0,61.496548,126.91634,178.5158
89.0,191.0,79.26721,134.55086,168.87297
89.0,190.0,80.091835,132.7829,153.77882
89.0,189.0,77.90831,132.29587,173.81287
89.0,188.0,76.35733,133.31534,191.20181
89.0,187.0,82.56429,121.481476,182.2502
89.0,186.0,75.379944,127.70985,187.38945
89.0,185.0,74.21731,131.66747,188.96019
89.0,184.0,72.81752,132.31506,161.1221
89.0,183.0,78.033745,129.28818,201.26552
89.0,182.0,79.816666,124.92687,184.92029
89.0,181.0,86.715805,126.97663,183.30359
89.0,180.0,86.83118,112.9735,184.0703
89.0,179.0,81.61377,123.129684,203.13806
89.0,178.0,70.17898,127.78272,174.64838
89.0,177.0,70.23419,146.1135,184.82814
89.0,176.0,78.681435,139.30522,196.39029
89.0,175.0,77.46333,148.2678,191.38802
89.0,174.0,85.53576,135.43195,170.34807
89.0,173.0,85.5897,133.97447,166.1538
89.0,172.0,85.20096,119.330444,177.30428
89.0,171.0,74.67461,121.38763,132.77779
89.0,170.0,69.47672,133.73683,179.58588
89.0,169.0,70.797844,120.9098,188.66325
89.0,168.0,84.15335,131.09781,168.78548
89.0,167.0,89.089615,128.75186,205.96179
89.0,166.0,82.48742,118.962265,187.9179
89.0,165.0,92.051704,138.62338,168.02905
89.0,164.0,99.7097,129.74753,178.89703
89.0,163.0,74.999146,140.38043,197.94957
89.0,162.0,78.873024,112.16019,175.4634
89.0,161.0,78.15246,117.86093,172.90941
89.0,160.0,67.105774,114.960785,191.57436
89.0,159.0,67.16285,109.34293,178.793
89.0,158.0,74.84179,126.64764,186.73726
89.0,157.0,66.38899,117.69928,173.79788
89.0,156.0,99.79633,137.42656,174.29193
89.0,155.0,105.14882,125.98828,165.7891
89.0,154.0,77.70242,130.43555,160.4749
89.0,153.0,69.35836,107.89118,190.44986
89.0,152.0,75.48453,129.39409,185.74432
89.0,151.0,69.489456,132.76009,164.15375
89.0,150.0,67.45108,124.50222,202.19821
89.0,149.0,102.23645,119.578445,185.06313
89.0,148.0,75.86697,119.71201,177.76375
89.0,147.0,62.03286,119.07399,168.08162
89.0,146.0,70.59274,123.444305,177.55518
89.0,145.0,87.895035,123.46299,157.26479
89.0,144.0,74.37906,112.9901,168.21251
89.0,143.0,71.49462,105.1765,158.71036
89.0,142.0,73.83029,121.54775,184.79713
89.0,141.0,68.75988,117.92465,170.24544
89.0,140.0,75.30675,128.82399,177.9856
89.0,139.0,73.73874,120.522865,174.41774
89.0,138.0,74.55806,122.80903,189.72731
89.0,137.0,75.61642,118.71651,164.40263
89.0,136.0,71.44798,126.26409,170.21129
90.0,143.0,92.03686,145.60617,237.85458
90.0,142.0,80.482475,127.60869,272.9514
90.0,141.0,86.801865,136.29713,211.03844
90.0,140.0,99.61433,126.923874,223.23878
90.0,139.0,90.001595,128.61215,250.33557
90.0,138.0,90.96405,139.40121,244.56834
90.0,137.0,97.078064,120.33097,255.3974
90.0,136.0,98.9521,146.72957,214.14247
90.0,135.0,112.47244,131.23323,229.58463
90.0,134.0,75.1182,122.79631,237.52037
90.0,133.0,83.01642,126.33074,246.70277
90.0,132.0,98.75575,130.62282,210.53206
90.0,131.0,77.76127,130.78235,221.24179
90.0,130.0,68.71546,144.54987,201.96297
90.0,129.0,77.25985,118.83412,213.29243
90.0,128.0,74.36597,122.94372,189.45767
90.0,127.0,78.25069,131.01482,203.29478
90.0,126.0,76.709366,113.486046,216.73447
90.0,125.0,70.16062,119.49876,208.19972
90.0,124.0,79.26597,126.39749,182.44505
90.0,123.0,79.52598,133.40123,171.82538
90.0,122.0,75.19613,116.168976,167.41393
90.0,121.0,76.63282,121.74153,189.71072
90.0,120.0,93.3854,129.61047,203.48236
90.0,119.0,77.225586,119.905785,190.6256
90.0,118.0,68.23056,103.19338,183.8712
90.0,117.0,77.59078,102.05594,236.20395
90.0,116.0,73.041145,83.75914,186.5061
90.0,115.0,92.4101,118.546234,224.31815
90.0,114.0,77.87682,126.89117,205.56532
90.0,113.0,85.58261,139.24173,211.3166
90.0,112.0,73.423195,108.32861,177.95433
90.0,111.0,68.31609,115.41503,205.51538
90.0,110.0,73.385315,113.07637,181.61711
90.0,109.0,71.62685,105.13099,186.6173
90.0,108.0,62.89139,106.92386,191.12332
90.0,107.0,61.92219,107.826,188.77861
90.0,106.0,81.137436,105.16766,180.71416
90.0,105.0,71.265915,114.56814,193.27359
90.0,104.0,83.75545,118.715935,201.2769
90.0,103.0,78.92916,122.34215,167.15709
90.0,102.0,82.03871,119.38575,234.50328
90.0,101.0,105.59101,122.21962,213.47752
90.0,100.0,82.41291,118.200165,215.86328
90.0,99.0,73.79412,113.46871,226.52455
90.0,98.0,72.49188,115.26621,197.0243
90.0,97.0,64.91893,106.94234,172.03926
90.0,96.0,70.976746,109.86272,159.15561
90.0,95.0,57.380783,91.294975,200.8313
90.0,94.0,70.472496,110.43744,170.6646
90.0,93.0,71.53944,99.147606,196.71165
90.0,92.0,68.89089,105.88743,189.03017
90.0,91.0,71.02836,115.51043,185.90971
90.0,90.0,67.51073,134.5456,197.66118
90.0,89.0,63.667072,111.61166,190.28261
90.0,88.0,60.604,112.426285,172.08078
90.0,87.0,61.90918,102.56592,174.11163
90.0,86.0,53.59263,97.11692,181.09955
90.0,85.0,65.72655,114.64858,167.45982
90.0,84.0,67.59682,118.88175,197.0143
90.0,83.0,70.8335,123.40675,179.95743
90.0,82.0,67.295906,113.244415,175.2109
90.0,81.0,69.84347,100.24609,164.1171
90.0,80.0,66.84819,112.08379,161.69588
90.0,79.0,73.75747,107.29102,222.968
90.0,78.0,78.04059,98.41868,183.16634
90.0,77.0,64.48922,107.40385,194.74907
90.0,76.0,64.249886,122.60143,192.7362
90.0,75.0,70.19507,115.67563,186.56525
90.0,74.0,67.39406,110.09336,189.24486
90.0,73.0,60.993694,119.31905,214.27585
90.0,72.0,61.416035,123.4636,180.08391
90.0,71.0,69.916084,115.164375,149.942
90.0,70.0,63.565563,101.940094,184.44183
90.0,69.0,56.65393,109.29547,158.15411
90.0,68.0,61.321297,93.45739,158.85822
90.0,67.0,56.461437,87.20025,177.49455
90.0,66.0,54.666523,98.14586,130.5968
90.0,65.0,48.974094,90.61699,142.86104
90.0,64.0,59.533245,94.44919,157.4998
90.0,63.0,61.44331,90.41728,179.67282
90.0,62.0,63.015556,89.71397,147.91566
90.0,61.0,59.393753,93.153984,122.77225
90.0,60.0,47.859478,84.16133,138.88539
90.0,59.0,50.387844,85.631065,107.942085
90.0,58.0,52.10036,85.67938,147.34872
90.0,57.0,47.264645,87.365974,133.54333
90.0,56.0,51.621468,81.5954,125.08429
90.0,55.0,48.26728,77.46275,148.19882
90.0,54.0,54.39806,73.006355,116.733826
90.0,53.0,59.49971,76.196365,127.74308
90.0,52.0,58.15709,75.88566,114.82011
90.0,51.0,55.34115,79.0955,105.86625
90.0,50.0,53.021416,85.374695,116.58497
90.0,49.0,47.318203,65.81729,101.08687
90.0,48.0,51.795624,53.383823,108.92182
90.0,47.0,36.976665,67.185524,110.43196
90.0,46.0,36.160652,60.42656,89.18686
90.0,45.0,44.029633,67.114334,85.20632
90.0,44.0,31.870821,49.336254,79.111595
90.0,43.0,40.520184,54.03684,63.53331
90.0,42.0,35.94635,49.32708,82.551834
90.0,41.0,32.561752,45.584045,57.464504
90.0,40.0,36.3985,54.38856,74.389015
90.0,39.0,54.6661,57.202915,76.93056
90.0,38.0,38.143486,51.950787,69.65515
90.0,37.0,38.913082,39.980453,66.94763
90.0,36.0,36.336758,48.00482,59.06576
90.0,35.0,44.554268,52.807667,60.200485
90.0,34.0,36.965,48.691395,65.38366
90.0,33.0,33.54569,42.164333,61.15167
90.0,32.0,32.161903,45.149014,58.856205
90.0,31.0,29.180609,40.439117,48.833195
90.0,30.0,30.4972,42.56777,42.90219
90.0,29.0,17.866352,25.431261,31.202528
90.0,28.0,12.084837,31.901129,27.757528
91.0,241.0,77.77392,120.20493,191.84242
91.0,240.0,64.678825,112.9005,146.64923
91.0,239.0,72.70965,107.70471,162.02089
91.0,238.0,83.97803,123.27239,191.42934
91.0,237.0,74.77162,115.79097,184.24162
91.0,236.0,63.020943,112.06219,172.43527
91.0,235.0,53.653492,101.39388,135.6765
91.0,234.0,63.712585,111.54641,163.85304
91.0,233.0,58.541557,109.997856,151.1303
91.0,232.0,57.36631,122.828606,143.03754
91.0,231.0,67.665565,107.3539,174.58614
91.0,230.0,62.07143,102.42391,112.70602
91.0,229.0,61.780888,119.10131,149.63708
91.0,228.0,71.8047,114.961464,193.88907
91.0,227.0,66.5994,119.49294,168.69182
91.0,226.0,59.16048,117.294945,143.36389
91.0,225.0,70.48852,126.77796,166.032
91.0,224.0,69.84566,118.82185,185.94598
91.0,223.0,71.62548,125.05043,155.73155
91.0,222.0,69.95538,118.961685,148.74207
91.0,221.0,78.73808,119.612434,148.44392
91.0,220.0,57.479115,110.97489,164.95158
91.0,219.0,66.912605,105.99916,177.33635
91.0,218.0,67.32336,116.200165,139.92845
91.0,217.0,50.97482,99.942856,154.18547
91.0,216.0,61.382,109.21746,143.05354
91.0,215.0,65.03632,114.865845,186.12761
91.0,214.0,59.010815,104.64225,157.43102
91.0,213.0,64.03928,115.058815,162.2091
91.0,212.0,71.92095,120.67623,166.30309
91.0,211.0,89.74105,130.4749,184.70377
91.0,210.0,61.685402,121.815765,162.92558
91.0,209.0,67.84202,113.13054,161.13118
91.0,208.0,64.85902,126.75994,180.67621
91.0,207.0,66.16273,123.46687,157.08641
91.0,206.0,76.27393,125.04958,181.90205
91.0,205.0,73.457405,127.43859,171.50804
91.0,204.0,68.17363,124.86937,159.08424
91.0,203.0,74.96792,124.94562,159.32379
91.0,202.0,67.444565,117.35965,167.92802
91.0,201.0,69.845184,116.980995,151.66388
91.0,200.0,63.65149,108.82206,162.75017
91.0,199.0,67.795525,106.15344,196.28442
91.0,198.0,73.39183,113.64128,209.54333
91.0,197.0,71.647354,118.18094,162.17108
91.0,196.0,70.16414,121.62674,165.70679
91.0,195.0,60.875977,100.4084,151.37325
91.0,194.0,62.46086,107.972176,185.00117
91.0,193.0,65.56162,110.651566,163.3873
91.0,192.0,67.046844,115.37341,167.92108
91.0,191.0,53.763203,114.01925,159.38321
91.0,190.0,65.74439,116.7438,165.10062
91.0,189.0,69.61627,115.717026,144.68651
91.0,188.0,61.73397,127.91982,176.27339
91.0,187.0,59.18175,108.133934,157.37996
91.0,186.0,54.765106,103.63494,162.02327
91.0,185.0,60.84803,114.97634,170.82843
91.0,184.0,58.41579,95.07512,146.21187
91.0,183.0,68.584724,105.85406,126.62261
91.0,182.0,65.17961,101.36071,145.14168
91.0,181.0,61.032345,115.15842,161.79422
91.0,180.0,66.833275,98.60471,153.8403
91.0,179.0,71.06452,102.463585,144.50125
91.0,178.0,70.707405,105.91877,161.45001
91.0,177.0,67.14814,103.54831,159.21225
91.0,176.0,66.11295,112.92853,179.24509
91.0,175.0,59.275585,107.083755,142.53139
91.0,174.0,65.21396,106.485344,122.59605
91.0,173.0,68.75071,112.5123,199.10278
91.0,172.0,62.73702,124.06569,137.25963
91.0,171.0,51.89751,121.98386,130.92778
91.0,170.0,67.9466,118.25155,154.6638
91.0,169.0,77.71826,126.710724,206.62029
91.0,168.0,66.42186,115.4345,178.56625
91.0,167.0,62.16539,118.952095,146.88892
91.0,166.0,81.52751,111.21448,143.81017
91.0,165.0,62.29408,106.03099,141.13579
91.0,164.0,64.1046,114.15039,175.84616
91.0,163.0,68.23471,102.16618,147.19228
91.0,162.0,49.224052,95.0235,146.14265
91.0,161.0,56.56592,96.991325,142.45409
91.0,160.0,55.450504,116.95033,174.90146
91.0,159.0,55.497402,99.663185,129.82765
91.0,158.0,69.63462,112.56488,127.881
91.0,157.0,58.431828,108.401924,133.48244
91.0,156.0,63.801773,108.99179,128.06303
91.0,155.0,65.12739,108.22065,172.58963
91.0,154.0,60.518307,109.920906,187.49483
91.0,153.0,64.685104,121.67813,178.82323
91.0,152.0,63.071793,128.47173,132.98083
91.0,151.0,51.00328,107.786934,132.71477
91.0,150.0,48.9154,111.04825,141.80626
91.0,149.0,52.518784,106.44349,162.26555
91.0,148.0,59.0105,106.95015,120.628975
91.0,147.0,61.827522,104.21067,103.71631
91.0,146.0,53.98456,87.373245,121.252495
91.0,145.0,46.435802,97.297295,131.21103
91.0,144.0,63.848225,95.88642,154.4617
91.0,143.0,63.301846,105.04049,139.79083
91.0,142.0,56.3427,102.98094,126.82506
91.0,141.0,49.067898,93.25692,120.02793
91.0,140.0,56.892166,90.58102,130.24277
91.0,139.0,50.996525,101.14435,125.785904
91.0,138.0,60.814438,101.68961,121.81916
91.0,137.0,59.499252,88.84733,101.68607
91.0,136.0,50.114445,78.73953,122.14022
91.0,135.0,49.227352,82.0747,118.8807
91.0,134.0,53.97946,103.9716,112.57181
91.0,133.0,59.11394,90.08641,127.090614
91.0,132.0,48.150303,77.84555,103.76342
91.0,131.0,63.115936,81.08631,89.61296
91.0,130.0,57.123013,79.18796,128.63791
91.0,129.0,47.625328,84.65497,123.72692
91.0,128.0,51.129375,75.0614,120.45297
91.0,127.0,43.224117,66.28224,88.111084
91.0,126.0,44.774662,63.79634,105.697365
91.0,125.0,47.981255,71.17619,91.4088
91.0,124.0,34.92624,80.679726,96.79366
91.0,123.0,48.593605,86.8444,94.537605
91.0,122.0,43.211334,86.74565,122.304146
91.0,121.0,46.60777,80.546234,124.246574
91.0,120.0,43.504932,80.0943,94.354774
91.0,119.0,56.633823,81.15847,104.33688
91.0,118.0,50.23561,84.18845,112.703156
91.0,117.0,49.81778,85.384766,92.53047
91.0,116.0,54.978695,93.50448,160.41055
91.0,115.0,56.174004,81.49175,131.98476
91.0,114.0,58.450943,93.74603,130.0917
91.0,113.0,44.684174,82.64347,79.69198
91.0,112.0,52.99573,85.5145,92.98811
91.0,111.0,47.0118,85.29695,128.43893
91.0,110.0,47.25663,82.72378,139.6054
91.0,109.0,43.368526,88.150024,115.4343
91.0,108.0,41.647816,72.08949,109.5148
91.0,107.0,42.305782,68.616776,112.95352
91.0,106.0,38.073658,73.16357,93.748245
91.0,105.0,56.138393,93.824326,116.30098
91.0,104.0,52.419777,73.938416,113.342896
91.0,103.0,44.02774,70.75134,69.546234
91.0,102.0,29.425701,52.792812,90.82657
91.0,101.0,38.32064,71.78427,89.77699
91.0,100.0,42.201202,61.27642,90.02666
91.0,99.0,37.468643,74.03736,77.30887
91.0,98.0,39.537224,71.60874,83.03492
91.0,97.0,55.67677,77.55303,72.21473
91.0,96.0,47.597702,75.49869,87.1698
91.0,95.0,43.13953,66.425835,76.25784
91.0,94.0,38.991154,63.52941,78.9567
91.0,93.0,29.53481,67.400826,61.180454
91.0,92.0,34.47251,51.78549,91.60761
91.0,91.0,36.172215,63.05372,68.60735
91.0,90.0,31.338032,43.935303,76.21621
91.0,89.0,36.547558,47.02429,75.96041
91.0,88.0,44.376453,55.352497,77.08687
91.0,87.0,35.382786,65.804054,78.2818
91.0,86.0,45.776234,70.79828,82.1799
91.0,85.0,44.33269,61.01194,78.651825
91.0,84.0,33.17559,58.014137,96.91716
91.0,83.0,44.162407,52.992443,80.40036
91.0,82.0,34.914543,63.62415,76.8642
91.0,81.0,46.670597,54.701935,78.03522
91.0,80.0,32.710613,56.38517,64.38172
91.0,79.0,32.031334,63.868416,78.83235
91.0,78.0,41.482395,55.54901,75.14029
91.0,77.0,36.318344,67.498314,70.803955
91.0,76.0,30.609892,51.86429,69.87018
91.0,75.0,40.323395,55.125088,78.926186
91.0,74.0,29.341965,50.13492,88.33178
91.0,73.0,37.47913,45.19471,61.860565
91.0,72.0,26.499798,41.720238,45.309692
91.0,71.0,27.810823,39.69758,44.40706
91.0,70.0,28.384787,37.835037,72.15402
91.0,69.0,33.46395,40.894714,53.475723
91.0,68.0,41.899952,58.356785,63.15263
91.0,67.0,37.63675,52.417072,47.765957
91.0,66.0,33.36098,54.313484,60.85926
91.0,65.0,32.309982,59.335506,58.127632
91.0,64.0,32.15349,46.792538,64.45844
91.0,63.0,33.127453,37.892365,49.28075
91.0,62.0,37.365974,39.070095,52.426132
91.0,61.0,24.19032,37.615154,39.271683
91.0,60.0,22.83027,30.202682,56.38147
91.0,59.0,29.316706,35.456432,37.316494
91.0,58.0,19.119217,32.425755,40.956223
91.0,57.0,19.027098,41.76751,42.53259
91.0,56.0,24.87339,46.12095,64.14578
91.0,55.0,20.531435,34.13149,63.729084
91.0,54.0,18.175783,49.477673,57.739666
91.0,53.0,22.598242,42.792606,51.32014
91.0,52.0,22.033627,33.26496,47.643093
91.0,51.0,20.740532,38.6724,40.500324
91.0,50.0,20.325485,32.291245,42.399517
91.0,49.0,30.07026,38.661068,50.789253
91.0,48.0,34.334225,31.111586,35.29666
91.0,47.0,20.417158,33.784275,48.52144
91.0,46.0,23.617466,31.971163,42.077984
91.0,45.0,21.75288,31.672478,41.366726
91.0,44.0,13.831118,28.312138,36.192493
91.0,43.0,17.904278,28.109219,33.216805
91.0,42.0,17.561882,21.79789,40.166203
91.0,41.0,15.114986,19.080233,26.248743
91.0,40.0,15.378058,20.265667,25.937876
91.0,39.0,10.598222,22.789524,26.033215
91.0,38.0,17.166824,21.757576,29.520897
92.0,139.0,82.85731,144.60982,201.14194
92.0,138.0,85.18851,138.23384,161.5519
92.0,137.0,78.89195,143.1493,198.30057
92.0,136.0,78.2885,134.1903,175.47192
92.0,135.0,101.3045,119.48089,192.487
92.0,134.0,71.4662,122.17427,160.99782
92.0,133.0,78.15651,117.589485,169.65591
92.0,132.0,79.28327,128.67786,181.66136
92.0,131.0,109.386986,121.44153,148.72278
92.0,130.0,75.40428,125.237625,165.82191
92.0,129.0,74.077515,126.244354,149.87354
92.0,128.0,76.50456,128.7281,147.2701
92.0,127.0,83.576096,135.32721,176.83847
92.0,126.0,83.2139,131.26776,187.82173
92.0,125.0,78.95261,126.910515,154.77126
92.0,124.0,73.96945,129.03159,180.09196
92.0,123.0,71.515526,139.55757,192.37589
92.0,122.0,80.29062,138.13286,169.75464
92.0,121.0,70.33683,122.32775,181.43654
92.0,120.0,75.550766,118.86103,166.02156
92.0,119.0,66.042946,118.10269,147.99933
92.0,118.0,80.06425,130.25604,173.30475
92.0,117.0,97.67549,118.0862,149.82164
92.0,116.0,59.084534,122.212975,162.20898
92.0,115.0,91.38029,121.52415,195.56601
92.0,114.0,63.805305,121.57399,160.13327
92.0,113.0,77.73916,117.940414,136.83287
92.0,112.0,77.171326,112.54826,167.49887
92.0,111.0,60.161156,114.15209,189.39076
92.0,110.0,74.36757,111.3745,165.14757
92.0,109.0,60.804054,118.23502,178.3653
92.0,108.0,67.05162,123.742874,188.88136
92.0,107.0,74.60773,119.24036,199.45729
92.0,106.0,72.39128,124.07174,178.67308
92.0,105.0,60.84998,138.89641,176.88202
92.0,104.0,70.306,140.17238,151.19942
92.0,103.0,78.084045,121.05129,149.9755
92.0,102.0,106.04575,133.94827,178.40822
92.0,101.0,72.627785,117.781685,178.16783
92.0,100.0,67.29707,106.34796,152.7421
92.0,99.0,81.15777,118.20888,117.43812
92.0,98.0,67.97346,110.668106,133.00102
92.0,97.0,73.52304,129.42462,161.3679
92.0,96.0,62.95677,113.6553,192.99799
92.0,95.0,68.63773,110.779015,166.41782
92.0,94.0,60.787373,118.630394,150.5958
92.0,93.0,68.742325,122.1272,133.59052
92.0,92.0,54.614075,97.31383,134.44695
92.0,91.0,60.90479,89.74661,159.74326
92.0,90.0,63.310177,105.65947,130.83923
92.0,89.0,53.577118,85.6874,150.65752
92.0,88.0,57.599216,91.026306,123.68124
92.0,87.0,56.710384,104.428444,156.81929
92.0,86.0,61.48367,96.23662,117.05743
92.0,85.0,53.48094,99.18453,158.01123
92.0,84.0,54.994682,89.73671,129.74948
92.0,83.0,50.26897,87.06348,151.67853
92.0,82.0,53.076683,81.556595,86.17867
92.0,81.0,59.84538,81.41517,85.54932
92.0,80.0,58.7564,84.49461,123.24241
92.0,79.0,49.61551,99.270195,150.5974
92.0,78.0,65.27694,106.96069,133.802
92.0,77.0,62.867634,89.24834,157.58746
92.0,76.0,58.81464,89.532616,126.10311
92.0,75.0,61.195522,98.12902,142.99225
92.0,74.0,54.067707,94.00248,108.36256
92.0,73.0,53.772526,79.989174,125.242386
92.0,72.0,53.155975,84.42828,125.62397
92.0,71.0,56.025837,78.891266,129.50652
92.0,70.0,49.267605,77.776215,113.18034
92.0,69.0,50.800514,75.83731,116.16925
92.0,68.0,50.93307,67.74074,116.19924
92.0,67.0,50.341953,89.8292,122.65385
92.0,66.0,41.629368,80.3785,133.76
92.0,65.0,44.61829,69.74777,101.77207
92.0,64.0,56.369015,94.52407,96.17252
92.0,63.0,65.486015,74.49645,105.98073
92.0,62.0,41.377884,76.7257,134.46904
92.0,61.0,41.797005,69.34941,117.25566
92.0,60.0,44.948883,64.54997,131.00371
92.0,59.0,56.92665,81.363945,135.45091
92.0,58.0,42.267185,69.13268,101.617256
92.0,57.0,48.950603,67.781784,112.9738
92.0,56.0,54.059982,79.70393,117.2458
92.0,55.0,37.68289,75.85141,120.06839
92.0,54.0,41.774258,84.340996,103.96354
92.0,53.0,49.39514,78.92465,82.30939
92.0,52.0,39.69426,67.03158,64.73211
92.0,51.0,45.37354,53.659206,89.85367
92.0,50.0,41.622063,58.49841,81.51809
92.0,49.0,38.351604,54.85633,60.2371
92.0,48.0,40.540268,53.891155,88.97253
92.0,47.0,40.371338,44.413933,54.897274
92.0,46.0,33.045586,38.612236,52.967342
92.0,45.0,34.064735,46.30771,53.030167
92.0,44.0,33.060513,46.754723,55.05475
92.0,43.0,39.57699,51.014248,91.394356
92.0,42.0,38.550163,41.267033,70.27537
92.0,41.0,26.064054,42.96006,63.063686
92.0,40.0,35.546486,43.764538,48.72955
92.0,39.0,32.0162,48.159695,55.42435
92.0,38.0,29.74772,44.92882,58.661694
92.0,37.0,35.357777,48.04683,68.89132
92.0,36.0,24.903164,34.381718,45.049572
92.0,35.0,22.314064,44.771206,67.78835
92.0,34.0,27.865664,43.814636,46.91693
92.0,33.0,24.53891,38.592564,43.77495
92.0,32.0,17.18357,33.860558,43.197544
92.0,31.0,21.852303,38.065933,38.595867
92.0,30.0,15.774149,34.3717,33.895382
92.0,29.0,30.037645,52.038513,44.58191
92.0,28.0,22.938755,42.16715,54.853905
92.0,27.0,19.876509,47.355953,45.47153
92.0,26.0,25.152426,41.673443,58.323257
92.0,25.0,25.260489,35.942013,46.424824
92.0,24.0,17.397808,44.04879,36.956505
92.0,23.0,20.10235,36.54539,41.83453
92.0,22.0,23.350033,28.43041,46.57587
92.0,21.0,16.083862,25.282934,31.212849
92.0,20.0,11.429204,22.71687,29.186443
93.0,298.0,67.37233,110.59139,175.3459
93.0,297.0,71.730316,125.78547,223.14624
93.0,296.0,69.48904,117.0214,180.4084
93.0,295.0,64.90048,120.37222,184.77676
93.0,294.0,75.13811,118.62479,183.09558
93.0,293.0,68.55292,123.583954,171.71112
93.0,292.0,69.1581,112.57756,143.12224
93.0,291.0,69.49609,120.24087,165.10583
93.0,290.0,59.117123,112.33125,171.79066
93.0,289.0,63.390728,119.947334,151.36292
93.0,288.0,68.35564,128.17961,206.88924
93.0,287.0,64.0409,117.32301,229.99939
93.0,286.0,62.90771,125.00088,196.50227
93.0,285.0,66.67967,122.98686,178.18932
93.0,284.0,74.964294,134.06035,188.17972
93.0,283.0,68.704575,118.65791,207.14427
93.0,282.0,69.26389,119.65554,201.48993
93.0,281.0,65.45353,129.4199,191.21054
93.0,280.0,72.381035,130.2555,178.26794
93.0,279.0,71.595146,128.61621,187.74232
93.0,278.0,61.74666,120.33954,144.62906
93.0,277.0,55.200127,118.651596,150.47346
93.0,276.0,105.62828,121.411095,153.782
93.0,275.0,64.14063,102.760445,160.2779
93.0,274.0,67.84874,115.154106,167.10953
93.0,273.0,70.28858,118.92343,176.13904
93.0,272.0,61.040146,107.14396,181.61755
93.0,271.0,70.67741,106.105644,141.7195
93.0,270.0,73.821754,120.393394,212.27919
93.0,269.0,63.442978,110.93881,144.29152
93.0,268.0,63.35273,108.481705,154.22462
93.0,267.0,67.73543,125.87299,186.34824
93.0,266.0,69.72907,114.347046,201.92963
93.0,265.0,66.752205,115.94136,176.88931
93.0,264.0,62.516376,112.92527,166.61252
93.0,263.0,65.63577,117.99224,162.16403
93.0,262.0,69.088745,112.11216,139.54181
93.0,261.0,64.71695,111.34876,166.54048
93.0,260.0,69.699,110.70757,146.21504
93.0,259.0,59.047146,105.72933,152.87437
93.0,258.0,63.88961,115.23085,172.822
93.0,257.0,57.383717,121.68042,159.67752
93.0,256.0,75.91038,108.72443,134.63626
93.0,255.0,67.25335,115.258224,187.89171
93.0,254.0,66.649796,111.57639,176.55104
93.0,253.0,60.866024,114.40822,183.45227
93.0,252.0,57.007732,106.10556,133.66733
93.0,251.0,52.972294,105.817444,147.5154
93.0,250.0,57.000175,106.17268,150.39229
93.0,249.0,63.679844,106.89167,149.2279
93.0,248.0,57.0535,108.55079,196.51228
93.0,247.0,61.013103,104.05466,168.57747
93.0,246.0,65.34565,99.82836,164.4592
93.0,245.0,67.17681,104.85825,153.57288
93.0,244.0,57.70112,102.76288,154.84543
93.0,243.0,63.37674,88.52616,148.19954
93.0,242.0,57.183853,87.49808,136.77737
93.0,241.0,47.901787,99.01713,135.7633
93.0,240.0,60.048985,112.77481,123.54614
93.0,239.0,52.229214,102.18856,148.89847
93.0,238.0,55.13854,104.0623,132.57101
93.0,237.0,43.911373,102.57745,136.10017
93.0,236.0,48.164597,109.731155,124.78448
93.0,235.0,50.74847,102.51886,134.9531
93.0,234.0,49.3564,81.103905,142.03314
93.0,233.0,52.95635,85.638435,121.2222
93.0,232.0,45.844643,97.21631,136.18105
93.0,231.0,62.864063,99.865524,125.11879
93.0,230.0,56.79336,91.1782,158.85983
93.0,229.0,50.445248,100.49305,130.6102
93.0,228.0,58.836792,92.54376,114.53635
93.0,227.0,65.107605,106.56223,136.7085
93.0,226.0,62.481003,107.39056,141.98396
93.0,225.0,64.69187,106.053925,168.99371
93.0,224.0,56.58381,107.44365,152.2021
93.0,223.0,57.9904,108.705444,115.40999
93.0,222.0,55.5103,99.21151,140.753
93.0,221.0,64.35634,127.62476,142.8444
93.0,220.0,56.75399,108.11948,155.19324
93.0,219.0,62.398743,112.66959,168.71617
93.0,218.0,58.178986,100.03303,148.1433
93.0,217.0,57.15376,104.61459,158.63387
93.0,216.0,63.06099,108.05989,165.30948
93.0,215.0,65.0941,100.54058,154.07431
93.0,214.0,55.798763,113.98657,130.36911
93.0,213.0,60.857876,105.79365,141.22581
93.0,212.0,63.45913,118.29778,180.23035
93.0,211.0,54.81656,88.66134,143.46349
93.0,210.0,61.74832,93.619415,134.39388
93.0,209.0,58.15267,101.85208,137.57294
93.0,208.0,59.330307,110.28294,138.21364
93.0,207.0,60.634033,91.92276,149.11609
93.0,206.0,61.555927,105.784805,159.11276
93.0,205.0,60.85524,109.29058,137.54848
93.0,204.0,63.929474,114.503456,157.30826
93.0,203.0,73.55603,114.183784,152.11382
93.0,202.0,59.34433,107.06534,121.321205
93.0,201.0,62.592045,105.178955,160.46281
93.0,200.0,56.64637,102.09142,126.94194
93.0,199.0,56.608196,92.72515,148.78
93.0,198.0,54.68165,80.94083,86.821915
93.0,197.0,53.211254,89.795044,124.9435
93.0,196.0,54.80122,83.60933,128.05844
93.0,195.0,51.691544,83.16934,136.65807
93.0,194.0,59.820156,90.28975,115.67308
93.0,193.0,54.105026,97.77929,118.08357
93.0,192.0,66.46379,102.03041,164.03584
93.0,191.0,55.978287,113.1436,180.0796
93.0,190.0,50.426964,100.22264,150.57892
93.0,189.0,49.433304,101.11175,160.69917
93.0,188.0,54.665813,94.76149,140.09967
93.0,187.0,43.61096,88.584,107.41201
93.0,186.0,48.565178,104.15783,134.16005
93.0,185.0,60.87997,110.63446,175.10843
93.0,184.0,60.280766,117.1173,136.6215
93.0,183.0,60.98343,106.46723,121.45496
93.0,182.0,60.949093,102.19266,130.53465
93.0,181.0,52.450092,79.52157,134.9233
93.0,180.0,57.036022,91.16074,116.56624
93.0,179.0,47.558647,88.15218,156.35909
93.0,178.0,72.33824,87.92571,123.47707
93.0,177.0,62.860245,96.76991,135.77875
93.0,176.0,46.088524,93.41721,121.31604
93.0,175.0,56.22493,97.61189,136.6616
93.0,174.0,54.822887,97.0711,133.58105
93.0,173.0,59.133224,97.25037,137.30353
93.0,172.0,57.510605,106.22902,124.989456
93.0,171.0,53.669624,115.69065,139.24829
93.0,170.0,64.24487,112.2821,144.34929
93.0,169.0,56.375328,92.68848,137.95224
93.0,168.0,60.69504,104.671844,119.10787
93.0,167.0,52.814453,86.75942,183.14565
93.0,166.0,52.409035,103.17288,129.71982
93.0,165.0,60.495758,103.34639,118.00555
93.0,164.0,56.801918,108.43766,153.6593
93.0,163.0,50.55018,97.68902,143.44405
93.0,162.0,60.27811,108.02441,154.65108
93.0,161.0,59.74899,96.38973,112.69959
93.0,160.0,61.5746,100.461266,136.04918
93.0,159.0,60.16464,98.2002,165.71437
93.0,158.0,52.997963,88.08818,150.87268
93.0,157.0,50.67476,90.26266,113.45239
93.0,156.0,60.013203,92.454384,131.82893
93.0,155.0,51.90409,91.35046,124.17085
93.0,154.0,63.97476,94.57656,118.45472
93.0,153.0,54.23278,94.93268,138.04169
93.0,152.0,58.912804,96.66471,121.32128
93.0,151.0,59.13594,92.47512,103.418
93.0,150.0,43.427483,87.40111,115.53944
93.0,149.0,48.691986,75.031784,100.07059
93.0,148.0,51.934845,87.29928,119.33466
93.0,147.0,48.20089,74.001755,108.84435
93.0,146.0,47.505043,75.378296,125.03123
93.0,145.0,43.26098,65.90467,128.31458
93.0,144.0,41.08959,66.81713,101.75521
93.0,143.0,52.774235,61.9622,102.11348
93.0,142.0,39.920578,54.24438,108.47619
93.0,141.0,45.50463,77.402466,116.08647
93.0,140.0,45.90676,75.28182,92.802246
93.0,139.0,54.731018,85.45509,111.2621
93.0,138.0,51.94013,74.77394,115.14713
93.0,137.0,57.131058,94.54672,133.98183
93.0,136.0,56.29979,87.5984,119.12621
93.0,135.0,44.703842,77.94551,126.33921
93.0,134.0,52.719692,89.60665,140.10506
93.0,133.0,37.66649,87.98134,108.54854
93.0,132.0,46.491753,87.80311,111.74235
93.0,131.0,40.15233,74.51507,134.39467
93.0,130.0,47.444744,80.744484,123.1951
93.0,129.0,37.545467,71.733604,94.18803
93.0,128.0,44.758213,78.123344,86.787224
93.0,127.0,39.580723,54.26271,88.35816
93.0,126.0,36.14293,72.27586,85.40663
93.0,125.0,42.00893,62.904743,84.35773
93.0,124.0,51.374916,71.47694,91.0176
93.0,123.0,44.32726,78.09261,107.5403
93.0,122.0,42.545864,82.0421,105.48896
93.0,121.0,38.57938,68.984726,99.81571
93.0,120.0,41.01089,78.3702,103.758
93.0,119.0,37.913548,77.56622,88.817215
93.0,118.0,34.684017,71.73747,100.66937
93.0,117.0,46.58201,62.100613,99.05706
93.0,116.0,34.80747,55.410686,89.59202
93.0,115.0,38.392506,65.733734,81.89452
93.0,114.0,41.33923,57.09774,88.5916
93.0,113.0,33.072605,51.423225,86.71431
93.0,112.0,28.935051,41.829445,100.32743
93.0,111.0,33.50437,56.81232,67.89421
93.0,110.0,26.39995,53.681713,89.03582
93.0,109.0,38.204433,63.346237,104.0358
93.0,108.0,40.833046,73.96023,101.83825
93.0,107.0,40.164616,71.12656,96.14739
93.0,106.0,28.151693,70.34743,71.37944
93.0,105.0,34.362877,64.56824,84.78936
93.0,104.0,28.111578,62.859295,65.43901
93.0,103.0,37.297752,65.068436,88.23791
93.0,102.0,33.031292,59.30417,85.286
93.0,101.0,39.846096,57.887848,65.270584
93.0,100.0,28.833508,43.215424,62.75646
93.0,99.0,34.148277,59.179573,56.88456
93.0,98.0,33.032223,62.432446,65.31253
93.0,97.0,36.955593,54.281437,67.45458
93.0,96.0,35.4885,57.20231,87.02845
93.0,95.0,27.173326,49.03733,50.271305
93.0,94.0,24.690386,50.35148,38.96251
93.0,93.0,31.073286,34.80078,60.77789
93.0,92.0,27.284956,50.7051,49.801632
93.0,91.0,28.926624,45.841576,54.89565
93.0,90.0,21.763721,38.376495,51.352303
93.0,89.0,26.979046,39.49813,50.293888
93.0,88.0,30.99941,43.107525,36.78706
93.0,87.0,34.809963,38.171986,66.222786
93.0,86.0,33.218613,42.402126,64.75144
93.0,85.0,24.405659,40.817776,52.124176
94.0,157.0,80.76164,107.06247,176.45152
94.0,156.0,69.47633,122.12049,164.00465
94.0,155.0,70.37175,119.64551,185.65964
94.0,154.0,57.17814,126.35407,164.71628
94.0,153.0,68.995834,107.019135,175.14705
94.0,152.0,57.02699,103.36398,176.0601
94.0,151.0,70.7235,99.64138,152.34813
94.0,150.0,80.47211,112.05031,192.68813
94.0,149.0,70.731415,116.223885,161.31303
94.0,148.0,66.816,128.58934,171.86273
94.0,147.0,76.34782,114.9701,190.5641
94.0,146.0,65.06125,107.069725,168.61159
94.0,145.0,72.02245,114.532104,201.02496
94.0,144.0,72.66005,122.76853,170.95993
94.0,143.0,93.807915,120.980156,198.77324
94.0,142.0,64.274864,124.46408,209.82439
94.0,141.0,62.620617,129.49554,185.14946
94.0,140.0,74.64475,121.501755,221.34627
94.0,139.0,69.88933,121.70647,168.79552
94.0,138.0,62.425552,111.43712,175.14053
94.0,137.0,65.23058,109.07237,185.38683
94.0,136.0,67.2986,109.89841,164.14415
94.0,135.0,57.0309,111.348564,180.02922
94.0,134.0,59.465885,116.26681,162.3229
94.0,133.0,67.15275,115.64298,176.01762
94.0,132.0,74.44623,130.03568,203.75583
94.0,131.0,78.60163,126.76529,208.19612
94.0,130.0,75.71038,119.083534,183.81917
94.0,129.0,75.9989,133.87291,197.65099
94.0,128.0,75.455025,126.77801,211.67732
94.0,127.0,75.8053,120.60402,147.59052
94.0,126.0,71.25681,117.61836,178.80154
94.0,125.0,69.88568,113.28851,178.13382
94.0,124.0,66.50246,119.34976,215.70403
94.0,123.0,61.438877,110.83333,177.9188
94.0,122.0,108.52507,116.024864,193.30096
94.0,121.0,68.98057,118.00543,164.72424
94.0,120.0,67.45668,103.53593,185.76764
94.0,119.0,69.29019,106.940506,183.60472
94.0,118.0,72.15718,111.31035,182.35898
94.0,117.0,82.88925,102.79584,170.72383
94.0,116.0,68.90892,110.45152,147.21468
94.0,115.0,62.839878,107.000595,146.985
94.0,114.0,62.154514,96.960144,149.45998
94.0,113.0,58.49661,92.07016,162.11627
94.0,112.0,67.96562,93.32129,156.24257
94.0,111.0,66.94204,102.83351,137.68718
94.0,110.0,58.68582,108.42201,133.35591
94.0,109.0,52.841137,99.66647,135.54343
94.0,108.0,62.165874,103.776505,128.53886
94.0,107.0,46.20455,91.31966,145.24765
94.0,106.0,51.03428,102.480545,150.64891
94.0,105.0,54.303684,101.61286,163.69484
94.0,104.0,62.675602,115.942696,179.10744
94.0,103.0,66.9641,95.79119,164.04192
94.0,102.0,61.22078,99.93309,154.56216
94.0,101.0,59.277317,101.770096,184.83842
94.0,100.0,80.49883,97.187546,182.3058
94.0,99.0,58.07836,94.3693,151.92899
94.0,98.0,49.885376,96.61147,137.95493
94.0,97.0,62.289658,105.38817,171.38632
94.0,96.0,53.149197,106.10871,182.35013
94.0,95.0,64.80419,98.9113,162.8862
94.0,94.0,59.086338,102.4329,155.88235
94.0,93.0,64.577934,84.249725,143.02223
94.0,92.0,48.42166,115.36547,155.46457
94.0,91.0,42.282013,105.96192,129.27655
94.0,90.0,57.157734,101.109,165.60753
94.0,89.0,45.864853,85.296524,141.08177
94.0,88.0,59.866486,95.00037,115.524796
94.0,87.0,46.235054,89.24418,152.20984
94.0,86.0,54.143433,100.06109,155.37683
94.0,85.0,48.231216,103.05878,124.0604
94.0,84.0,55.81851,107.01627,131.94676
94.0,83.0,47.100784,92.81948,137.04774
94.0,82.0,40.0265,78.04057,73.70643
94.0,81.0,51.51036,72.88498,114.54672
94.0,80.0,48.850098,85.51293,147.97334
94.0,79.0,46.060905,79.326546,185.086
94.0,78.0,80.14499,83.30353,129.3742
94.0,77.0,38.01264,80.33879,97.77448
94.0,76.0,45.740913,82.55319,135.52785
94.0,75.0,50.757553,86.01407,134.09721
94.0,74.0,50.623882,92.24364,111.328926
94.0,73.0,67.18614,82.62005,140.10152
94.0,72.0,53.798534,97.83386,102.85827
94.0,71.0,36.494736,91.61458,151.292
94.0,70.0,34.764946,72.695015,144.58594
94.0,69.0,39.43356,70.80674,91.68137
94.0,68.0,47.123077,91.4672,136.58026
94.0,67.0,46.48714,75.6241,109.28259
94.0,66.0,40.108055,71.7677,104.88566
94.0,65.0,34.877758,75.50503,87.994545
94.0,64.0,46.771626,80.04121,83.88499
94.0,63.0,59.11602,88.79651,136.22464
94.0,62.0,43.10109,74.092834,99.910095
94.0,61.0,45.338158,77.727394,111.92576
94.0,60.0,46.933598,86.5637,103.80841
94.0,59.0,50.70895,76.28043,106.70273
94.0,58.0,52.098534,82.38867,108.21618
94.0,57.0,48.818626,85.06431,116.84838
94.0,56.0,39.311367,70.03204,82.922485
94.0,55.0,45.323895,67.85529,95.79886
95.0,186.0,127.146576,154.00623,180.39531
95.0,185.0,123.753944,160.03052,218.02074
95.0,184.0,123.02051,140.6472,237.65068
95.0,183.0,100.85064,163.09367,254.52031
95.0,182.0,142.92867,157.42996,213.99687
95.0,181.0,96.74952,158.75433,278.5556
95.0,180.0,105.48777,152.52522,221.68082
95.0,179.0,109.89202,159.85222,195.36278
95.0,178.0,103.87903,158.21948,226.85637
95.0,177.0,115.31045,160.03853,230.54976
95.0,176.0,131.25412,144.7021,237.48041
95.0,175.0,110.545845,143.21234,219.57942
95.0,174.0,95.85581,142.22002,233.49962
95.0,173.0,89.70612,136.36447,251.2413
95.0,172.0,122.83532,142.23753,286.1611
95.0,171.0,88.64625,148.23628,292.1977
95.0,170.0,96.60771,130.55434,246.36084
95.0,169.0,108.19678,128.45168,215.87595
95.0,168.0,91.81191,138.18842,231.69514
95.0,167.0,111.08174,136.48714,216.64932
95.0,166.0,116.17798,136.97057,204.76787
95.0,165.0,95.510544,128.72253,233.29199
95.0,164.0,114.48809,145.94377,188.29448
95.0,163.0,89.30686,141.02394,199.39224
95.0,162.0,132.29482,140.55594,230.26329
95.0,161.0,98.67243,137.59993,230.28926
95.0,160.0,97.250374,142.84314,211.50267
95.0,159.0,92.774925,143.66159,271.29724
95.0,158.0,107.35523,129.89299,208.6621
95.0,157.0,106.30458,139.51865,215.84421
95.0,156.0,144.17592,144.48705,226.48363
95.0,155.0,86.27276,141.72943,245.93048
95.0,154.0,100.76987,138.12178,246.01268
95.0,153.0,148.72247,135.76634,205.49007
95.0,152.0,89.30212,130.64204,247.49779
95.0,151.0,83.5251,148.05199,214.32858
95.0,150.0,102.211494,136.15135,256.58163
95.0,149.0,106.6086,151.68678,212.09074
95.0,148.0,90.64509,130.59436,229.0663
95.0,147.0,123.65926,118.080925,192.80417
95.0,146.0,83.81955,128.18095,224.92085
95.0,145.0,96.2851,145.22537,197.47026
95.0,144.0,90.67022,129.00676,247.38193
95.0,143.0,104.39829,131.55199,234.8959
95.0,142.0,106.77962,141.45099,201.31482
95.0,141.0,97.76182,144.82883,218.37035
95.0,140.0,91.08495,141.11887,200.41064
95.0,139.0,96.91597,129.27597,232.94801
95.0,138.0,91.379616,143.0266,232.34682
95.0,137.0,88.254395,130.5141,246.4049
95.0,136.0,95.71521,127.87116,227.66383
95.0,135.0,88.908325,115.9454,204.84076
95.0,134.0,98.21543,130.93501,302.29956
95.0,133.0,100.52066,134.01297,232.53543
95.0,132.0,81.31564,127.14201,184.4519
95.0,131.0,84.78541,112.41543,212.4227
95.0,130.0,90.3706,122.84057,241.12877
95.0,129.0,89.96364,123.682236,228.28856
95.0,128.0,81.10171,121.370125,189.51093
96.0,203.0,94.1191,156.24147,196.18587
96.0,202.0,103.11081,138.86098,190.0978
96.0,201.0,131.32018,138.12878,183.65292
96.0,200.0,104.8551,147.23033,183.33887
96.0,199.0,104.77805,152.47386,191.98586
96.0,198.0,103.96631,146.84277,205.59258
96.0,197.0,115.99378,147.12148,194.48077
96.0,196.0,114.634094,154.8425,190.58629
96.0,195.0,105.14872,166.34407,179.59013
96.0,194.0,113.11506,166.15472,195.1511
96.0,193.0,109.125206,150.35614,190.62727
96.0,192.0,119.67832,146.18152,201.2531
96.0,191.0,127.36526,144.61974,180.32028
96.0,190.0,109.45298,154.00072,252.5261
96.0,189.0,101.89923,152.63303,169.05316
96.0,188.0,110.30251,160.89932,209.34276
96.0,187.0,106.48545,157.7397,175.06627
96.0,186.0,109.8656,149.74348,193.61061
96.0,185.0,109.840485,153.22176,213.14157
96.0,184.0,105.35705,160.69272,190.37793
96.0,183.0,127.74988,157.13576,208.9127
96.0,182.0,96.26888,132.79431,198.6143
96.0,181.0,92.305664,121.86899,216.31712
96.0,180.0,98.32319,128.98157,144.19727
96.0,179.0,121.222176,137.55873,171.00386
96.0,178.0,103.31449,144.33913,194.44206
96.0,177.0,104.85678,148.68878,223.45602
96.0,176.0,98.29524,143.80031,180.15976
96.0,175.0,99.03749,145.74583,179.72566
96.0,174.0,97.704636,141.5989,192.734
96.0,173.0,125.11133,133.34303,229.61244
96.0,172.0,113.29398,145.66943,190.27089
96.0,171.0,119.109726,146.67586,219.3555
96.0,170.0,112.68695,149.93378,221.41702
96.0,169.0,105.29713,154.88757,208.02705
96.0,168.0,138.36499,157.12607,215.90164
96.0,167.0,105.33817,159.4315,199.65715
96.0,166.0,111.2571,150.40096,206.48285
96.0,165.0,107.03555,149.86264,185.33932
96.0,164.0,99.15219,151.82635,189.42805
96.0,163.0,104.65197,156.58087,185.28015
96.0,162.0,113.027985,142.77219,207.65817
96.0,161.0,102.97408,160.40111,192.9598
96.0,160.0,109.9798,145.61743,191.92479
96.0,159.0,99.55126,158.7251,208.92578
96.0,158.0,113.12259,167.65651,163.43521
96.0,157.0,111.199356,162.41777,186.4793
96.0,156.0,116.83575,142.2883,196.86661
96.0,155.0,117.98266,149.87556,170.23647
96.0,154.0,105.5652,137.62933,215.33418
96.0,153.0,100.198906,132.8401,217.87447
96.0,152.0,97.65812,128.98106,171.70125
96.0,151.0,94.43378,137.29834,197.00023
96.0,150.0,98.27839,131.95349,199.69824
96.0,149.0,101.69339,135.96152,174.71442
96.0,148.0,100.026115,135.51335,158.95206
96.0,147.0,100.15079,129.50934,175.54483
96.0,146.0,105.105545,131.52449,197.75311
96.0,145.0,94.99707,127.310745,178.13097
96.0,144.0,86.740204,127.72423,183.78958
96.0,143.0,100.931694,125.07167,163.98538
96.0,142.0,88.10294,124.324326,217.58824
96.0,141.0,101.29459,130.28836,204.298
96.0,140.0,100.10026,130.45045,176.29587
96.0,139.0,100.054634,122.416046,170.14523
96.0,138.0,94.39633,125.25899,155.03793
96.0,137.0,102.21006,108.51018,179.38643
97.0,185.0,94.4955,127.99444,179.734
97.0,184.0,106.41596,128.98395,192.91824
97.0,183.0,93.333466,129.59053,200.62253
97.0,182.0,99.599594,128.63625,215.49423
97.0,181.0,100.51633,123.73172,149.87668
97.0,180.0,94.01839,133.05318,194.1622
97.0,179.0,91.607994,133.0267,218.54872
97.0,178.0,82.19,122.344505,176.74373
97.0,177.0,89.37986,123.45391,167.45367
97.0,176.0,84.36813,125.97626,199.22267
97.0,175.0,85.394936,123.95189,195.86034
97.0,174.0,92.16293,129.41687,200.50508
97.0,173.0,91.88915,122.013435,182.87706
97.0,172.0,100.48313,119.66113,194.8626
97.0,171.0,100.679665,137.81279,195.45363
97.0,170.0,98.51299,137.29437,217.30835
97.0,169.0,100.2759,149.3198,198.28462
97.0,168.0,99.74419,137.15137,195.40208
97.0,167.0,85.149574,126.80409,239.96696
97.0,166.0,97.108154,131.946,195.93004
97.0,165.0,84.5285,137.56598,205.7131
97.0,164.0,88.542534,132.77342,197.02318
97.0,163.0,92.9718,122.253746,181.76047
97.0,162.0,91.58448,124.56143,190.00633
97.0,161.0,88.76544,119.49575,192.49025
97.0,160.0,96.12415,121.41491,198.4224
97.0,159.0,102.3543,131.26364,207.95555
97.0,158.0,93.20809,131.20993,203.24855
97.0,157.0,89.52319,130.25891,230.46547
97.0,156.0,93.945015,111.555,207.0361
97.0,155.0,88.62807,127.81129,167.75145
97.0,154.0,93.70164,130.02307,187.08296
97.0,153.0,87.721275,120.72742,192.54134
97.0,152.0,92.574715,128.35924,203.62077
97.0,151.0,88.41921,115.51753,173.22917
97.0,150.0,96.390816,126.06912,162.79845
97.0,149.0,73.26217,128.68567,229.05484
97.0,148.0,92.92067,130.79295,216.35785
97.0,147.0,100.507065,119.90113,217.07968
97.0,146.0,84.89903,129.66058,222.57439
97.0,145.0,92.37457,131.03487,200.2436
97.0,144.0,93.24756,123.78753,178.86557
97.0,143.0,83.17943,135.61896,175.90204
97.0,142.0,74.843414,122.39334,181.08049
97.0,141.0,76.577194,114.819405,186.20059
97.0,140.0,66.272,114.817566,191.97638
97.0,139.0,94.14507,115.09022,187.29843
97.0,138.0,92.42002,119.75489,184.9233
97.0,137.0,94.737305,126.04931,192.78412
97.0,136.0,93.85685,122.46148,181.6207
97.0,135.0,96.348595,124.17882,212.73332
97.0,134.0,79.183365,105.3737,159.8901
97.0,133.0,82.67222,116.6584,170.00858
97.0,132.0,87.65767,112.09573,216.54492
97.0,131.0,88.62755,114.88979,198.62625
97.0,130.0,83.06801,113.92576,140.02917
97.0,129.0,84.56395,125.36658,139.04443
97.0,128.0,95.122696,121.837166,185.55444
97.0,127.0,81.305756,111.252174,160.43716
97.0,126.0,88.97418,112.595474,180.1048
97.0,125.0,98.61748,111.300514,173.44707
97.0,124.0,78.4606,107.26999,150.74083
97.0,123.0,88.64005,111.669426,166.88487
97.0,122.0,96.978806,109.93784,178.97334
97.0,121.0,82.60987,107.81593,181.24512
97.0,120.0,82.60589,111.24716,165.62137
97.0,119.0,68.254364,115.70657,157.84627
97.0,118.0,83.20694,119.87701,186.36363
97.0,117.0,69.70624,106.12633,163.15633
97.0,116.0,70.415184,100.984535,173.82242
97.0,115.0,72.00342,110.49848,141.22441
97.0,114.0,80.744446,112.62468,155.98117
97.0,113.0,81.79505,110.86175,148.0585
97.0,112.0,85.00847,98.92432,124.77263
97.0,111.0,82.04725,107.63107,126.585396
97.0,110.0,77.44351,121.142044,152.49852
97.0,109.0,85.57669,113.514786,172.13457
97.0,108.0,78.84903,108.85749,165.04507
97.0,107.0,82.67055,119.42779,167.4127
97.0,106.0,76.62755,107.38139,194.49709
97.0,105.0,80.67207,113.043816,148.67896
97.0,104.0,96.43767,103.15286,141.55194
97.0,103.0,87.02913,101.3821,160.78839
97.0,102.0,78.70545,106.20314,155.13005
97.0,101.0,86.535126,106.81175,157.43063
97.0,100.0,74.78825,96.96226,118.71765
97.0,99.0,97.16051,106.101715,148.11205
97.0,98.0,74.333305,106.764694,156.60042
97.0,97.0,82.86887,106.69798,154.80196
97.0,96.0,76.54163,109.11542,127.95965
97.0,95.0,78.21885,104.41476,165.68323
97.0,94.0,76.82105,111.102264,155.29376
97.0,93.0,66.25808,99.857346,135.56844
97.0,92.0,65.72309,102.94712,153.98074
97.0,91.0,82.12362,113.2944,159.90211
97.0,90.0,79.11894,101.53831,139.46793
97.0,89.0,69.54649,95.56877,104.33096
97.0,88.0,67.79347,97.66082,109.421646
97.0,87.0,64.51922,97.03374,124.99065
97.0,86.0,57.876335,102.944626,142.78352
97.0,85.0,68.92022,96.474724,144.99104
97.0,84.0,77.203865,107.719765,140.14851
97.0,83.0,74.87358,96.744514,131.61476
97.0,82.0,66.64702,85.053185,107.29972
98.0,149.0,79.57174,134.4661,245.08144
98.0,148.0,78.89668,116.927864,197.51332
98.0,147.0,82.59818,110.57311,205.22444
98.0,146.0,64.11936,122.79247,204.65201
98.0,145.0,60.341114,107.95428,222.96138
98.0,144.0,71.077385,112.40586,212.6594
98.0,143.0,82.12268,116.27349,222.15443
98.0,142.0,79.91597,111.589935,233.28677
98.0,141.0,71.42245,108.47207,207.68698
98.0,140.0,64.01785,108.310936,223.29282
98.0,139.0,71.77499,112.814026,240.79178
98.0,138.0,72.643684,113.08563,241.59856
98.0,137.0,80.52965,111.719505,245.31987
98.0,136.0,72.39028,108.44212,239.69447
98.0,135.0,72.68121,109.670265,214.60672
98.0,134.0,78.889565,103.938995,200.78773
98.0,133.0,86.186615,116.59184,206.85858
98.0,132.0,86.945435,103.11707,204.16211
98.0,131.0,69.73621,101.372574,216.78012
98.0,130.0,69.49956,97.86144,200.52728
98.0,129.0,58.5299,109.33542,187.99377
98.0,128.0,68.690186,96.537895,168.21106
98.0,127.0,59.818146,100.35999,158.45024
98.0,126.0,60.528023,101.26217,178.46654
98.0,125.0,92.69846,108.14399,176.59409
98.0,124.0,65.43439,110.658676,211.37193
98.0,123.0,74.537415,102.60919,194.94574
98.0,122.0,76.40829,118.87036,193.80766
98.0,121.0,77.87433,120.772484,216.03378
98.0,120.0,75.27239,110.753815,229.3515
98.0,119.0,75.53504,112.49352,228.08305
98.0,118.0,63.45188,101.988396,211.34532
98.0,117.0,63.63231,92.87984,208.59676
98.0,116.0,70.94748,92.64417,171.06871
98.0,115.0,62.869835,89.02253,191.56233
98.0,114.0,66.81683,101.95769,194.9678
98.0,113.0,61.63759,94.0849,160.0486
98.0,112.0,59.875084,100.1625,157.89276
98.0,111.0,67.34694,95.37349,175.28789
98.0,110.0,69.079636,110.067795,192.422
98.0,109.0,69.21544,121.79721,178.7515
98.0,108.0,70.70085,102.22749,174.58078
98.0,107.0,71.27786,103.21986,214.27155
98.0,106.0,59.621773,103.9303,175.20135
98.0,105.0,58.27536,105.54304,166.82079
98.0,104.0,70.09235,105.21543,196.24721
98.0,103.0,64.22908,101.99127,232.95508
98.0,102.0,65.66879,104.26599,181.20374
98.0,101.0,55.30949,101.508514,178.13217
98.0,100.0,63.25083,109.16468,153.33406
98.0,99.0,51.0851,93.06808,220.15079
98.0,98.0,53.11292,97.60617,163.13225
98.0,97.0,52.44354,92.52807,160.8038
98.0,96.0,59.010624,85.29353,164.75266
98.0,95.0,54.370483,98.35212,161.84763
98.0,94.0,58.903374,97.631,163.7275
98.0,93.0,63.536606,103.16639,174.68579
98.0,92.0,61.553974,103.41021,203.50726
98.0,91.0,56.008327,107.62316,184.08253
98.0,90.0,65.4208,106.88031,106.71443
98.0,89.0,63.934948,106.598755,153.25558
98.0,88.0,61.002922,98.76167,147.05946
98.0,87.0,74.9358,114.23262,173.92534
98.0,86.0,76.87234,101.82325,219.10486
98.0,85.0,71.651596,108.64323,186.7429
98.0,84.0,65.23343,108.190994,186.73254
98.0,83.0,71.021416,104.76062,169.94624
98.0,82.0,61.18116,99.90462,185.81575
98.0,81.0,69.543495,100.48047,207.88211
98.0,80.0,67.17791,107.326355,169.13779
98.0,79.0,56.57709,108.385895,181.96321
98.0,78.0,55.833378,105.13703,134.34216
98.0,77.0,67.29614,96.30466,163.29044
98.0,76.0,59.717194,89.29955,133.12674
98.0,75.0,58.330563,89.34251,131.14047
98.0,74.0,63.51104,96.54668,169.21164
98.0,73.0,58.31798,108.760345,150.9721
98.0,72.0,64.79302,106.27496,156.28317
98.0,71.0,59.387733,105.37858,142.81032
98.0,70.0,54.735542,108.34167,157.36287
98.0,69.0,44.138035,98.18098,136.57457
98.0,68.0,47.028797,94.594444,168.86913
98.0,67.0,49.838535,88.52335,126.556816
98.0,66.0,62.816174,85.716576,155.02307
98.0,65.0,46.743504,101.05521,128.87807
98.0,64.0,55.18606,96.451126,137.48929
98.0,63.0,62.00012,102.27692,144.70302
98.0,62.0,61.04211,108.45142,121.81207
98.0,61.0,54.44233,94.65437,150.6695
98.0,60.0,46.900543,76.9694,120.95749
98.0,59.0,49.55583,76.17229,118.05408
99.0,183.0,120.38902,170.7499,198.25699
99.0,182.0,119.09147,163.92143,216.25919
99.0,181.0,112.228874,166.92918,217.45042
99.0,180.0,126.86673,164.47339,241.51964
99.0,179.0,116.27346,160.28477,244.67262
99.0,178.0,119.18797,169.72675,206.77887
99.0,177.0,117.04215,165.41391,194.13971
99.0,176.0,119.07643,167.15263,192.40161
99.0,175.0,114.261856,167.87271,214.23857
99.0,174.0,114.29292,166.7107,198.99196
99.0,173.0,116.2486,166.27245,198.12488
99.0,172.0,101.97945,169.39944,208.74905
99.0,171.0,113.61773,174.34726,176.50229
99.0,170.0,119.133064,171.06422,253.16782
99.0,169.0,117.092064,153.59737,215.64496
99.0,168.0,123.545876,152.03897,202.65431
99.0,167.0,125.13909,161.81987,212.44049
99.0,166.0,107.722885,160.53925,203.23975
99.0,165.0,111.17765,160.1069,213.50095
99.0,164.0,113.44714,170.96675,222.12051
99.0,163.0,126.373146,172.98074,196.35062
99.0,162.0,120.581375,156.73999,188.9434
99.0,161.0,122.46849,175.80074,200.15764
99.0,160.0,119.01914,166.09889,235.13377
99.0,159.0,122.963455,171.09901,179.60283
99.0,158.0,120.923134,169.6361,202.21608
99.0,157.0,120.50148,173.28137,210.88622
99.0,156.0,118.5499,163.3458,202.55002
99.0,155.0,110.981606,169.328,204.86852
99.0,154.0,113.13402,175.17491,213.24565
99.0,153.0,111.70361,169.8916,233.0923
99.0,152.0,114.06503,164.93085,204.94499
99.0,151.0,123.04321,161.91908,226.02286
99.0,150.0,127.53436,168.24112,199.93327
99.0,149.0,136.5721,169.65578,205.57907
99.0,148.0,113.08514,168.01654,203.5003
99.0,147.0,109.35236,155.0018,216.79552
99.0,146.0,108.79678,158.84364,205.3595
99.0,145.0,115.84138,158.60477,229.61432
99.0,144.0,109.47946,163.4788,216.15169
99.0,143.0,136.12552,160.2366,215.92953
99.0,142.0,115.33226,164.3122,222.02089
99.0,141.0,168.49861,169.3166,203.1033
99.0,140.0,116.93261,159.5718,193.98544
99.0,139.0,111.76698,151.0137,216.52083
99.0,138.0,110.10377,150.2571,193.3715
99.0,137.0,117.78875,170.92279,213.40527
99.0,136.0,114.57385,153.97949,199.45473
99.0,135.0,115.21197,161.47693,200.62865
99.0,134.0,121.117256,159.30542,209.88515
99.0,133.0,115.47917,158.11815,217.4976
99.0,132.0,112.092735,145.61873,200.26071
99.0,131.0,143.36703,143.27881,185.99977
99.0,130.0,112.413574,160.59271,174.4278
99.0,129.0,121.242485,163.27554,185.60399
99.0,128.0,111.87311,154.17348,197.8741
99.0,127.0,115.51365,150.37108,208.54272
99.0,126.0,116.38994,160.2996,197.13437
99.0,125.0,100.92519,155.09972,217.25865
99.0,124.0,109.302666,149.25592,190.80357
99.0,123.0,109.34847,156.51825,171.98964
99.0,122.0,111.54973,153.94615,219.12033
99.0,121.0,119.79059,151.72969,182.25354
99.0,120.0,107.91088,153.23026,208.13484
99.0,119.0,113.323135,162.10355,199.66591
99.0,118.0,106.11792,137.3715,192.50676
99.0,117.0,108.459435,143.86485,188.39928
100.0,187.0,100.05315,136.67685,221.22414
100.0,186.0,95.33796,159.96512,239.72264
100.0,185.0,105.55811,138.79987,211.22571
100.0,184.0,98.421524,142.81665,239.72842
100.0,183.0,90.66642,146.1358,288.9825
100.0,182.0,100.87299,142.25755,225.78757
100.0,181.0,100.35315,132.37558,276.3899
100.0,180.0,102.81898,144.46916,225.33908
100.0,179.0,102.04203,151.73071,236.55801
100.0,178.0,106.65251,156.11954,248.32646
100.0,177.0,108.61224,154.62004,243.42441
100.0,176.0,104.75866,155.58623,279.344
100.0,175.0,107.35116,153.041,220.88641
100.0,174.0,113.11829,156.17116,267.50476
100.0,173.0,110.256325,151.12794,251.99403
100.0,172.0,97.35279,148.03302,213.23218
100.0,171.0,101.09906,147.07962,230.00374
100.0,170.0,97.57352,161.18956,237.61998
100.0,169.0,105.02094,155.75298,240.18787
100.0,168.0,102.23388,147.85068,230.45966
100.0,167.0,97.20115,136.0612,211.01462
100.0,166.0,100.036446,139.68501,198.8462
100.0,165.0,106.89521,145.08762,239.09529
100.0,164.0,101.02643,158.33667,233.2186
100.0,163.0,99.66713,140.85422,235.8997
100.0,162.0,109.839226,147.63171,233.86838
100.0,161.0,108.43154,146.71605,232.1879
100.0,160.0,116.52538,148.82945,245.4036
100.0,159.0,99.73681,140.70625,230.80692
100.0,158.0,112.809525,137.76877,244.1772
100.0,157.0,97.12535,126.3823,209.72461
100.0,156.0,94.73049,114.056206,238.4461
100.0,155.0,109.405876,126.357864,209.57593
100.0,154.0,94.47989,129.70102,208.15988
100.0,153.0,101.59388,124.88616,258.69107
100.0,152.0,111.34247,142.5684,249.53667
100.0,151.0,104.86795,150.77547,231.28699
100.0,150.0,113.912506,149.12822,190.91394
100.0,149.0,101.09244,138.4795,250.6016
100.0,148.0,98.9821,151.18434,199.76465
100.0,147.0,97.0848,134.99416,224.79944
100.0,146.0,89.19435,132.01582,232.73898
100.0,145.0,83.759766,127.29788,242.43689
100.0,144.0,104.19977,139.48792,213.69823
100.0,143.0,93.29917,134.33783,220.02272
100.0,142.0,131.16115,130.41623,246.67072
100.0,141.0,92.97618,119.69522,207.53265
100.0,140.0,87.2869,125.09374,229.83902
100.0,139.0,87.36859,108.77956,214.7627
100.0,138.0,83.59236,119.22208,197.35782
100.0,137.0,96.43532,125.37103,230.16655
100.0,136.0,93.55938,129.33197,221.98001
100.0,135.0,92.42908,136.58716,219.81326
100.0,134.0,100.92263,150.54237,273.32135
100.0,133.0,104.067924,144.94832,240.30777
100.0,132.0,106.183716,144.3706,242.26286
100.0,131.0,111.33547,143.46892,209.7521
100.0,130.0,101.95108,123.19985,215.2241
100.0,129.0,95.6295,134.09264,207.42496
100.0,128.0,81.06064,134.4611,208.82703
100.0,127.0,104.59899,131.28023,228.59592
100.0,126.0,99.485634,133.05373,220.87642
100.0,125.0,108.78834,129.69635,209.10696
100.0,124.0,91.262505,133.46046,221.22649
100.0,123.0,93.970245,109.46858,211.49068
100.0,122.0,103.27489,118.424545,247.36731
100.0,121.0,92.43123,108.81634,195.84164
100.0,120.0,82.60836,122.65047,209.35733
100.0,119.0,91.771095,125.05375,197.07796
100.0,118.0,91.22773,125.98862,214.59312
100.0,117.0,102.70755,130.96538,226.1419
100.0,116.0,96.66473,130.10365,263.74182
100.0,115.0,93.437416,111.86789,214.74475
100.0,114.0,97.1488,123.18756,216.42833
100.0,113.0,94.59931,126.27781,194.66338
100.0,112.0,89.088356,131.52344,203.43784
100.0,111.0,95.21583,123.624886,207.1306
100.0,110.0,92.48834,117.27408,211.5733
100.0,109.0,102.79366,118.759575,200.68538
100.0,108.0,86.21119,109.53656,178.98056
100.0,107.0,88.15862,118.58968,235.78493
100.0,106.0,86.11422,117.25534,202.47755
100.0,105.0,84.63076,111.624054,198.36118
100.0,104.0,87.72422,116.080864,185.46326
100.0,103.0,86.967445,112.39851,210.7109
100.0,102.0,78.44945,110.92177,183.91698
100.0,101.0,86.15619,118.23875,233.35254
100.0,100.0,84.365524,111.27782,233.90068
100.0,99.0,90.26974,114.35577,192.06796
100.0,98.0,87.573326,105.04902,183.85187
100.0,97.0,83.55182,100.934425,183.08965
100.0,96.0,90.094696,118.622795,160.33977
100.0,95.0,95.270584,114.570915,155.35263
100.0,94.0,85.140724,116.09247,176.45935
100.0,93.0,88.33771,122.869286,166.52318
100.0,92.0,87.53781,111.496346,173.22926
100.0,91.0,81.04987,103.63428,149.69833
100.0,90.0,87.21537,103.17043,157.86182
100.0,89.0,73.99951,113.874565,162.6716
100.0,88.0,73.60843,112.52576,136.24474
100.0,87.0,64.458855,101.53214,147.75719
100.0,86.0,71.56991,85.11673,162.29703
100.0,85.0,61.014423,95.235054,154.84131
100.0,84.0,80.6365,90.10019,134.1557
100.0,83.0,78.56385,103.70732,130.04556
100.0,82.0,78.185486,98.409325,131.53261
100.0,81.0,72.15819,101.057976,129.0382
100.0,80.0,73.65129,97.711006,155.64536
100.0,79.0,73.042,97.66402,130.26433
100.0,78.0,69.980156,82.358,112.96938
100.0,77.0,76.15348,107.91855,116.50346
100.0,76.0,78.10659,98.953064,121.534584
100.0,75.0,75.96263,106.16165,121.09612
100.0,74.0,87.19132,95.6813,111.96419
100.0,73.0,80.83484,96.59181,119.00613
100.0,72.0,77.41535,84.916016,107.69887
100.0,71.0,77.36946,95.82196,113.376785
100.0,70.0,70.851555,87.58648,93.9797
100.0,69.0,79.59868,82.33764,94.0951
100.0,68.0,76.99758,79.7573,92.595055
100.0,67.0,69.36269,80.17777,116.496216
100.0,66.0,67.66704,78.11956,95.78429
100.0,65.0,53.30768,75.86651,100.58067
100.0,64.0,68.80504,82.46624,78.31919
100.0,63.0,66.18476,71.647575,85.67292
100.0,62.0,54.04653,65.697174,80.04301
100.0,61.0,53.38476,64.332794,72.53796
100.0,60.0,65.911446,69.86043,81.08484
100.0,59.0,68.86522,67.32207,72.01256
100.0,58.0,55.46157,70.6919,78.08207
100.0,57.0,64.92697,61.972412,68.734886
100.0,56.0,48.600563,69.30592,88.88852
100.0,55.0,52.461124,57.498295,81.37329
100.0,54.0,47.32777,56.951744,87.91012
100.0,53.0,50.76249,56.739754,75.903595
100.0,52.0,59.469845,59.368397,76.42176
100.0,51.0,47.795296,51.71265,74.24862
100.0,50.0,43.139507,49.481052,63.60495
100.0,49.0,32.842022,53.230614,66.74459
100.0,48.0,59.00748,49.08445,72.95475
100.0,47.0,50.040844,52.22204,83.22445
100.0,46.0,33.63069,48.51199,69.98883
100.0,45.0,42.908592,53.055153,75.981705
100.0,44.0,38.187347,44.906654,73.825386
100.0,43.0,39.466553,44.17686,72.407135
100.0,42.0,44.089375,44.12617,58.953556
100.0,41.0,35.332844,45.079674,70.59486
100.0,40.0,28.12701,40.292747,48.736977
100.0,39.0,30.089409,38.83485,72.249435
100.0,38.0,33.65252,40.97419,75.550095
100.0,37.0,32.658134,39.098446,69.65193
100.0,36.0,33.9351,39.651947,48.936188
100.0,35.0,29.241385,40.998577,62.912422
100.0,34.0,31.49761,40.247265,59.92633
100.0,33.0,32.95422,34.847725,54.87651
100.0,32.0,30.194487,32.095165,49.51044
100.0,31.0,28.843044,34.94583,50.474094
100.0,30.0,19.983404,27.902498,45.923866
100.0,29.0,22.656656,30.911245,44.8323
100.0,28.0,23.745016,24.754381,49.630642
100.0,27.0,22.571968,27.648464,49.440193
100.0,26.0,24.44214,33.680447,40.633205
100.0,25.0,16.890762,27.846794,50.237175
100.0,24.0,17.772526,26.793144,66.673485
100.0,23.0,13.045869,23.68454,43.193474
100.0,22.0,13.220624,22.36051,27.497183
100.0,21.0,20.010336,24.476921,39.589024
100.0,20.0,15.592304,24.469059,43.585915
